PROV1;Stormwind;Stormwind;Stormwind;;;;;;;;;x
PROV6;Goldshire;Goldshire;Goldshire;;;;;;;;;x
PROV7;Northshire;Northshire;Northshire;;;;;;;;;x
PROV8;Northfield;Northfield;Northfield;;;;;;;;;x
PROV9;Westbrook;Westbrook;Westbrook;;;;;;;;;x
PROV10;Southmead;Southmead;Southmead;;;;;;;;;x
PROV11;Stonefield;Stonefield;Stonefield;;;;;;;;;x
PROV12;Sunnyglade;Sunnyglade;Sunnyglade;;;;;;;;;x
PROV13;Tower of Azora;Tower of Azora;Tower of Azora;;;;;;;;;x
PROV14;Eastvale;Eastvale;Eastvale;;;;;;;;;x
PROV15;Lonely Tower;Lonely Tower;Lonely Tower;;;;;;;;;x
PROV16;Stonecairn;Stonecairn;Stonecairn;;;;;;;;;x
PROV17;Moonbrook;Moonbrook;Moonbrook;;;;;;;;;x
PROV18;Sandfoot;Sandfoot;Sandfoot;;;;;;;;;x
PROV19;Fulbrow;Fulbrow;Fulbrow;;;;;;;;;x
PROV20;Molsen;Molsen;Molsen;;;;;;;;;x
PROV21;Lakeshire;Lakeshire;Lakeshire;;;;;;;;;x
PROV22;Three Corners;Three Corners;Three Corners;;;;;;;;;x
PROV23;Lakeridge;Lakeridge;Lakeridge;;;;;;;;;x
PROV24;Alther;Alther;Alther;;;;;;;;;x
PROV25;Blackrock Pass;Blackrock Pass;Blackrock Pass;;;;;;;;;x
PROV27;Gold Coast;Gold Coast;Gold Coast;;;;;;;;;x
PROV28;Longshore;Longshore;Longshore;;;;;;;;;x
PROV29;Sentinel Hill;Sentinel Hill;Sentinel Hill;;;;;;;;;x
PROV30;Demont;Demont;Demont;;;;;;;;;x
PROV31;Dust Plains;Dust Plains;Dust Plains;;;;;;;;;x
PROV32;Mortwake's Tower;Mortwake's Tower;Mortwake's Tower;;;;;;;;;x
PROV33;Redridge Canyons;Redridge Canyons;Redridge Canyons;;;;;;;;;x
PROV34;Shalewind;Shalewind;Shalewind;;;;;;;;;x
PROV35;Galardell;Galardell;Galardell;;;;;;;;;x
PROV36;Highland Path;Highland Path;Highland Path;;;;;;;;;x
PROV37;Grand Hamlet;Grand Hamlet;Grand Hamlet;;;;;;;;;x
PROV38;Brightwood Grove;Brightwood Grove;Brightwood Grove;;;;;;;;;x
PROV39;Tranquil Gardens;Tranquil Gardens;Tranquil Gardens;;;;;;;;;x
PROV40;Richgarden;Richgarden;Richgarden;;;;;;;;;x
PROV41;Yorgen;Yorgen;Yorgen;;;;;;;;;x
PROV42;Great Mound;Great Mound;Great Mound;;;;;;;;;x
PROV43;Addle;Addle;Addle;;;;;;;;;x
PROV44;Raven Hill;Raven Hill;Raven Hill;;;;;;;;;x
PROV45;Twilight Grove;Twilight Grove;Twilight Grove;;;;;;;;;x
PROV46;Karazhan;Karazhan;Karazhan;;;;;;;;;x
PROV47;Deadman's Pass;Deadman's Pass;Deadman's Pass;;;;;;;;;x
PROV49;Vice;Vice;Vice;;;;;;;;;x
PROV50;Zul'gurub;Zul'gurub;Zul'gurub;;;;;;;;;x
PROV51;Ren'kunn;Ren'kunn;Ren'kunn;;;;;;;;;x
PROV52;Gokuntea;Gokuntea;Gokuntea;;;;;;;;;x
PROV53;Zul'marash;Zul'marash;Zul'marash;;;;;;;;;x
PROV54;Bambala;Bambala;Bambala;;;;;;;;;x
PROV55;Southreach;Southreach;Southreach;;;;;;;;;x
PROV56;Olriar;Olriar;Olriar;;;;;;;;;x
PROV57;Kulo'ke;Kulo'ke;Kulo'ke;;;;;;;;;x
PROV58;Ziata'jai;Ziata'jai;Ziata'jai;;;;;;;;;x
PROV59;Balia'mah;Balia'mah;Balia'mah;;;;;;;;;x
PROV60;Zul'mamwe;Zul'mamwe;Zul'mamwe;;;;;;;;;x
PROV61;Zul'kunda;Zul'kunda;Zul'kunda;;;;;;;;;x
PROV62;Tkashi;Tkashi;Tkashi;;;;;;;;;x
PROV63;Kal'ai;Kal'ai;Kal'ai;;;;;;;;;x
PROV64;Bal'lal;Bal'lal;Bal'lal;;;;;;;;;x
PROV65;Zuuldaia;Zuuldaia;Zuuldaia;;;;;;;;;x
PROV66;Mizjah;Mizjah;Mizjah;;;;;;;;;x
PROV67;Nether Hill;Nether Hill;Nether Hill;;;;;;;;;x
PROV68;Rockard;Rockard;Rockard;;;;;;;;;x
PROV69;Rosestone;Rosestone;Rosestone;;;;;;;;;x
PROV70;Dreadmaul;Dreadmaul;Dreadmaul;;;;;;;;;x
PROV71;Agneepath;Agneepath;Agneepath;;;;;;;;;x
PROV72;Dul'zin;Dul'zin;Dul'zin;;;;;;;;;x
PROV73;Dark Portal;Dark Portal;Dark Portal;;;;;;;;;x
PROV74;Xawie;Xawie;Xawie;;;;;;;;;x
PROV75;Deihsei;Deihsei;Deihsei;;;;;;;;;x
PROV76;Shindun;Shindun;Shindun;;;;;;;;;x
PROV77;Xoojith;Xoojith;Xoojith;;;;;;;;;x
PROV78;Binanu;Binanu;Binanu;;;;;;;;;x
PROV79;Surwich;Surwich;Surwich;;;;;;;;;x
PROV80;Dead Ravine;Dead Ravine;Dead Ravine;;;;;;;;;x
PROV81;Atal'hakkar;Atal'hakkar;Atal'hakkar;;;;;;;;;x
PROV82;Splinter Junction;Splinter Junction;Splinter Junction;;;;;;;;;x
PROV83;Misty Valley;Misty Valley;Misty Valley;;;;;;;;;x
PROV84;Harborage;Harborage;Harborage;;;;;;;;;x
PROV85;Stonard;Stonard;Stonard;;;;;;;;;x
PROV86;South Slough;South Slough;South Slough;;;;;;;;;x
PROV87;North Slough;North Slough;North Slough;;;;;;;;;x
PROV88;Stagalbog;Stagalbog;Stagalbog;;;;;;;;;x
PROV89;Rotten Beach;Rotten Beach;Rotten Beach;;;;;;;;;x
PROV90;Marshtide;Marshtide;Marshtide;;;;;;;;;x
PROV91;Wild Cape;Wild Cape;Wild Cape;;;;;;;;;x
PROV92;Sorrowmurk;Sorrowmurk;Sorrowmurk;;;;;;;;;x
PROV93;Bogpaddle;Bogpaddle;Bogpaddle;;;;;;;;;x
PROV94;South Islands;South Islands;South Islands;;;;;;;;;x
PROV95;Surohi;Surohi;Surohi;;;;;;;;;x
PROV96;Lu'dei;Lu'dei;Lu'dei;;;;;;;;;x
PROV97;Hardwrench;Hardwrench;Hardwrench;;;;;;;;;x
PROV98;Nek'mani;Nek'mani;Nek'mani;;;;;;;;;x
PROV99;Kihmu;Kihmu;Kihmu;;;;;;;;;x
PROV100;Vekrishe;Vekrishe;Vekrishe;;;;;;;;;x
PROV101;Fikinnun;Fikinnun;Fikinnun;;;;;;;;;x
PROV102;Ironforge;Ironforge;Ironforge;;;;;;;;;x
PROV103;Blackrock Depths;Blackrock Depths;Blackrock Depths;;;;;;;;;x
PROV104;Blackrock Spire;Blackrock Spire;Blackrock Spire;;;;;;;;;x
PROV105;Redhelm;Redhelm;Redhelm;;;;;;;;;x
PROV106;Redpath;Redpath;Redpath;;;;;;;;;x
PROV107;Cavefall;Cavefall;Cavefall;;;;;;;;;x
PROV108;Chiselgrip;Chiselgrip;Chiselgrip;;;;;;;;;x
PROV109;Thaurissan;Thaurissan;Thaurissan;;;;;;;;;x
PROV110;Hugdiuhr;Hugdiuhr;Hugdiuhr;;;;;;;;;x
PROV111;Khalfok;Khalfok;Khalfok;;;;;;;;;x
PROV112;Joumindan;Joumindan;Joumindan;;;;;;;;;x
PROV113;Borual;Borual;Borual;;;;;;;;;x
PROV114;Ogderm;Ogderm;Ogderm;;;;;;;;;x
PROV115;Bhurdak;Bhurdak;Bhurdak;;;;;;;;;x
PROV116;Blackchar;Blackchar;Blackchar;;;;;;;;;x
PROV117;Rondagg;Rondagg;Rondagg;;;;;;;;;x
PROV118;Darrarhor;Darrarhor;Darrarhor;;;;;;;;;x
PROV119;Domdith;Domdith;Domdith;;;;;;;;;x
PROV120;Brudarn;Brudarn;Brudarn;;;;;;;;;x
PROV121;Drognur;Drognur;Drognur;;;;;;;;;x
PROV122;Bhudann;Bhudann;Bhudann;;;;;;;;;x
PROV123;Brugodun;Brugodun;Brugodun;;;;;;;;;x
PROV124;Ohuldum;Ohuldum;Ohuldum;;;;;;;;;x
PROV125;Tyhmoger;Tyhmoger;Tyhmoger;;;;;;;;;x
PROV126;Egudarm;Egudarm;Egudarm;;;;;;;;;x
PROV127;Red Desert;Red Desert;Red Desert;;;;;;;;;x
PROV128;Dustwind;Dustwind;Dustwind;;;;;;;;;x
PROV129;Lethlor;Lethlor;Lethlor;;;;;;;;;x
PROV130;Gundorm;Gundorm;Gundorm;;;;;;;;;x
PROV131;Ermurn;Ermurn;Ermurn;;;;;;;;;x
PROV132;Helm's Bed;Helm's Bed;Helm's Bed;;;;;;;;;x
PROV133;Northgate;Northgate;Northgate;;;;;;;;;x
PROV134;Gol'bolar;Gol'bolar;Gol'bolar;;;;;;;;;x
PROV135;Amberroad;Amberroad;Amberroad;;;;;;;;;x
PROV136;Tundrid Hills;Tundrid Hills;Tundrid Hills;;;;;;;;;x
PROV137;Ice Pass;Ice Pass;Ice Pass;;;;;;;;;x
PROV138;Kharanos;Kharanos;Kharanos;;;;;;;;;x
PROV139;Irongate;Irongate;Irongate;;;;;;;;;x
PROV140;Shimmer Ridge;Shimmer Ridge;Shimmer Ridge;;;;;;;;;x
PROV141;Coldridge Pass;Coldridge Pass;Coldridge Pass;;;;;;;;;x
PROV142;Anvilmar;Anvilmar;Anvilmar;;;;;;;;;x
PROV143;Coldridge Valley;Coldridge Valley;Coldridge Valley;;;;;;;;;x
PROV144;Hiding Valley;Hiding Valley;Hiding Valley;;;;;;;;;x
PROV145;Storm Ravine;Storm Ravine;Storm Ravine;;;;;;;;;x
PROV146;Gnomeregan;Gnomeregan;Gnomeregan;;;;;;;;;x
PROV147;Icewind Pass;Icewind Pass;Icewind Pass;;;;;;;;;x
PROV148;Icewind Valley;Icewind Valley;Icewind Valley;;;;;;;;;x
PROV149;New Tinkertown;New Tinkertown;New Tinkertown;;;;;;;;;x
PROV150;Frostmane;Frostmane;Frostmane;;;;;;;;;x
PROV151;Frozen Pass;Frozen Pass;Frozen Pass;;;;;;;;;x
PROV152;South Coldwater;South Coldwater;South Coldwater;;;;;;;;;x
PROV153;North Coldwater;North Coldwater;North Coldwater;;;;;;;;;x
PROV154;Thelsamar;Thelsamar;Thelsamar;;;;;;;;;x
PROV155;Stonyglade;Stonyglade;Stonyglade;;;;;;;;;x
PROV156;Narrowhill;Narrowhill;Narrowhill;;;;;;;;;x
PROV157;Stonesplinter Valley;Stonesplinter Valley;Stonesplinter Valley;;;;;;;;;x
PROV158;Hidden Ravine;Hidden Ravine;Hidden Ravine;;;;;;;;;x
PROV159;Greenhills;Greenhills;Greenhills;;;;;;;;;x
PROV160;Stonewrought Dam;Stonewrought Dam;Stonewrought Dam;;;;;;;;;x
PROV161;Valley of Kings;Valley of Kings;Valley of Kings;;;;;;;;;x
PROV162;Silverstream;Silverstream;Silverstream;;;;;;;;;x
PROV163;North Crossroads;North Crossroads;North Crossroads;;;;;;;;;x
PROV164;Loch Islands;Loch Islands;Loch Islands;;;;;;;;;x
PROV165;Southgate;Southgate;Southgate;;;;;;;;;x
PROV166;Grim Batol;Grim Batol;Grim Batol;;;;;;;;;x
PROV167;Wyrm's Bend;Wyrm's Bend;Wyrm's Bend;;;;;;;;;x
PROV168;Wildpass;Wildpass;Wildpass;;;;;;;;;x
PROV169;Vermillion;Vermillion;Vermillion;;;;;;;;;x
PROV170;Tiverfil;Tiverfil;Tiverfil;;;;;;;;;x
PROV171;Alberlin;Alberlin;Alberlin;;;;;;;;;x
PROV172;Thundermar;Thundermar;Thundermar;;;;;;;;;x
PROV173;Virid Forest;Virid Forest;Virid Forest;;;;;;;;;x
PROV174;Rugged Slopes;Rugged Slopes;Rugged Slopes;;;;;;;;;x
PROV175;Iron Ridge;Iron Ridge;Iron Ridge;;;;;;;;;x
PROV176;Thorvald Ravine;Thorvald Ravine;Thorvald Ravine;;;;;;;;;x
PROV177;Storm Cost;Storm Cost;Storm Cost;;;;;;;;;x
PROV178;Thunder Grove;Thunder Grove;Thunder Grove;;;;;;;;;x
PROV179;Windward Hills;Windward Hills;Windward Hills;;;;;;;;;x
PROV180;Stormclaw;Stormclaw;Stormclaw;;;;;;;;;x
PROV181;Quiet Highlands;Quiet Highlands;Quiet Highlands;;;;;;;;;x
PROV182;Dunwald;Dunwald;Dunwald;;;;;;;;;x
PROV183;Crucible of Tin;Crucible of Tin;Crucible of Tin;;;;;;;;;x
PROV184;Verrall Delta;Verrall Delta;Verrall Delta;;;;;;;;;x
PROV185;Severe Coast;Severe Coast;Severe Coast;;;;;;;;;x
PROV186;Cape of Fist;Cape of Fist;Cape of Fist;;;;;;;;;x
PROV187;Wildgulch;Wildgulch;Wildgulch;;;;;;;;;x
PROV188;Windward Slopes;Windward Slopes;Windward Slopes;;;;;;;;;x
PROV189;Flat Shore;Flat Shore;Flat Shore;;;;;;;;;x
PROV190;Verdant Forest;Verdant Forest;Verdant Forest;;;;;;;;;x
PROV191;Loose Cliffs;Loose Cliffs;Loose Cliffs;;;;;;;;;x
PROV192;Victor's Point;Victor's Point;Victor's Point;;;;;;;;;x
PROV193;Obsidian Hills;Obsidian Hills;Obsidian Hills;;;;;;;;;x
PROV194;Elementium Ravine;Elementium Ravine;Elementium Ravine;;;;;;;;;x
PROV195;Dead Highlands;Dead Highlands;Dead Highlands;;;;;;;;;x
PROV196;Low Islands;Low Islands;Low Islands;;;;;;;;;x
PROV197;Silverslopes;Silverslopes;Silverslopes;;;;;;;;;x
PROV198;Menethil Harbor;Menethil Harbor;Menethil Harbor;;;;;;;;;x
PROV199;Dun Algaz;Dun Algaz;Dun Algaz;;;;;;;;;x
PROV200;Mosshide Fen;Mosshide Fen;Mosshide Fen;;;;;;;;;x
PROV201;Upland Forest;Upland Forest;Upland Forest;;;;;;;;;x
PROV202;Slabchisel's Survey;Slabchisel's Survey;Slabchisel's Survey;;;;;;;;;x
PROV203;Dun Modr;Dun Modr;Dun Modr;;;;;;;;;x
PROV204;Bogplain;Bogplain;Bogplain;;;;;;;;;x
PROV205;Direforge;Direforge;Direforge;;;;;;;;;x
PROV206;Climbhill;Climbhill;Climbhill;;;;;;;;;x
PROV207;East Floodplain;East Floodplain;East Floodplain;;;;;;;;;x
PROV208;West Floodplain;West Floodplain;West Floodplain;;;;;;;;;x
PROV209;Saltspray Glen;Saltspray Glen;Saltspray Glen;;;;;;;;;x
PROV210;North Delta;North Delta;North Delta;;;;;;;;;x
PROV211;Central Delta;Central Delta;Central Delta;;;;;;;;;x
PROV212;South Delta;South Delta;South Delta;;;;;;;;;x
PROV213;Rocky Gorge;Rocky Gorge;Rocky Gorge;;;;;;;;;x
PROV214;Highgarde;Highgarde;Highgarde;;;;;;;;;x
PROV215;Highpoint;Highpoint;Highpoint;;;;;;;;;x
PROV216;Stromgarde;Stromgarde;Stromgarde;;;;;;;;;x
PROV217;South Highlands;South Highlands;South Highlands;;;;;;;;;x
PROV218;Old Gully;Old Gully;Old Gully;;;;;;;;;x
PROV219;Zolnanji;Zolnanji;Zolnanji;;;;;;;;;x
PROV220;Go'shek;Go'shek;Go'shek;;;;;;;;;x
PROV221;Windy Glen;Windy Glen;Windy Glen;;;;;;;;;x
PROV222;Dryhill;Dryhill;Dryhill;;;;;;;;;x
PROV223;Dabyrie;Dabyrie;Dabyrie;;;;;;;;;x
PROV224;Northighlands;Northighlands;Northighlands;;;;;;;;;x
PROV225;Greenhill;Greenhill;Greenhill;;;;;;;;;x
PROV226;Northreach;Northreach;Northreach;;;;;;;;;x
PROV227;Northfold;Northfold;Northfold;;;;;;;;;x
PROV228;Faldir's Cove;Faldir's Cove;Faldir's Cove;;;;;;;;;x
PROV229;West Coast;West Coast;West Coast;;;;;;;;;x
PROV230;Van'keiki;Van'keiki;Van'keiki;;;;;;;;;x
PROV231;East Coast;East Coast;East Coast;;;;;;;;;x
PROV232;Hillsbrad;Hillsbrad;Hillsbrad;;;;;;;;;x
PROV233;Durnholde;Durnholde;Durnholde;;;;;;;;;x
PROV234;Dun Garok;Dun Garok;Dun Garok;;;;;;;;;x
PROV235;Nethander Stead;Nethander Stead;Nethander Stead;;;;;;;;;x
PROV236;Eastpoint;Eastpoint;Eastpoint;;;;;;;;;x
PROV237;Southshore;Southshore;Southshore;;;;;;;;;x
PROV238;Darrow Hill;Darrow Hill;Darrow Hill;;;;;;;;;x
PROV239;Western Strand;Western Strand;Western Strand;;;;;;;;;x
PROV240;Southpoint;Southpoint;Southpoint;;;;;;;;;x
PROV241;Purgation Isle;Purgation Isle;Purgation Isle;;;;;;;;;x
PROV242;Tarren Mill;Tarren Mill;Tarren Mill;;;;;;;;;x
PROV243;Alterac;Alterac;Alterac;;;;;;;;;x
PROV244;Alterac Valley;Alterac Valley;Alterac Valley;;;;;;;;;x
PROV245;Headland;Headland;Headland;;;;;;;;;x
PROV246;Strahnbrad;Strahnbrad;Strahnbrad;;;;;;;;;x
PROV247;Ravenholdt;Ravenholdt;Ravenholdt;;;;;;;;;x
PROV248;Winfried;Winfried;Winfried;;;;;;;;;x
PROV249;Chillwind Pass;Chillwind Pass;Chillwind Pass;;;;;;;;;x
PROV250;Dalaran;Dalaran;Dalaran;;;;;;;;;x
PROV251;Dalaran's Hills;Dalaran's Hills;Dalaran's Hills;;;;;;;;;x
PROV252;Gilneas;Gilneas;Gilneas;;;;;;;;;x
PROV253;Ambermill;Ambermill;Ambermill;;;;;;;;;x
PROV254;Pele'ahjin;Pele'ahjin;Pele'ahjin;;;;;;;;;x
PROV255;Aerie Peak;Aerie Peak;Aerie Peak;;;;;;;;;x
PROV256;Hiri'watha;Hiri'watha;Hiri'watha;;;;;;;;;x
PROV257;Quel'danil;Quel'danil;Quel'danil;;;;;;;;;x
PROV258;Shadra'alor;Shadra'alor;Shadra'alor;;;;;;;;;x
PROV259;Sweet Ravine;Sweet Ravine;Sweet Ravine;;;;;;;;;x
PROV260;Jintha'alor;Jintha'alor;Jintha'alor;;;;;;;;;x
PROV261;Altar of Zul;Altar of Zul;Altar of Zul;;;;;;;;;x
PROV262;Agol'watha;Agol'watha;Agol'watha;;;;;;;;;x
PROV263;Skulk Rock;Skulk Rock;Skulk Rock;;;;;;;;;x
PROV264;Shaol'watha;Shaol'watha;Shaol'watha;;;;;;;;;x
PROV265;Lower Jintha'alor;Lower Jintha'alor;Lower Jintha'alor;;;;;;;;;x
PROV266;Revantusk;Revantusk;Revantusk;;;;;;;;;x
PROV267;Overlook Cliffs;Overlook Cliffs;Overlook Cliffs;;;;;;;;;x
PROV268;Seradane;Seradane;Seradane;;;;;;;;;x
PROV269;Lordaeron;Lordaeron;Lordaeron;;;;;;;;;x
PROV270;Lordamere;Lordamere;Lordamere;;;;;;;;;x
PROV271;Ferry;Ferry;Ferry;;;;;;;;;x
PROV272;South Tract;South Tract;South Tract;;;;;;;;;x
PROV273;Shadowfang;Shadowfang;Shadowfang;;;;;;;;;x
PROV274;Pyrewood;Pyrewood;Pyrewood;;;;;;;;;x
PROV275;Hothills;Hothills;Hothills;;;;;;;;;x
PROV277;Deep Elem;Deep Elem;Deep Elem;;;;;;;;;x
PROV278;Olsenfield;Olsenfield;Olsenfield;;;;;;;;;x
PROV279;Undernelly;Undernelly;Undernelly;;;;;;;;;x
PROV280;Dawning Isles;Dawning Isles;Dawning Isles;;;;;;;;;x
PROV281;Valganfield;Valganfield;Valganfield;;;;;;;;;x
PROV282;North Tide;North Tide;North Tide;;;;;;;;;x
PROV283;Skittering Dark;Skittering Dark;Skittering Dark;;;;;;;;;x
PROV284;Shining Strand;Shining Strand;Shining Strand;;;;;;;;;x
PROV285;Crowley;Crowley;Crowley;;;;;;;;;x
PROV286;Northwood;Northwood;Northwood;;;;;;;;;x
PROV287;Headlands;Headlands;Headlands;;;;;;;;;x
PROV288;Greybridge;Greybridge;Greybridge;;;;;;;;;x
PROV289;Emberstone;Emberstone;Emberstone;;;;;;;;;x
PROV290;Horseland;Horseland;Horseland;;;;;;;;;x
PROV291;Aderic;Aderic;Aderic;;;;;;;;;x
PROV292;Galewatch;Galewatch;Galewatch;;;;;;;;;x
PROV293;Ashbury;Ashbury;Ashbury;;;;;;;;;x
PROV294;Blackwald;Blackwald;Blackwald;;;;;;;;;x
PROV295;Stormglen;Stormglen;Stormglen;;;;;;;;;x
PROV296;Tempreach;Tempreach;Tempreach;;;;;;;;;x
PROV297;Koroth;Koroth;Koroth;;;;;;;;;x
PROV298;Hailwood;Hailwood;Hailwood;;;;;;;;;x
PROV299;Greymane;Greymane;Greymane;;;;;;;;;x
PROV300;Duskhaven;Duskhaven;Duskhaven;;;;;;;;;x
PROV301;Allenfield;Allenfield;Allenfield;;;;;;;;;x
PROV302;Hammondfield;Hammondfield;Hammondfield;;;;;;;;;x
PROV303;Hayward;Hayward;Hayward;;;;;;;;;x
PROV304;Brill;Brill;Brill;;;;;;;;;x
PROV305;Nightmare Vale;Nightmare Vale;Nightmare Vale;;;;;;;;;x
PROV306;Solliden;Solliden;Solliden;;;;;;;;;x
PROV307;Agamand;Agamand;Agamand;;;;;;;;;x
PROV308;Deathknell;Deathknell;Deathknell;;;;;;;;;x
PROV309;Whispering Gardens;Whispering Gardens;Whispering Gardens;;;;;;;;;x
PROV310;Venomweb;Venomweb;Venomweb;;;;;;;;;x
PROV311;Balnir;Balnir;Balnir;;;;;;;;;x
PROV312;Bastion;Bastion;Bastion;;;;;;;;;x
PROV313;North Coast;North Coast;North Coast;;;;;;;;;x
PROV315;Andorhal;Andorhal;Andorhal;;;;;;;;;x
PROV316;Windswept;Windswept;Windswept;;;;;;;;;x
PROV317;Cabinwood;Cabinwood;Cabinwood;;;;;;;;;x
PROV318;Gahrron;Gahrron;Gahrron;;;;;;;;;x
PROV319;Sorrow Hill;Sorrow Hill;Sorrow Hill;;;;;;;;;x
PROV320;Caer Darrow;Caer Darrow;Caer Darrow;;;;;;;;;x
PROV321;Hearthglen;Hearthglen;Hearthglen;;;;;;;;;x
PROV322;Hearthglen Way;Hearthglen Way;Hearthglen Way;;;;;;;;;x
PROV323;Northridge;Northridge;Northridge;;;;;;;;;x
PROV324;Stratholme;Stratholme;Stratholme;;;;;;;;;x
PROV325;Darrowshire;Darrowshire;Darrowshire;;;;;;;;;x
PROV326;High Thondroril;High Thondroril;High Thondroril;;;;;;;;;x
PROV327;Lower Thondroril;Lower Thondroril;Lower Thondroril;;;;;;;;;x
PROV328;Marris;Marris;Marris;;;;;;;;;x
PROV329;Crownvale;Crownvale;Crownvale;;;;;;;;;x
PROV330;Fir Valley;Fir Valley;Fir Valley;;;;;;;;;x
PROV331;Blackwood;Blackwood;Blackwood;;;;;;;;;x
PROV332;Corin's Crossing;Corin's Crossing;Corin's Crossing;;;;;;;;;x
PROV333;Northdale;Northdale;Northdale;;;;;;;;;x
PROV334;Northpass;Northpass;Northpass;;;;;;;;;x
PROV336;Tyr's Hand;Tyr's Hand;Tyr's Hand;;;;;;;;;x
PROV337;Light's Hope;Light's Hope;Light's Hope;;;;;;;;;x
PROV338;Old Glade;Old Glade;Old Glade;;;;;;;;;x
PROV339;New Avalon;New Avalon;New Avalon;;;;;;;;;x
PROV340;Havenshire;Havenshire;Havenshire;;;;;;;;;x
PROV341;Hasic;Hasic;Hasic;;;;;;;;;x
PROV342;Northwood;Northwood;Northwood;;;;;;;;;x
PROV343;Brightdale;Brightdale;Brightdale;;;;;;;;;x
PROV344;Silvermoon;Silvermoon;Silvermoon;;;;;;;;;x
PROV345;Tranquillien;Tranquillien;Tranquillien;;;;;;;;;x
PROV346;Goldenmist;Goldenmist;Goldenmist;;;;;;;;;x
PROV347;An'daroth;An'daroth;An'daroth;;;;;;;;;x
PROV348;Elrendar Crossing;Elrendar Crossing;Elrendar Crossing;;;;;;;;;x
PROV349;Windrunner;Windrunner;Windrunner;;;;;;;;;x
PROV350;Silverfury;Silverfury;Silverfury;;;;;;;;;x
PROV351;Underlight;Underlight;Underlight;;;;;;;;;x
PROV352;Ghost Forest;Ghost Forest;Ghost Forest;;;;;;;;;x
PROV353;Rest Hollow;Rest Hollow;Rest Hollow;;;;;;;;;x
PROV354;Thalassian Pass;Thalassian Pass;Thalassian Pass;;;;;;;;;x
PROV355;Quel'lithien;Quel'lithien;Quel'lithien;;;;;;;;;x
PROV356;Andilien Estate;Andilien Estate;Andilien Estate;;;;;;;;;x
PROV357;Sanctum of the Sun;Sanctum of the Sun;Sanctum of the Sun;;;;;;;;;x
PROV358;Farstrider Enclave;Farstrider Enclave;Farstrider Enclave;;;;;;;;;x
PROV359;Hatchet Hills;Hatchet Hills;Hatchet Hills;;;;;;;;;x
PROV360;Amani Pass;Amani Pass;Amani Pass;;;;;;;;;x
PROV361;Akil'zon;Akil'zon;Akil'zon;;;;;;;;;x
PROV362;Nalorakk;Nalorakk;Nalorakk;;;;;;;;;x
PROV363;Jan'alai;Jan'alai;Jan'alai;;;;;;;;;x
PROV364;Halazzi;Halazzi;Halazzi;;;;;;;;;x
PROV365;Tor'watha;Tor'watha;Tor'watha;;;;;;;;;x
PROV366;Elrendar Coast;Elrendar Coast;Elrendar Coast;;;;;;;;;x
PROV367;Zeb'watha;Zeb'watha;Zeb'watha;;;;;;;;;x
PROV368;East Sanctum;East Sanctum;East Sanctum;;;;;;;;;x
PROV369;Runestone's Valley;Runestone's Valley;Runestone's Valley;;;;;;;;;x
PROV370;Fairbreeze;Fairbreeze;Fairbreeze;;;;;;;;;x
PROV371;Sunsail Anchorage;Sunsail Anchorage;Sunsail Anchorage;;;;;;;;;x
PROV372;Goldenbough Pass;Goldenbough Pass;Goldenbough Pass;;;;;;;;;x
PROV373;Tranquil Shore;Tranquil Shore;Tranquil Shore;;;;;;;;;x
PROV374;Golden Strand;Golden Strand;Golden Strand;;;;;;;;;x
PROV375;Falconwing Square;Falconwing Square;Falconwing Square;;;;;;;;;x
PROV376;North Sanctum;North Sanctum;North Sanctum;;;;;;;;;x
PROV377;Stillwhisper Pond;Stillwhisper Pond;Stillwhisper Pond;;;;;;;;;x
PROV378;Duskwither Ravine;Duskwither Ravine;Duskwither Ravine;;;;;;;;;x
PROV379;Dawning Lane;Dawning Lane;Dawning Lane;;;;;;;;;x
PROV380;Sunstrider Isle;Sunstrider Isle;Sunstrider Isle;;;;;;;;;x
PROV381;Falthrien;Falthrien;Falthrien;;;;;;;;;x
PROV394;Sunwell Plateau;Sunwell Plateau;Sunwell Plateau;;;;;;;;;x
PROV395;Sun's Reach;Sun's Reach;Sun's Reach;;;;;;;;;x
PROV396;Dawnstar;Dawnstar;Dawnstar;;;;;;;;;x
PROV397;Magisters' Terrace;Magisters' Terrace;Magisters' Terrace;;;;;;;;;x
PROV398;Greengill;Greengill;Greengill;;;;;;;;;x
PROV399;Sat'theas;Sat'theas;Sat'theas;;;;;;;;;x
PROV400;Loch Verrall;Loch Verrall;Loch Verrall;;;;;;;;;x
PROV401;The Loch;The Loch;The Loch;;;;;;;;;x
PROV402;Thondroril River;Thondroril River;Thondroril River;;;;;;;;;x
PROV403;Thondroril River;Thondroril River;Thondroril River;;;;;;;;;x
PROV404;Thondroril River;Thondroril River;Thondroril River;;;;;;;;;x
PROV405;Thondroril River;Thondroril River;Thondroril River;;;;;;;;;x
PROV406;Thondroril River;Thondroril River;Thondroril River;;;;;;;;;x
PROV407;Thondroril River;Thondroril River;Thondroril River;;;;;;;;;x
PROV408;Darrowmere Lake;Darrowmere Lake;Darrowmere Lake;;;;;;;;;x
PROV409;Darrowmere Lake;Darrowmere Lake;Darrowmere Lake;;;;;;;;;x
PROV410;Darrowmere Lake;Darrowmere Lake;Darrowmere Lake;;;;;;;;;x
PROV411;Lordamere Lake;Lordamere Lake;Lordamere Lake;;;;;;;;;x
PROV412;Lordamere Lake;Lordamere Lake;Lordamere Lake;;;;;;;;;x
PROV413;Lordamere Lake;Lordamere Lake;Lordamere Lake;;;;;;;;;x
PROV414;Northgate River;Northgate River;Northgate River;;;;;;;;;x
PROV415;Northgate River;Northgate River;Northgate River;;;;;;;;;x
PROV416;Northgate River;Northgate River;Northgate River;;;;;;;;;x
PROV417;Lake Elrendar;Lake Elrendar;Lake Elrendar;;;;;;;;;x
PROV418;Lake Elrendar;Lake Elrendar;Lake Elrendar;;;;;;;;;x
PROV419;North Elrendar River;North Elrendar River;North Elrendar River;;;;;;;;;x
PROV420;North Elrendar River;North Elrendar River;North Elrendar River;;;;;;;;;x
PROV421;North Elrendar River;North Elrendar River;North Elrendar River;;;;;;;;;x
PROV422;South Elrendar River;South Elrendar River;South Elrendar River;;;;;;;;;x
PROV423;South Elrendar River;South Elrendar River;South Elrendar River;;;;;;;;;x
PROV424;South Elrendar River;South Elrendar River;South Elrendar River;;;;;;;;;x
PROV425;South Elrendar River;South Elrendar River;South Elrendar River;;;;;;;;;x
PROV426;Stonecairn Lake;Stonecairn Lake;Stonecairn Lake;;;;;;;;;x
PROV427;Pool of Tears;Pool of Tears;Pool of Tears;;;;;;;;;x
PROV428;Lake;Lake;Lake;;;;;;;;;x
PROV429;Longshore;Longshore;Longshore;;;;;;;;;x
PROV430;Longshore;Longshore;Longshore;;;;;;;;;x
PROV431;Longshore;Longshore;Longshore;;;;;;;;;x
PROV432;Stormwind's Shore;Stormwind's Shore;Stormwind's Shore;;;;;;;;;x
PROV433;Savage Coast;Savage Coast;Savage Coast;;;;;;;;;x
PROV434;Vile Reef;Vile Reef;Vile Reef;;;;;;;;;x
PROV435;Nazferiti Mouth;Nazferiti Mouth;Nazferiti Mouth;;;;;;;;;x
PROV436;South Savage Coast;South Savage Coast;South Savage Coast;;;;;;;;;x
PROV437;South Savage Coast;South Savage Coast;South Savage Coast;;;;;;;;;x
PROV439;Wild Shore;Wild Shore;Wild Shore;;;;;;;;;x
PROV440;Crystal Shore;Crystal Shore;Crystal Shore;;;;;;;;;x
PROV441;Red Reaches;Red Reaches;Red Reaches;;;;;;;;;x
PROV442;Red Reaches;Red Reaches;Red Reaches;;;;;;;;;x
PROV443;Shattershore;Shattershore;Shattershore;;;;;;;;;x
PROV444;Misty Reed Strand;Misty Reed Strand;Misty Reed Strand;;;;;;;;;x
PROV445;Misty Reed Strand;Misty Reed Strand;Misty Reed Strand;;;;;;;;;x
PROV446;Forbidding Sea;Forbidding Sea;Forbidding Sea;;;;;;;;;x
PROV447;Forbidding Sea;Forbidding Sea;Forbidding Sea;;;;;;;;;x
PROV448;Forbidding Sea;Forbidding Sea;Forbidding Sea;;;;;;;;;x
PROV449;Highbank;Highbank;Highbank;;;;;;;;;x
PROV450;Highbank;Highbank;Highbank;;;;;;;;;x
PROV451;Highbank;Highbank;Highbank;;;;;;;;;x
PROV452;Slithering Cove;Slithering Cove;Slithering Cove;;;;;;;;;x
PROV453;Highbank;Highbank;Highbank;;;;;;;;;x
PROV454;Highbank;Highbank;Highbank;;;;;;;;;x
PROV455;Highbank;Highbank;Highbank;;;;;;;;;x
PROV456;Highbank;Highbank;Highbank;;;;;;;;;x
PROV457;Thandol Span;Thandol Span;Thandol Span;;;;;;;;;x
PROV458;Overlook Cliffs;Overlook Cliffs;Overlook Cliffs;;;;;;;;;x
PROV459;Overlook Cliffs;Overlook Cliffs;Overlook Cliffs;;;;;;;;;x
PROV460;Overlook Cliffs;Overlook Cliffs;Overlook Cliffs;;;;;;;;;x
PROV461;Avalon's Coast;Avalon's Coast;Avalon's Coast;;;;;;;;;x
PROV462;Avalon's Coast;Avalon's Coast;Avalon's Coast;;;;;;;;;x
PROV463;Avalon's Coast;Avalon's Coast;Avalon's Coast;;;;;;;;;x
PROV465;Amani Coast;Amani Coast;Amani Coast;;;;;;;;;x
PROV466;Amani Coast;Amani Coast;Amani Coast;;;;;;;;;x
PROV467;Amani Coast;Amani Coast;Amani Coast;;;;;;;;;x
PROV468;Amani Coast;Amani Coast;Amani Coast;;;;;;;;;x
PROV469;Azurebreeze Coast;Azurebreeze Coast;Azurebreeze Coast;;;;;;;;;x
PROV470;Azurebreeze Coast;Azurebreeze Coast;Azurebreeze Coast;;;;;;;;;x
PROV471;Tranquil Shore;Tranquil Shore;Tranquil Shore;;;;;;;;;x
PROV472;Tranquil Shore;Tranquil Shore;Tranquil Shore;;;;;;;;;x
PROV474;Tranquil Shore;Tranquil Shore;Tranquil Shore;;;;;;;;;x
PROV475;Tranquil Shore;Tranquil Shore;Tranquil Shore;;;;;;;;;x
PROV476;Greengill Coast;Greengill Coast;Greengill Coast;;;;;;;;;x
PROV477;Greengill Coast;Greengill Coast;Greengill Coast;;;;;;;;;x
PROV479;Greengill Coast;Greengill Coast;Greengill Coast;;;;;;;;;x
PROV481;Greengill Coast;Greengill Coast;Greengill Coast;;;;;;;;;x
PROV482;Golden Strand;Golden Strand;Golden Strand;;;;;;;;;x
PROV483;Shalandis Coast;Shalandis Coast;Shalandis Coast;;;;;;;;;x
PROV484;Shalandis Coast;Shalandis Coast;Shalandis Coast;;;;;;;;;x
PROV485;North Coast;North Coast;North Coast;;;;;;;;;x
PROV486;North Coast;North Coast;North Coast;;;;;;;;;x
PROV487;North Coast;North Coast;North Coast;;;;;;;;;x
PROV488;North Coast;North Coast;North Coast;;;;;;;;;x
PROV489;North Coast;North Coast;North Coast;;;;;;;;;x
PROV490;North Tide;North Tide;North Tide;;;;;;;;;x
PROV491;North Tide;North Tide;North Tide;;;;;;;;;x
PROV492;North Tide;North Tide;North Tide;;;;;;;;;x
PROV493;Galewatch Coast;Galewatch Coast;Galewatch Coast;;;;;;;;;x
PROV494;Galewatch Coast;Galewatch Coast;Galewatch Coast;;;;;;;;;x
PROV495;Galewatch Coast;Galewatch Coast;Galewatch Coast;;;;;;;;;x
PROV496;Duskmist Shore;Duskmist Shore;Duskmist Shore;;;;;;;;;x
PROV497;Duskmist Shore;Duskmist Shore;Duskmist Shore;;;;;;;;;x
PROV498;Baradin Bay;Baradin Bay;Baradin Bay;;;;;;;;;x
PROV500;Hillsbrad Strand;Hillsbrad Strand;Hillsbrad Strand;;;;;;;;;x
PROV501;Hillsbrad Strand;Hillsbrad Strand;Hillsbrad Strand;;;;;;;;;x
PROV503;Drowned Reef;Drowned Reef;Drowned Reef;;;;;;;;;x
PROV504;Lost Fleet;Lost Fleet;Lost Fleet;;;;;;;;;x
PROV505;Menethil Bay;Menethil Bay;Menethil Bay;;;;;;;;;x
PROV510;Baradin Bay;Baradin Bay;Baradin Bay;;;;;;;;;x
PROV511;Crestfall's Coast;Crestfall's Coast;Crestfall's Coast;;;;;;;;;x
PROV513;Great Sea;Great Sea;Great Sea;;;;;;;;;x
PROV514;Tirassian Coast;Tirassian Coast;Tirassian Coast;;;;;;;;;x
PROV515;Tirassian Coast;Tirassian Coast;Tirassian Coast;;;;;;;;;x
PROV516;Tirassian Coast;Tirassian Coast;Tirassian Coast;;;;;;;;;x
PROV517;Tirassian Coast;Tirassian Coast;Tirassian Coast;;;;;;;;;x
PROV518;Tirassian Coast;Tirassian Coast;Tirassian Coast;;;;;;;;;x
PROV519;Tirassian Coast;Tirassian Coast;Tirassian Coast;;;;;;;;;x
PROV520;Great Sea;Great Sea;Great Sea;;;;;;;;;x
PROV521;Great Sea;Great Sea;Great Sea;;;;;;;;;x
PROV522;Great Sea;Great Sea;Great Sea;;;;;;;;;x
PROV523;Balor's Coast;Balor's Coast;Balor's Coast;;;;;;;;;x
PROV524;Balor's Coast;Balor's Coast;Balor's Coast;;;;;;;;;x
PROV525;Balor's Coast;Balor's Coast;Balor's Coast;;;;;;;;;x
PROV528;Verrall River;Verrall River;Verrall River;;;;;;;;;x
PROV529;Verrall River;Verrall River;Verrall River;;;;;;;;;x
PROV530;Verrall River;Verrall River;Verrall River;;;;;;;;;x
PROV531;Verrall River;Verrall River;Verrall River;;;;;;;;;x
PROV532;Verrall River;Verrall River;Verrall River;;;;;;;;;x
PROV533;Shalandis Coast;Shalandis Coast;Shalandis Coast;;;;;;;;;x
PROV559;Yojamba Isle;Yojamba Isle;Yojamba Isle;;;;;;;;;x
PROV560;Mount Kajaro;Mount Kajaro;Mount Kajaro;;;;;;;;;x
PROV561;Bilgewater;Bilgewater;Bilgewater;;;;;;;;;x
PROV562;Gallywix;Gallywix;Gallywix;;;;;;;;;x
PROV563;Kajamine;Kajamine;Kajamine;;;;;;;;;x
PROV564;Loosefeet;Loosefeet;Loosefeet;;;;;;;;;x
PROV565;Edj;Edj;Edj;;;;;;;;;x
PROV566;Speedway;Speedway;Speedway;;;;;;;;;x
PROV567;Voodress;Voodress;Voodress;;;;;;;;;x
PROV568;Picktweak;Picktweak;Picktweak;;;;;;;;;x
PROV569;Volcanoth's Isle;Volcanoth's Isle;Volcanoth's Isle;;;;;;;;;x
PROV570;Wild Isle;Wild Isle;Wild Isle;;;;;;;;;x
PROV571;Fizzspark;Fizzspark;Fizzspark;;;;;;;;;x
PROV572;Mudboot;Mudboot;Mudboot;;;;;;;;;x
PROV573;Oomsk;Oomsk;Oomsk;;;;;;;;;x
PROV574;Oorzz;Oorzz;Oorzz;;;;;;;;;x
PROV575;Hozu-Mozu;Hozu-Mozu;Hozu-Mozu;;;;;;;;;x
PROV576;Banana Forest;Banana Forest;Banana Forest;;;;;;;;;x
PROV577;Vashj'ir;Vashj'ir;Vashj'ir;;;;;;;;;x
PROV578;Vashj'ir;Vashj'ir;Vashj'ir;;;;;;;;;x
PROV579;Vashj'ir;Vashj'ir;Vashj'ir;;;;;;;;;x
PROV580;Vashj'ir;Vashj'ir;Vashj'ir;;;;;;;;;x
PROV581;Vashj'ir;Vashj'ir;Vashj'ir;;;;;;;;;x
PROV583;Vashj'ir;Vashj'ir;Vashj'ir;;;;;;;;;x
PROV584;South Sea;South Sea;South Sea;;;;;;;;;x
PROV585;South Sea;South Sea;South Sea;;;;;;;;;x
PROV586;South Sea;South Sea;South Sea;;;;;;;;;x
PROV587;South Sea;South Sea;South Sea;;;;;;;;;x
PROV588;South Sea;South Sea;South Sea;;;;;;;;;x
PROV589;South Sea;South Sea;South Sea;;;;;;;;;x
PROV591;South Sea;South Sea;South Sea;;;;;;;;;x
PROV592;South Sea;South Sea;South Sea;;;;;;;;;x
PROV593;South Sea;South Sea;South Sea;;;;;;;;;x
PROV594;South Sea;South Sea;South Sea;;;;;;;;;x
PROV595;South Sea;South Sea;South Sea;;;;;;;;;x
PROV596;South Sea;South Sea;South Sea;;;;;;;;;x
PROV597;South Sea;South Sea;South Sea;;;;;;;;;x
PROV598;South Sea;South Sea;South Sea;;;;;;;;;x
PROV599;South Sea;South Sea;South Sea;;;;;;;;;x
PROV600;South Sea;South Sea;South Sea;;;;;;;;;x
PROV601;South Sea;South Sea;South Sea;;;;;;;;;x
PROV602;South Sea;South Sea;South Sea;;;;;;;;;x
PROV603;South Sea;South Sea;South Sea;;;;;;;;;x
PROV605;South Sea;South Sea;South Sea;;;;;;;;;x
PROV606;South Sea;South Sea;South Sea;;;;;;;;;x
PROV607;South Sea;South Sea;South Sea;;;;;;;;;x
PROV608;South Sea;South Sea;South Sea;;;;;;;;;x
PROV609;South Sea;South Sea;South Sea;;;;;;;;;x
PROV610;South Sea;South Sea;South Sea;;;;;;;;;x
PROV611;South Sea;South Sea;South Sea;;;;;;;;;x
PROV612;South Sea;South Sea;South Sea;;;;;;;;;x
PROV613;South Sea;South Sea;South Sea;;;;;;;;;x
PROV614;South Sea;South Sea;South Sea;;;;;;;;;x
PROV616;South Sea;South Sea;South Sea;;;;;;;;;x
PROV617;South Sea;South Sea;South Sea;;;;;;;;;x
PROV618;South Sea;South Sea;South Sea;;;;;;;;;x
PROV619;South Sea;South Sea;South Sea;;;;;;;;;x
PROV620;South Sea;South Sea;South Sea;;;;;;;;;x
PROV621;South Sea;South Sea;South Sea;;;;;;;;;x
PROV622;South Sea;South Sea;South Sea;;;;;;;;;x
PROV623;South Sea;South Sea;South Sea;;;;;;;;;x
PROV624;South Sea;South Sea;South Sea;;;;;;;;;x
PROV625;South Sea;South Sea;South Sea;;;;;;;;;x
PROV626;South Sea;South Sea;South Sea;;;;;;;;;x
PROV627;South Sea;South Sea;South Sea;;;;;;;;;x
PROV628;South Sea;South Sea;South Sea;;;;;;;;;x
PROV629;South Sea;South Sea;South Sea;;;;;;;;;x
PROV630;South Sea;South Sea;South Sea;;;;;;;;;x
PROV631;South Sea;South Sea;South Sea;;;;;;;;;x
PROV632;South Sea;South Sea;South Sea;;;;;;;;;x
PROV633;South Sea;South Sea;South Sea;;;;;;;;;x
PROV634;South Sea;South Sea;South Sea;;;;;;;;;x
PROV635;South Sea;South Sea;South Sea;;;;;;;;;x
PROV636;South Sea;South Sea;South Sea;;;;;;;;;x
PROV637;South Sea;South Sea;South Sea;;;;;;;;;x
PROV638;South Sea;South Sea;South Sea;;;;;;;;;x
PROV639;South Sea;South Sea;South Sea;;;;;;;;;x
PROV640;South Sea;South Sea;South Sea;;;;;;;;;x
PROV641;South Sea;South Sea;South Sea;;;;;;;;;x
PROV642;South Sea;South Sea;South Sea;;;;;;;;;x
PROV643;Vashj'ir;Vashj'ir;Vashj'ir;;;;;;;;;x
PROV645;Faerseton;Faerseton;Faerseton;;;;;;;;;x
PROV646;Dandred;Dandred;Dandred;;;;;;;;;x
PROV647;Whispering Forest;Whispering Forest;Whispering Forest;;;;;;;;;x
PROV648;Glistening Shore;Glistening Shore;Glistening Shore;;;;;;;;;x
PROV653;Crystal Lake;Crystal Lake;Crystal Lake;;;;;;;;;x
PROV654;Mirror Lake;Mirror Lake;Mirror Lake;;;;;;;;;x
PROV655;Zul'gurub Basin;Zul'gurub Basin;Zul'gurub Basin;;;;;;;;;x
PROV656;Surwich Inlet;Surwich Inlet;Surwich Inlet;;;;;;;;;x
PROV657;Lake Everstill;Lake Everstill;Lake Everstill;;;;;;;;;x
PROV658;Lake;Lake;Lake;;;;;;;;;x
PROV659;Lake;Lake;Lake;;;;;;;;;x
PROV660;Mosshide Fen;Mosshide Fen;Mosshide Fen;;;;;;;;;x
PROV661;Lake;Lake;Lake;;;;;;;;;x
PROV662;Lake;Lake;Lake;;;;;;;;;x
PROV663;Lake;Lake;Lake;;;;;;;;;x
PROV664;Lake;Lake;Lake;;;;;;;;;x
PROV665;Volorwind Lake;Volorwind Lake;Volorwind Lake;;;;;;;;;x
PROV666;Lake;Lake;Lake;;;;;;;;;x
PROV667;Lake;Lake;Lake;;;;;;;;;x
PROV668;Lake;Lake;Lake;;;;;;;;;x
PROV669;Lake;Lake;Lake;;;;;;;;;x
PROV671;Lake;Lake;Lake;;;;;;;;;x
PROV672;Stillwater Pond;Stillwater Pond;Stillwater Pond;;;;;;;;;x
PROV673;Brightwater Lake;Brightwater Lake;Brightwater Lake;;;;;;;;;x
PROV674;Lake;Lake;Lake;;;;;;;;;x
PROV675;Blackwood Lake;Blackwood Lake;Blackwood Lake;;;;;;;;;x
PROV676;Lake Mereldar;Lake Mereldar;Lake Mereldar;;;;;;;;;x
PROV677;Healthy Lake;Healthy Lake;Healthy Lake;;;;;;;;;x
PROV678;Lake;Lake;Lake;;;;;;;;;x
PROV679;Lake;Lake;Lake;;;;;;;;;x
PROV680;Lake;Lake;Lake;;;;;;;;;x
PROV681;Lake;Lake;Lake;;;;;;;;;x
PROV682;Lake;Lake;Lake;;;;;;;;;x
PROV683;Lake;Lake;Lake;;;;;;;;;x
PROV684;Lake;Lake;Lake;;;;;;;;;x
PROV685;Lake;Lake;Lake;;;;;;;;;x
PROV689;Maisara Hills;Maisara Hills;Maisara Hills;;;;;;;;;x
PROV690;Ula-Tek;Ula-Tek;Ula-Tek;;;;;;;;;x
PROV691;Greenrush;Greenrush;Greenrush;;;;;;;;;x
PROV692;Zul'mashar;Zul'mashar;Zul'mashar;;;;;;;;;x
PROV693;Abassi Coast;Abassi Coast;Abassi Coast;;;;;;;;;x
PROV694;Abassi Lake;Abassi Lake;Abassi Lake;;;;;;;;;x
PROV695;Icecrown;Icecrown;Icecrown;;;;;;;;;x
PROV696;Utgarde;Utgarde;Utgarde;;;;;;;;;x
PROV697;Halgrind;Halgrind;Halgrind;;;;;;;;;x
PROV698;Ember Clutch;Ember Clutch;Ember Clutch;;;;;;;;;x
PROV699;New Agamand;New Agamand;New Agamand;;;;;;;;;x
PROV700;Shield Hill;Shield Hill;Shield Hill;;;;;;;;;x
PROV701;Grarland;Grarland;Grarland;;;;;;;;;x
PROV702;Wyrmskull Coast;Wyrmskull Coast;Wyrmskull Coast;;;;;;;;;x
PROV703;Kamagua;Kamagua;Kamagua;;;;;;;;;x
PROV704;Iskaal;Iskaal;Iskaal;;;;;;;;;x
PROV705;Scalawag Point;Scalawag Point;Scalawag Point;;;;;;;;;x
PROV706;Sorlof's Strand;Sorlof's Strand;Sorlof's Strand;;;;;;;;;x
PROV707;Nifflevar;Nifflevar;Nifflevar;;;;;;;;;x
PROV708;Bealgun;Bealgun;Bealgun;;;;;;;;;x
PROV709;Eastern Cape;Eastern Cape;Eastern Cape;;;;;;;;;x
PROV710;Ivald;Ivald;Ivald;;;;;;;;;x
PROV711;Baleheim;Baleheim;Baleheim;;;;;;;;;x
PROV712;Bleeding Vale;Bleeding Vale;Bleeding Vale;;;;;;;;;x
PROV713;Giants Run;Giants Run;Giants Run;;;;;;;;;x
PROV714;Cauldros Isle;Cauldros Isle;Cauldros Isle;;;;;;;;;x
PROV715;Glade Forest;Glade Forest;Glade Forest;;;;;;;;;x
PROV716;Winterhoof;Winterhoof;Winterhoof;;;;;;;;;x
PROV717;Broken Bluffs;Broken Bluffs;Broken Bluffs;;;;;;;;;x
PROV718;Gjalerbron;Gjalerbron;Gjalerbron;;;;;;;;;x
PROV719;Rivenwood;Rivenwood;Rivenwood;;;;;;;;;x
PROV720;Steelgate;Steelgate;Steelgate;;;;;;;;;x
PROV721;Skorn;Skorn;Skorn;;;;;;;;;x
PROV722;Chillmere;Chillmere;Chillmere;;;;;;;;;x
PROV723;Cauldros Lake;Cauldros Lake;Cauldros Lake;;;;;;;;;x
PROV724;Winter's Breath Lake;Winter's Breath Lake;Winter's Breath Lake;;;;;;;;;x
PROV725;Coldmere Lake;Coldmere Lake;Coldmere Lake;;;;;;;;;x
PROV726;Creek River;Creek River;Creek River;;;;;;;;;x
PROV727;Creek River;Creek River;Creek River;;;;;;;;;x
PROV728;Lake;Lake;Lake;;;;;;;;;x
PROV729;Venture Bay;Venture Bay;Venture Bay;;;;;;;;;x
PROV730;Blackriver;Blackriver;Blackriver;;;;;;;;;x
PROV731;Drak'zin;Drak'zin;Drak'zin;;;;;;;;;x
PROV732;Zeb'halak;Zeb'halak;Zeb'halak;;;;;;;;;x
PROV733;Silverbrook;Silverbrook;Silverbrook;;;;;;;;;x
PROV734;Bluedome;Bluedome;Bluedome;;;;;;;;;x
PROV735;Amberpine;Amberpine;Amberpine;;;;;;;;;x
PROV736;Voldrune;Voldrune;Voldrune;;;;;;;;;x
PROV737;Grizzlemaw;Grizzlemaw;Grizzlemaw;;;;;;;;;x
PROV738;Rage Fang;Rage Fang;Rage Fang;;;;;;;;;x
PROV739;Heartblood;Heartblood;Heartblood;;;;;;;;;x
PROV740;Oneqwah;Oneqwah;Oneqwah;;;;;;;;;x
PROV741;Solstice;Solstice;Solstice;;;;;;;;;x
PROV742;Hollowstone;Hollowstone;Hollowstone;;;;;;;;;x
PROV743;Drak'atal;Drak'atal;Drak'atal;;;;;;;;;x
PROV744;Ursden;Ursden;Ursden;;;;;;;;;x
PROV745;Drakil'jin;Drakil'jin;Drakil'jin;;;;;;;;;x
PROV746;Tethys;Tethys;Tethys;;;;;;;;;x
PROV747;Bloodmoon Isle;Bloodmoon Isle;Bloodmoon Isle;;;;;;;;;x
PROV748;Thor Modan;Thor Modan;Thor Modan;;;;;;;;;x
PROV749;Boulder Hills;Boulder Hills;Boulder Hills;;;;;;;;;x
PROV750;Dun Argol;Dun Argol;Dun Argol;;;;;;;;;x
PROV751;Lake;Lake;Lake;;;;;;;;;x
PROV752;Lake;Lake;Lake;;;;;;;;;x
PROV753;Lake;Lake;Lake;;;;;;;;;x
PROV754;Gundrak;Gundrak;Gundrak;;;;;;;;;x
PROV755;Zol'heb;Zol'heb;Zol'heb;;;;;;;;;x
PROV756;Dubra'jin;Dubra'jin;Dubra'jin;;;;;;;;;x
PROV757;Zol'maz;Zol'maz;Zol'maz;;;;;;;;;x
PROV758;Mam'toth;Mam'toth;Mam'toth;;;;;;;;;x
PROV759;Rhunok;Rhunok;Rhunok;;;;;;;;;x
PROV760;Drak'mabwa;Drak'mabwa;Drak'mabwa;;;;;;;;;x
PROV761;Zim'rhuk;Zim'rhuk;Zim'rhuk;;;;;;;;;x
PROV762;Harkoa;Harkoa;Harkoa;;;;;;;;;x
PROV763;Quetz'lun;Quetz'lun;Quetz'lun;;;;;;;;;x
PROV764;Zim'torga;Zim'torga;Zim'torga;;;;;;;;;x
PROV765;Heb'drakkar;Heb'drakkar;Heb'drakkar;;;;;;;;;x
PROV766;Drak'tharon;Drak'tharon;Drak'tharon;;;;;;;;;x
PROV767;Drakuru;Drakuru;Drakuru;;;;;;;;;x
PROV768;Rageclaw;Rageclaw;Rageclaw;;;;;;;;;x
PROV769;Low Fields;Low Fields;Low Fields;;;;;;;;;x
PROV770;Chaga'jin;Chaga'jin;Chaga'jin;;;;;;;;;x
PROV771;Drak'sotra;Drak'sotra;Drak'sotra;;;;;;;;;x
PROV772;Zim'abwa;Zim'abwa;Zim'abwa;;;;;;;;;x
PROV773;Drakkari Arena;Drakkari Arena;Drakkari Arena;;;;;;;;;x
PROV774;Heb'valok;Heb'valok;Heb'valok;;;;;;;;;x
PROV775;Sseratus;Sseratus;Sseratus;;;;;;;;;x
PROV776;Rageclaw Lake;Rageclaw Lake;Rageclaw Lake;;;;;;;;;x
PROV777;Wyrmrest;Wyrmrest;Wyrmrest;;;;;;;;;x
PROV778;Magnadoth;Magnadoth;Magnadoth;;;;;;;;;x
PROV779;Galakrond;Galakrond;Galakrond;;;;;;;;;x
PROV780;Magnadon;Magnadon;Magnadon;;;;;;;;;x
PROV781;Crystal Vice;Crystal Vice;Crystal Vice;;;;;;;;;x
PROV782;Maguta;Maguta;Maguta;;;;;;;;;x
PROV783;Dragon's Fall;Dragon's Fall;Dragon's Fall;;;;;;;;;x
PROV784;Coldwind;Coldwind;Coldwind;;;;;;;;;x
PROV785;Icemist;Icemist;Icemist;;;;;;;;;x
PROV786;Icejail;Icejail;Icejail;;;;;;;;;x
PROV787;Tautau;Tautau;Tautau;;;;;;;;;x
PROV788;Hamon;Hamon;Hamon;;;;;;;;;x
PROV789;Moa'ki;Moa'ki;Moa'ki;;;;;;;;;x
PROV790;Indu'le;Indu'le;Indu'le;;;;;;;;;x
PROV791;Snowfall;Snowfall;Snowfall;;;;;;;;;x
PROV792;Oghit;Oghit;Oghit;;;;;;;;;x
PROV793;Ruby;Ruby;Ruby;;;;;;;;;x
PROV794;Azure;Azure;Azure;;;;;;;;;x
PROV795;Emerald;Emerald;Emerald;;;;;;;;;x
PROV796;Bronze;Bronze;Bronze;;;;;;;;;x
PROV797;Obsidian;Obsidian;Obsidian;;;;;;;;;x
PROV798;Wintergarde;Wintergarde;Wintergarde;;;;;;;;;x
PROV799;Carrion;Carrion;Carrion;;;;;;;;;x
PROV800;Budur;Budur;Budur;;;;;;;;;x
PROV801;Ton'croa;Ton'croa;Ton'croa;;;;;;;;;x
PROV802;Noke'roa;Noke'roa;Noke'roa;;;;;;;;;x
PROV803;Eldritch;Eldritch;Eldritch;;;;;;;;;x
PROV804;Jintha'kalar;Jintha'kalar;Jintha'kalar;;;;;;;;;x
PROV805;Cladurk;Cladurk;Cladurk;;;;;;;;;x
PROV806;Frostfate;Frostfate;Frostfate;;;;;;;;;x
PROV807;Lake Indu'le;Lake Indu'le;Lake Indu'le;;;;;;;;;x
PROV808;Drak'mar Lake;Drak'mar Lake;Drak'mar Lake;;;;;;;;;x
PROV809;Dragonspine Tributary;Dragonspine Tributary;Dragonspine Tributary;;;;;;;;;x
PROV810;Dragonspine Tributary;Dragonspine Tributary;Dragonspine Tributary;;;;;;;;;x
PROV811;Dragonspine Tributary;Dragonspine Tributary;Dragonspine Tributary;;;;;;;;;x
PROV812;Lumberjack River;Lumberjack River;Lumberjack River;;;;;;;;;x
PROV813;Lumberjack River;Lumberjack River;Lumberjack River;;;;;;;;;x
PROV814;Lumberjack Lake;Lumberjack Lake;Lumberjack Lake;;;;;;;;;x
PROV815;Daggercap Bay;Daggercap Bay;Daggercap Bay;;;;;;;;;x
PROV816;Daggercap Bay;Daggercap Bay;Daggercap Bay;;;;;;;;;x
PROV817;Strand of Ancients;Strand of Ancients;Strand of Ancients;;;;;;;;;x
PROV818;Mightstone;Mightstone;Mightstone;;;;;;;;;x
PROV819;Bloodspore;Bloodspore;Bloodspore;;;;;;;;;x
PROV820;Nasam;Nasam;Nasam;;;;;;;;;x
PROV821;Beryl;Beryl;Beryl;;;;;;;;;x
PROV822;Ech'nus;Ech'nus;Ech'nus;;;;;;;;;x
PROV823;Farshire;Farshire;Farshire;;;;;;;;;x
PROV824;Nasamsand;Nasamsand;Nasamsand;;;;;;;;;x
PROV825;Randlish;Randlish;Randlish;;;;;;;;;x
PROV826;Riplash;Riplash;Riplash;;;;;;;;;x
PROV827;Amber Ledge;Amber Ledge;Amber Ledge;;;;;;;;;x
PROV828;Kum'uya;Kum'uya;Kum'uya;;;;;;;;;x
PROV829;Lake Kum'uya;Lake Kum'uya;Lake Kum'uya;;;;;;;;;x
PROV830;Coldrock;Coldrock;Coldrock;;;;;;;;;x
PROV831;Lake;Lake;Lake;;;;;;;;;x
PROV832;Njord;Njord;Njord;;;;;;;;;x
PROV833;Abanreach;Abanreach;Abanreach;;;;;;;;;x
PROV834;Unu'pe;Unu'pe;Unu'pe;;;;;;;;;x
PROV835;Lele;Lele;Lele;;;;;;;;;x
PROV836;Barun;Barun;Barun;;;;;;;;;x
PROV837;Hotfield;Hotfield;Hotfield;;;;;;;;;x
PROV838;Scalpool;Scalpool;Scalpool;;;;;;;;;x
PROV839;Springsteam;Springsteam;Springsteam;;;;;;;;;x
PROV840;Magmoth;Magmoth;Magmoth;;;;;;;;;x
PROV841;Steeljaw;Steeljaw;Steeljaw;;;;;;;;;x
PROV842;Eldra'nath;Eldra'nath;Eldra'nath;;;;;;;;;x
PROV843;Winret;Winret;Winret;;;;;;;;;x
PROV844;Winterfin;Winterfin;Winterfin;;;;;;;;;x
PROV845;En'kilah;En'kilah;En'kilah;;;;;;;;;x
PROV846;Taunka'le;Taunka'le;Taunka'le;;;;;;;;;x
PROV847;Frozen Reach;Frozen Reach;Frozen Reach;;;;;;;;;x
PROV848;Coldwall;Coldwall;Coldwall;;;;;;;;;x
PROV849;Coldarra;Coldarra;Coldarra;;;;;;;;;x
PROV850;Steam Springs;Steam Springs;Steam Springs;;;;;;;;;x
PROV851;Steam Springs;Steam Springs;Steam Springs;;;;;;;;;x
PROV852;Wintergrasp River;Wintergrasp River;Wintergrasp River;;;;;;;;;x
PROV853;Frenzyheart River;Frenzyheart River;Frenzyheart River;;;;;;;;;x
PROV854;Rainspeaker Rapids;Rainspeaker Rapids;Rainspeaker Rapids;;;;;;;;;x
PROV855;Bittertide Lake;Bittertide Lake;Bittertide Lake;;;;;;;;;x
PROV856;Seabreach Flow;Seabreach Flow;Seabreach Flow;;;;;;;;;x
PROV857;River's Heart;River's Heart;River's Heart;;;;;;;;;x
PROV858;Ulduar;Ulduar;Ulduar;;;;;;;;;x
PROV864;Terrace of Makers;Terrace of Makers;Terrace of Makers;;;;;;;;;x
PROV866;Zabana;Zabana;Zabana;;;;;;;;;x
PROV867;Kwegsqoa;Kwegsqoa;Kwegsqoa;;;;;;;;;x
PROV868;Tunka'lo;Tunka'lo;Tunka'lo;;;;;;;;;x
PROV869;Nidavelir;Nidavelir;Nidavelir;;;;;;;;;x
PROV870;Snowdrift;Snowdrift;Snowdrift;;;;;;;;;x
PROV871;Bouldercrag;Bouldercrag;Bouldercrag;;;;;;;;;x
PROV872;Valkyrion;Valkyrion;Valkyrion;;;;;;;;;x
PROV873;Rohemdal;Rohemdal;Rohemdal;;;;;;;;;x
PROV874;Bor's Breath;Bor's Breath;Bor's Breath;;;;;;;;;x
PROV875;Frosthold;Frosthold;Frosthold;;;;;;;;;x
PROV876;Foot Steppes;Foot Steppes;Foot Steppes;;;;;;;;;x
PROV877;Arra;Arra;Arra;;;;;;;;;x
PROV878;Snowblind;Snowblind;Snowblind;;;;;;;;;x
PROV879;Ricket;Ricket;Ricket;;;;;;;;;x
PROV880;Garm;Garm;Garm;;;;;;;;;x
PROV881;Brunnhildar;Brunnhildar;Brunnhildar;;;;;;;;;x
PROV882;Sifreldar;Sifreldar;Sifreldar;;;;;;;;;x
PROV883;Winter Valley;Winter Valley;Winter Valley;;;;;;;;;x
PROV884;Dun Niffelem;Dun Niffelem;Dun Niffelem;;;;;;;;;x
PROV885;Frostfield;Frostfield;Frostfield;;;;;;;;;x
PROV886;Thunderfall;Thunderfall;Thunderfall;;;;;;;;;x
PROV887;Fjorn;Fjorn;Fjorn;;;;;;;;;x
PROV888;Rainspeaker;Rainspeaker;Rainspeaker;;;;;;;;;x
PROV889;Wildgrowth;Wildgrowth;Wildgrowth;;;;;;;;;x
PROV890;Wintergrowth;Wintergrowth;Wintergrowth;;;;;;;;;x
PROV891;Frenzyheart;Frenzyheart;Frenzyheart;;;;;;;;;x
PROV892;Sapphire Hive;Sapphire Hive;Sapphire Hive;;;;;;;;;x
PROV893;Nozronn;Nozronn;Nozronn;;;;;;;;;x
PROV894;Kartak;Kartak;Kartak;;;;;;;;;x
PROV895;Waygate;Waygate;Waygate;;;;;;;;;x
PROV896;Krondol;Krondol;Krondol;;;;;;;;;x
PROV897;Nesingwary;Nesingwary;Nesingwary;;;;;;;;;x
PROV898;Gorl'ro;Gorl'ro;Gorl'ro;;;;;;;;;x
PROV899;Splursh;Splursh;Splursh;;;;;;;;;x
PROV900;Spearborn;Spearborn;Spearborn;;;;;;;;;x
PROV901;Bonefields;Bonefields;Bonefields;;;;;;;;;x
PROV902;Raincoast;Raincoast;Raincoast;;;;;;;;;x
PROV903;Glumr;Glumr;Glumr;;;;;;;;;x
PROV904;Stormwright;Stormwright;Stormwright;;;;;;;;;x
PROV905;Splurmurslr;Splurmurslr;Splurmurslr;;;;;;;;;x
PROV906;Gurgrl;Gurgrl;Gurgrl;;;;;;;;;x
PROV907;Angrathar;Angrathar;Angrathar;;;;;;;;;x
PROV908;Vilehold;Vilehold;Vilehold;;;;;;;;;x
PROV909;Selfors;Selfors;Selfors;;;;;;;;;x
PROV910;Berufell;Berufell;Berufell;;;;;;;;;x
PROV911;Hoskuldsar;Hoskuldsar;Hoskuldsar;;;;;;;;;x
PROV912;Husnar;Husnar;Husnar;;;;;;;;;x
PROV913;An'markus;An'markus;An'markus;;;;;;;;;x
PROV914;Guodalir;Guodalir;Guodalir;;;;;;;;;x
PROV915;Skalmarnes;Skalmarnes;Skalmarnes;;;;;;;;;x
PROV916;Silentreach;Silentreach;Silentreach;;;;;;;;;x
PROV917;Aldur'thar;Aldur'thar;Aldur'thar;;;;;;;;;x
PROV918;Narfeyri;Narfeyri;Narfeyri;;;;;;;;;x
PROV919;Kori;Kori;Kori;;;;;;;;;x
PROV920;Ice Valley;Ice Valley;Ice Valley;;;;;;;;;x
PROV921;Balargarde;Balargarde;Balargarde;;;;;;;;;x
PROV922;Njorndar;Njorndar;Njorndar;;;;;;;;;x
PROV923;Helgafjall;Helgafjall;Helgafjall;;;;;;;;;x
PROV924;Ferstikla;Ferstikla;Ferstikla;;;;;;;;;x
PROV925;Ymirheim;Ymirheim;Ymirheim;;;;;;;;;x
PROV926;Holmslatr;Holmslatr;Holmslatr;;;;;;;;;x
PROV927;Jahaqua;Jahaqua;Jahaqua;;;;;;;;;x
PROV928;Myehona;Myehona;Myehona;;;;;;;;;x
PROV929;Forlorn;Forlorn;Forlorn;;;;;;;;;x
PROV930;Assmel;Assmel;Assmel;;;;;;;;;x
PROV931;Decrepit Flow;Decrepit Flow;Decrepit Flow;;;;;;;;;x
PROV932;Mirror of Twilight;Mirror of Twilight;Mirror of Twilight;;;;;;;;;x
PROV938;Baymouth;Baymouth;Baymouth;;;;;;;;;x
PROV939;Highcalere;Highcalere;Highcalere;;;;;;;;;x
PROV940;Coblin;Coblin;Coblin;;;;;;;;;x
PROV941;Garhill;Garhill;Garhill;;;;;;;;;x
PROV942;Northcape;Northcape;Northcape;;;;;;;;;x
PROV943;Oil Lakes;Oil Lakes;Oil Lakes;;;;;;;;;x
PROV944;Ji'kalak;Ji'kalak;Ji'kalak;;;;;;;;;x
PROV945;Hil'dor;Hil'dor;Hil'dor;;;;;;;;;x
PROV946;Battok'alor;Battok'alor;Battok'alor;;;;;;;;;x
PROV947;Aiszul'do;Aiszul'do;Aiszul'do;;;;;;;;;x
PROV948;Tinkerboom;Tinkerboom;Tinkerboom;;;;;;;;;x
PROV949;Dragon Isles;Dragon Isles;Dragon Isles;;;;;;;;;x
PROV950;Wrenchport;Wrenchport;Wrenchport;;;;;;;;;x
PROV951;Khagrihm;Khagrihm;Khagrihm;;;;;;;;;x
PROV952;Crowgate;Crowgate;Crowgate;;;;;;;;;x
PROV953;Black Coast;Black Coast;Black Coast;;;;;;;;;x
PROV954;Glaive Isle;Glaive Isle;Glaive Isle;;;;;;;;;x
PROV955;Mouth of Dragon;Mouth of Dragon;Mouth of Dragon;;;;;;;;;x
PROV956;Great Sea;Great Sea;Great Sea;;;;;;;;;x
PROV957;Great Sea;Great Sea;Great Sea;;;;;;;;;x
PROV958;Great Sea;Great Sea;Great Sea;;;;;;;;;x
PROV959;Great Sea;Great Sea;Great Sea;;;;;;;;;x
PROV960;Great Sea;Great Sea;Great Sea;;;;;;;;;x
PROV961;Great Sea;Great Sea;Great Sea;;;;;;;;;x
PROV962;Great Sea;Great Sea;Great Sea;;;;;;;;;x
PROV963;Great Sea;Great Sea;Great Sea;;;;;;;;;x
PROV964;Great Sea;Great Sea;Great Sea;;;;;;;;;x
PROV965;Great Sea;Great Sea;Great Sea;;;;;;;;;x
PROV966;Great Sea;Great Sea;Great Sea;;;;;;;;;x
PROV967;Great Sea;Great Sea;Great Sea;;;;;;;;;x
PROV968;Great Sea;Great Sea;Great Sea;;;;;;;;;x
PROV969;Great Sea;Great Sea;Great Sea;;;;;;;;;x
PROV970;Great Sea;Great Sea;Great Sea;;;;;;;;;x
PROV971;Great Sea;Great Sea;Great Sea;;;;;;;;;x
PROV972;Great Sea;Great Sea;Great Sea;;;;;;;;;x
PROV973;Great Sea;Great Sea;Great Sea;;;;;;;;;x
PROV974;Great Sea;Great Sea;Great Sea;;;;;;;;;x
PROV975;Great Sea;Great Sea;Great Sea;;;;;;;;;x
PROV976;Great Sea;Great Sea;Great Sea;;;;;;;;;x
PROV977;Great Sea;Great Sea;Great Sea;;;;;;;;;x
PROV978;Great Sea;Great Sea;Great Sea;;;;;;;;;x
PROV979;Great Sea;Great Sea;Great Sea;;;;;;;;;x
PROV980;Great Sea;Great Sea;Great Sea;;;;;;;;;x
PROV981;Great Sea;Great Sea;Great Sea;;;;;;;;;x
PROV982;Great Sea;Great Sea;Great Sea;;;;;;;;;x
PROV983;Great Sea;Great Sea;Great Sea;;;;;;;;;x
PROV984;Great Sea;Great Sea;Great Sea;;;;;;;;;x
PROV985;Great Sea;Great Sea;Great Sea;;;;;;;;;x
PROV986;Great Sea;Great Sea;Great Sea;;;;;;;;;x
PROV987;Great Sea;Great Sea;Great Sea;;;;;;;;;x
PROV988;Great Sea;Great Sea;Great Sea;;;;;;;;;x
PROV989;Great Sea;Great Sea;Great Sea;;;;;;;;;x
PROV990;Great Sea;Great Sea;Great Sea;;;;;;;;;x
PROV991;Great Sea;Great Sea;Great Sea;;;;;;;;;x
PROV992;Great Sea;Great Sea;Great Sea;;;;;;;;;x
PROV993;Great Sea;Great Sea;Great Sea;;;;;;;;;x
PROV994;Great Sea;Great Sea;Great Sea;;;;;;;;;x
PROV995;Great Sea;Great Sea;Great Sea;;;;;;;;;x
PROV996;Great Sea;Great Sea;Great Sea;;;;;;;;;x
PROV997;South Sea;South Sea;South Sea;;;;;;;;;x
PROV998;South Sea;South Sea;South Sea;;;;;;;;;x
PROV999;South Sea;South Sea;South Sea;;;;;;;;;x
PROV1000;South Sea;South Sea;South Sea;;;;;;;;;x
PROV1001;South Sea;South Sea;South Sea;;;;;;;;;x
PROV1002;South Sea;South Sea;South Sea;;;;;;;;;x
PROV1003;South Sea;South Sea;South Sea;;;;;;;;;x
PROV1004;Great Sea;Great Sea;Great Sea;;;;;;;;;x
PROV1005;Great Sea;Great Sea;Great Sea;;;;;;;;;x
PROV1006;Great Sea;Great Sea;Great Sea;;;;;;;;;x
PROV1007;Great Sea;Great Sea;Great Sea;;;;;;;;;x
PROV1008;Ahn'kahet;Ahn'kahet;Ahn'kahet;;;;;;;;;x
PROV1009;Cisha'zus;Cisha'zus;Cisha'zus;;;;;;;;;x
PROV1010;En'rekan;En'rekan;En'rekan;;;;;;;;;x
PROV1011;Cralmar;Cralmar;Cralmar;;;;;;;;;x
PROV1012;Cha'drakh;Cha'drakh;Cha'drakh;;;;;;;;;x
PROV1013;Hadronox'zin;Hadronox'zin;Hadronox'zin;;;;;;;;;x
PROV1014;Nurjak;Nurjak;Nurjak;;;;;;;;;x
PROV1015;Brood Pit;Brood Pit;Brood Pit;;;;;;;;;x
PROV1016;Kral'rox;Kral'rox;Kral'rox;;;;;;;;;x
PROV1017;Serjeshaik;Serjeshaik;Serjeshaik;;;;;;;;;x
PROV1018;Sut'rashin;Sut'rashin;Sut'rashin;;;;;;;;;x
PROV1019;En'nerub;En'nerub;En'nerub;;;;;;;;;x
PROV1020;Khuljil;Khuljil;Khuljil;;;;;;;;;x
PROV1021;Gaerzos;Gaerzos;Gaerzos;;;;;;;;;x
PROV1022;Krat'ren;Krat'ren;Krat'ren;;;;;;;;;x
PROV1023;Mushvar;Mushvar;Mushvar;;;;;;;;;x
PROV1024;Grais'tolis;Grais'tolis;Grais'tolis;;;;;;;;;x
PROV1025;Haid'rix;Haid'rix;Haid'rix;;;;;;;;;x
PROV1026;Yimok'air;Yimok'air;Yimok'air;;;;;;;;;x
PROV1027;En'kerah;En'kerah;En'kerah;;;;;;;;;x
PROV1028;Sizol'rar;Sizol'rar;Sizol'rar;;;;;;;;;x
PROV1029;Gak'usil;Gak'usil;Gak'usil;;;;;;;;;x
PROV1030;Anub'dahak;Anub'dahak;Anub'dahak;;;;;;;;;x
PROV1031;Stone Pit;Stone Pit;Stone Pit;;;;;;;;;x
PROV1032;Hise'zir;Hise'zir;Hise'zir;;;;;;;;;x
PROV1033;Lost City;Lost City;Lost City;;;;;;;;;x
PROV1034;Bloodground;Bloodground;Bloodground;;;;;;;;;x
PROV1035;Krak'thol;Krak'thol;Krak'thol;;;;;;;;;x
PROV1036;Yulanul;Yulanul;Yulanul;;;;;;;;;x
PROV1037;Nisnat;Nisnat;Nisnat;;;;;;;;;x
PROV1038;Abysshard;Abysshard;Abysshard;;;;;;;;;x
PROV1039;Kreshalan;Kreshalan;Kreshalan;;;;;;;;;x
PROV1040;Kil'tal;Kil'tal;Kil'tal;;;;;;;;;x
PROV1041;Hotway;Hotway;Hotway;;;;;;;;;x
PROV1042;Candle Pass;Candle Pass;Candle Pass;;;;;;;;;x
PROV1043;Disease Coast;Disease Coast;Disease Coast;;;;;;;;;x
PROV1044;Trogg Burrows;Trogg Burrows;Trogg Burrows;;;;;;;;;x
PROV1045;Crying Shore;Crying Shore;Crying Shore;;;;;;;;;x
PROV1046;Khainis;Khainis;Khainis;;;;;;;;;x
PROV1047;Crimson City;Crimson City;Crimson City;;;;;;;;;x
PROV1048;Baravar;Baravar;Baravar;;;;;;;;;x
PROV1049;Dun Glade;Dun Glade;Dun Glade;;;;;;;;;x
PROV1050;Giant Table;Giant Table;Giant Table;;;;;;;;;x
PROV1051;Quiet Plateau;Quiet Plateau;Quiet Plateau;;;;;;;;;x
PROV1052;Waxmine;Waxmine;Waxmine;;;;;;;;;x
PROV1053;Doorward;Doorward;Doorward;;;;;;;;;x
PROV1054;Amberstand;Amberstand;Amberstand;;;;;;;;;x
PROV1055;Lowgarden;Lowgarden;Lowgarden;;;;;;;;;x
PROV1056;Dun Baran;Dun Baran;Dun Baran;;;;;;;;;x
PROV1057;Grivin;Grivin;Grivin;;;;;;;;;x
PROV1058;Goldabar;Goldabar;Goldabar;;;;;;;;;x
PROV1059;Aurum Halls;Aurum Halls;Aurum Halls;;;;;;;;;x
PROV1060;Golgobar;Golgobar;Golgobar;;;;;;;;;x
PROV1061;Diana's Tears;Diana's Tears;Diana's Tears;;;;;;;;;x
PROV1062;Bok'knock;Bok'knock;Bok'knock;;;;;;;;;x
PROV1063;Krijen;Krijen;Krijen;;;;;;;;;x
PROV1064;Dust Walley;Dust Walley;Dust Walley;;;;;;;;;x
PROV1065;Gorlogor;Gorlogor;Gorlogor;;;;;;;;;x
PROV1066;Asjavollr;Asjavollr;Asjavollr;;;;;;;;;x
PROV1067;Earthquaker;Earthquaker;Earthquaker;;;;;;;;;x
PROV1068;Grave River;Grave River;Grave River;;;;;;;;;x
PROV1069;Dryearth;Dryearth;Dryearth;;;;;;;;;x
PROV1070;Vordrassil'arin;Vordrassil'arin;Vordrassil'arin;;;;;;;;;x
PROV1071;Ursolak;Ursolak;Ursolak;;;;;;;;;x
PROV1072;Diamond Coast;Diamond Coast;Diamond Coast;;;;;;;;;x
PROV1073;Mossy Forest;Mossy Forest;Mossy Forest;;;;;;;;;x
PROV1074;Emerald Grove;Emerald Grove;Emerald Grove;;;;;;;;;x
PROV1075;Green Cape;Green Cape;Green Cape;;;;;;;;;x
PROV1076;Bald Cape;Bald Cape;Bald Cape;;;;;;;;;x
PROV1077;Sharp Ledges;Sharp Ledges;Sharp Ledges;;;;;;;;;x
PROV1078;Dry Shore;Dry Shore;Dry Shore;;;;;;;;;x
PROV1079;Strongkeep;Strongkeep;Strongkeep;;;;;;;;;x
PROV1080;Stonefall;Stonefall;Stonefall;;;;;;;;;x
PROV1081;Stonegate;Stonegate;Stonegate;;;;;;;;;x
PROV1082;Yogg'khalia;Yogg'khalia;Yogg'khalia;;;;;;;;;x
PROV1083;Ghur'knock;Ghur'knock;Ghur'knock;;;;;;;;;x
PROV1084;Far'rum;Far'rum;Far'rum;;;;;;;;;x
PROV1085;Surs'nox;Surs'nox;Surs'nox;;;;;;;;;x
PROV1086;Naz'anak;Naz'anak;Naz'anak;;;;;;;;;x
PROV1087;Ebon Depths;Ebon Depths;Ebon Depths;;;;;;;;;x
PROV1088;Saronite Way;Saronite Way;Saronite Way;;;;;;;;;x
PROV1089;Zeb'redar;Zeb'redar;Zeb'redar;;;;;;;;;x
PROV1090;Web'anar;Web'anar;Web'anar;;;;;;;;;x
PROV1091;Gri'kilah;Gri'kilah;Gri'kilah;;;;;;;;;x
PROV1092;Aikor'rekan;Aikor'rekan;Aikor'rekan;;;;;;;;;x
PROV1093;Dusty Island;Dusty Island;Dusty Island;;;;;;;;;x
PROV1094;Numesnil;Numesnil;Numesnil;;;;;;;;;x
PROV1095;Whisp Rift;Whisp Rift;Whisp Rift;;;;;;;;;x
PROV1096;Yul'tomas;Yul'tomas;Yul'tomas;;;;;;;;;x
PROV1097;Crystal Peaks;Crystal Peaks;Crystal Peaks;;;;;;;;;x
PROV1098;Spider Way;Spider Way;Spider Way;;;;;;;;;x
PROV1099;Haven'veril;Haven'veril;Haven'veril;;;;;;;;;x
PROV1100;Rocky Cape;Rocky Cape;Rocky Cape;;;;;;;;;x
PROV1101;Hollow Earth;Hollow Earth;Hollow Earth;;;;;;;;;x
PROV1102;Candle Plains;Candle Plains;Candle Plains;;;;;;;;;x
PROV1103;Madness Pass;Madness Pass;Madness Pass;;;;;;;;;x
PROV1104;Ratling Peninsula;Ratling Peninsula;Ratling Peninsula;;;;;;;;;x
PROV1105;Khusrur;Khusrur;Khusrur;;;;;;;;;x
PROV1106;Dun Ankor;Dun Ankor;Dun Ankor;;;;;;;;;x
PROV1107;Spider Bridge;Spider Bridge;Spider Bridge;;;;;;;;;x
PROV1108;Kazra'drak;Kazra'drak;Kazra'drak;;;;;;;;;x
PROV1109;Demoneye;Demoneye;Demoneye;;;;;;;;;x
PROV1110;An'lakon;An'lakon;An'lakon;;;;;;;;;x
PROV1111;Trarit'zix;Trarit'zix;Trarit'zix;;;;;;;;;x
PROV1112;Angathar;Angathar;Angathar;;;;;;;;;x
PROV1113;Maeldar;Maeldar;Maeldar;;;;;;;;;x
PROV1114;Mushgurd;Mushgurd;Mushgurd;;;;;;;;;x
PROV1115;Nor'kilogg;Nor'kilogg;Nor'kilogg;;;;;;;;;x
PROV1116;Niarduk;Niarduk;Niarduk;;;;;;;;;x
PROV1117;Zarjasux;Zarjasux;Zarjasux;;;;;;;;;x
PROV1118;Umbabu;Umbabu;Umbabu;;;;;;;;;x
PROV1119;Crimson Lake;Crimson Lake;Crimson Lake;;;;;;;;;x
PROV1120;Bloodtears Lake;Bloodtears Lake;Bloodtears Lake;;;;;;;;;x
PROV1121;Trogg Lake;Trogg Lake;Trogg Lake;;;;;;;;;x
PROV1122;Swamp;Swamp;Swamp;;;;;;;;;x
PROV1123;Swamp;Swamp;Swamp;;;;;;;;;x
PROV1124;Swamp;Swamp;Swamp;;;;;;;;;x
PROV1125;Swamp;Swamp;Swamp;;;;;;;;;x
PROV1126;Diamond Lake;Diamond Lake;Diamond Lake;;;;;;;;;x
PROV1127;Emerald Lake;Emerald Lake;Emerald Lake;;;;;;;;;x
PROV1128;Boundless Reach;Boundless Reach;Boundless Reach;;;;;;;;;x
PROV1129;Dark Abyss;Dark Abyss;Dark Abyss;;;;;;;;;x
PROV1130;Thin Abyss;Thin Abyss;Thin Abyss;;;;;;;;;x
PROV1131;Shadow Abyss;Shadow Abyss;Shadow Abyss;;;;;;;;;x
PROV1132;Great Abyss;Great Abyss;Great Abyss;;;;;;;;;x
PROV1133;Serpentine Abyss;Serpentine Abyss;Serpentine Abyss;;;;;;;;;x
PROV1134;Shattered Abyss;Shattered Abyss;Shattered Abyss;;;;;;;;;x
PROV1135;Forgotten Abyss;Forgotten Abyss;Forgotten Abyss;;;;;;;;;x
PROV1136;Devouring Abyss;Devouring Abyss;Devouring Abyss;;;;;;;;;x
PROV1137;Forbidden Abyss;Forbidden Abyss;Forbidden Abyss;;;;;;;;;x
PROV1141;Ice Ridge;Ice Ridge;Ice Ridge;;;;;;;;;x
PROV1143;World's Precipice;World's Precipice;World's Precipice;;;;;;;;;x
PROV1144;World's Precipice;World's Precipice;World's Precipice;;;;;;;;;x
PROV1151;Absorbing Scar;Absorbing Scar;Absorbing Scar;;;;;;;;;x
PROV1152;Distorting Scars;Distorting Scars;Distorting Scars;;;;;;;;;x
PROV1153;Deep Scar;Deep Scar;Deep Scar;;;;;;;;;x
PROV1154;Ulgrak;Ulgrak;Ulgrak;;;;;;;;;x
PROV1155;Junkwatt;Junkwatt;Junkwatt;;;;;;;;;x
PROV1157;Rustbolt;Rustbolt;Rustbolt;;;;;;;;;x
PROV1158;Scrapbone;Scrapbone;Scrapbone;;;;;;;;;x
PROV1159;Grum;Grum;Grum;;;;;;;;;x
PROV1160;Shipwreck;Shipwreck;Shipwreck;;;;;;;;;x
PROV1161;Wintergrasp;Wintergrasp;Wintergrasp;;;;;;;;;x
PROV1162;Sunken Ring;Sunken Ring;Sunken Ring;;;;;;;;;x
PROV1163;Eastspark;Eastspark;Eastspark;;;;;;;;;x
PROV1164;Broken Temple;Broken Temple;Broken Temple;;;;;;;;;x
PROV1165;Chilled Quagmire;Chilled Quagmire;Chilled Quagmire;;;;;;;;;x
PROV2801;Nazferiti River;Nazferiti River;Nazferiti River;;;;;;;;;x
PROV2802;Nazferiti River;Nazferiti River;Nazferiti River;;;;;;;;;x
PROV2803;Nazferiti River;Nazferiti River;Nazferiti River;;;;;;;;;x
PROV2804;Nazferiti River;Nazferiti River;Nazferiti River;;;;;;;;;x
PROV2805;Nazferiti River;Nazferiti River;Nazferiti River;;;;;;;;;x
PROV2806;Nazferiti River;Nazferiti River;Nazferiti River;;;;;;;;;x
PROV2807;Nazferiti River;Nazferiti River;Nazferiti River;;;;;;;;;x
PROV2808;Nazferiti River;Nazferiti River;Nazferiti River;;;;;;;;;x
PROV2809;Nazferiti River;Nazferiti River;Nazferiti River;;;;;;;;;x
PROV2810;Nazferiti River;Nazferiti River;Nazferiti River;;;;;;;;;x
PROV2811;Lake Nazferiti;Lake Nazferiti;Lake Nazferiti;;;;;;;;;x
PROV2812;Nazferiti River;Nazferiti River;Nazferiti River;;;;;;;;;x
PROV2813;North Sea;North Sea;North Sea;;;;;;;;;x
PROV2814;North Sea;North Sea;North Sea;;;;;;;;;x
PROV2816;North Sea;North Sea;North Sea;;;;;;;;;x
PROV2817;North Sea;North Sea;North Sea;;;;;;;;;x
PROV2818;North Sea;North Sea;North Sea;;;;;;;;;x
PROV2820;North Sea;North Sea;North Sea;;;;;;;;;x
PROV2821;North Sea;North Sea;North Sea;;;;;;;;;x
PROV2822;North Sea;North Sea;North Sea;;;;;;;;;x
PROV2823;North Sea;North Sea;North Sea;;;;;;;;;x
PROV2824;North Sea;North Sea;North Sea;;;;;;;;;x
PROV2825;North Sea;North Sea;North Sea;;;;;;;;;x
PROV2826;North Sea;North Sea;North Sea;;;;;;;;;x
PROV2827;North Sea;North Sea;North Sea;;;;;;;;;x
PROV2828;North Sea;North Sea;North Sea;;;;;;;;;x
PROV2829;North Sea;North Sea;North Sea;;;;;;;;;x
PROV2830;North Sea;North Sea;North Sea;;;;;;;;;x
PROV2831;Frozen Sea;Frozen Sea;Frozen Sea;;;;;;;;;x
PROV2832;Frozen Sea;Frozen Sea;Frozen Sea;;;;;;;;;x
PROV2833;Frozen Sea;Frozen Sea;Frozen Sea;;;;;;;;;x
PROV2834;Frozen Sea;Frozen Sea;Frozen Sea;;;;;;;;;x
PROV2835;Frozen Sea;Frozen Sea;Frozen Sea;;;;;;;;;x
PROV2836;Frozen Sea;Frozen Sea;Frozen Sea;;;;;;;;;x
PROV2837;Frozen Sea;Frozen Sea;Frozen Sea;;;;;;;;;x
PROV2838;Frozen Sea;Frozen Sea;Frozen Sea;;;;;;;;;x
PROV2839;Frozen Sea;Frozen Sea;Frozen Sea;;;;;;;;;x
PROV2840;Frozen Sea;Frozen Sea;Frozen Sea;;;;;;;;;x
PROV2841;Frozen Sea;Frozen Sea;Frozen Sea;;;;;;;;;x
PROV2842;Frozen Sea;Frozen Sea;Frozen Sea;;;;;;;;;x
PROV2843;Frozen Sea;Frozen Sea;Frozen Sea;;;;;;;;;x
PROV2844;Frozen Sea;Frozen Sea;Frozen Sea;;;;;;;;;x
PROV2845;Frozen Sea;Frozen Sea;Frozen Sea;;;;;;;;;x
PROV2846;Frozen Sea;Frozen Sea;Frozen Sea;;;;;;;;;x
PROV2847;Frozen Sea;Frozen Sea;Frozen Sea;;;;;;;;;x
PROV2848;Frozen Sea;Frozen Sea;Frozen Sea;;;;;;;;;x
PROV2849;Frozen Sea;Frozen Sea;Frozen Sea;;;;;;;;;x
PROV2850;Frozen Sea;Frozen Sea;Frozen Sea;;;;;;;;;x
PROV2851;Frozen Sea;Frozen Sea;Frozen Sea;;;;;;;;;x
PROV2852;Frozen Sea;Frozen Sea;Frozen Sea;;;;;;;;;x
PROV2853;Frozen Sea;Frozen Sea;Frozen Sea;;;;;;;;;x
PROV2854;Frozen Sea;Frozen Sea;Frozen Sea;;;;;;;;;x
PROV2855;FrozenSea;FrozenSea;FrozenSea;;;;;;;;;x
PROV2856;Moa'ki Harbor;Moa'ki Harbor;Moa'ki Harbor;;;;;;;;;x
PROV2857;Kili'ua's Atoll;Kili'ua's Atoll;Kili'ua's Atoll;;;;;;;;;x
PROV2858;Coldwind Bay;Coldwind Bay;Coldwind Bay;;;;;;;;;x
PROV2859;Frozen Sea;Frozen Sea;Frozen Sea;;;;;;;;;x
PROV2860;Frozen Sea;Frozen Sea;Frozen Sea;;;;;;;;;x
PROV2861;Frozen Sea;Frozen Sea;Frozen Sea;;;;;;;;;x
PROV2862;Frozen Sea;Frozen Sea;Frozen Sea;;;;;;;;;x
PROV2863;Strait of Coldarra;Strait of Coldarra;Strait of Coldarra;;;;;;;;;x
PROV2864;Glimmer Bay;Glimmer Bay;Glimmer Bay;;;;;;;;;x
PROV2865;Frozen Sea;Frozen Sea;Frozen Sea;;;;;;;;;x
PROV2866;Frozen Sea;Frozen Sea;Frozen Sea;;;;;;;;;x
PROV2867;Seabreach Coast;Seabreach Coast;Seabreach Coast;;;;;;;;;x
PROV2869;Seabreach Coast;Seabreach Coast;Seabreach Coast;;;;;;;;;x
PROV2870;Coast of Conquests;Coast of Conquests;Coast of Conquests;;;;;;;;;x
PROV2872;Coast of Conquests;Coast of Conquests;Coast of Conquests;;;;;;;;;x
PROV2873;Coast of Conquests;Coast of Conquests;Coast of Conquests;;;;;;;;;x
PROV2874;Coast of Conquests;Coast of Conquests;Coast of Conquests;;;;;;;;;x
PROV2876;Onslaught Bay;Onslaught Bay;Onslaught Bay;;;;;;;;;x
PROV2877;North Sea;North Sea;North Sea;;;;;;;;;x
PROV2878;North Sea;North Sea;North Sea;;;;;;;;;x
PROV2879;North Sea;North Sea;North Sea;;;;;;;;;x
PROV2880;Hrothgar Pass;Hrothgar Pass;Hrothgar Pass;;;;;;;;;x
PROV2883;Hrothgar Pass;Hrothgar Pass;Hrothgar Pass;;;;;;;;;x
PROV2885;North Sea;North Sea;North Sea;;;;;;;;;x
PROV2887;North Sea;North Sea;North Sea;;;;;;;;;x
PROV2888;North Sea;North Sea;North Sea;;;;;;;;;x
PROV2889;North Sea;North Sea;North Sea;;;;;;;;;x
PROV2890;North Sea;North Sea;North Sea;;;;;;;;;x
PROV2891;North Sea;North Sea;North Sea;;;;;;;;;x
PROV2892;North Sea;North Sea;North Sea;;;;;;;;;x
PROV2893;North Sea;North Sea;North Sea;;;;;;;;;x
PROV2894;North Sea;North Sea;North Sea;;;;;;;;;x
PROV2895;North Sea;North Sea;North Sea;;;;;;;;;x
PROV2896;North Sea;North Sea;North Sea;;;;;;;;;x
PROV2897;North Sea;North Sea;North Sea;;;;;;;;;x
PROV2898;North Sea;North Sea;North Sea;;;;;;;;;x
PROV2899;North Sea;North Sea;North Sea;;;;;;;;;x
PROV2902;Tol'nariv;Tol'nariv;Tol'nariv;;;;;;;;;x
PROV2903;Dulized;Dulized;Dulized;;;;;;;;;x
PROV2904;Sunstone;Sunstone;Sunstone;;;;;;;;;x
PROV2905;Nahom;Nahom;Nahom;;;;;;;;;x
PROV2906;Khartut;Khartut;Khartut;;;;;;;;;x
PROV2907;Tammano;Tammano;Tammano;;;;;;;;;x
PROV2908;Ramkahen;Ramkahen;Ramkahen;;;;;;;;;x
PROV2909;Mar'at;Mar'at;Mar'at;;;;;;;;;x
PROV2911;Tahret;Tahret;Tahret;;;;;;;;;x
PROV2912;Akhenet;Akhenet;Akhenet;;;;;;;;;x
PROV2913;Phedathi;Phedathi;Phedathi;;;;;;;;;x
PROV2914;Sahket;Sahket;Sahket;;;;;;;;;x
PROV2915;Helhuvip;Helhuvip;Helhuvip;;;;;;;;;x
PROV2916;Orsis;Orsis;Orsis;;;;;;;;;x
PROV2917;Ammon;Ammon;Ammon;;;;;;;;;x
PROV2918;Ta-Kemet;Ta-Kemet;Ta-Kemet;;;;;;;;;x
PROV2919;An'barhan;An'barhan;An'barhan;;;;;;;;;x
PROV2920;Vir'sar;Vir'sar;Vir'sar;;;;;;;;;x
PROV2921;Khintaset;Khintaset;Khintaset;;;;;;;;;x
PROV2922;Moonsuph;Moonsuph;Moonsuph;;;;;;;;;x
PROV2923;Aamsk;Aamsk;Aamsk;;;;;;;;;x
PROV2924;Neferset;Neferset;Neferset;;;;;;;;;x
PROV2925;South Wind;South Wind;South Wind;;;;;;;;;x
PROV2926;Kubitis;Kubitis;Kubitis;;;;;;;;;x
PROV2927;Sunwatcher;Sunwatcher;Sunwatcher;;;;;;;;;x
PROV2928;Sunsuph;Sunsuph;Sunsuph;;;;;;;;;x
PROV2929;Hamatep;Hamatep;Hamatep;;;;;;;;;x
PROV2930;Asova;Asova;Asova;;;;;;;;;x
PROV2931;Oorf;Oorf;Oorf;;;;;;;;;x
PROV2934;Zul'farrak;Zul'farrak;Zul'farrak;;;;;;;;;x
PROV2935;Gadgetzan;Gadgetzan;Gadgetzan;;;;;;;;;x
PROV2936;Waterspring;Waterspring;Waterspring;;;;;;;;;x
PROV2937;Sandsnipe;Sandsnipe;Sandsnipe;;;;;;;;;x
PROV2938;Wavestrider;Wavestrider;Wavestrider;;;;;;;;;x
PROV2939;Noonshade;Noonshade;Noonshade;;;;;;;;;x
PROV2940;Sandsorrow;Sandsorrow;Sandsorrow;;;;;;;;;x
PROV2941;Wag'tan;Wag'tan;Wag'tan;;;;;;;;;x
PROV2942;Noxious;Noxious;Noxious;;;;;;;;;x
PROV2943;Dunemaul;Dunemaul;Dunemaul;;;;;;;;;x
PROV2944;Caverns of Time;Caverns of Time;Caverns of Time;;;;;;;;;x
PROV2945;Volund;Volund;Volund;;;;;;;;;x
PROV2946;Rniasass;Rniasass;Rniasass;;;;;;;;;x
PROV2947;Jag'tar;Jag'tar;Jag'tar;;;;;;;;;x
PROV2948;Nviamas;Nviamas;Nviamas;;;;;;;;;x
PROV2949;Southbreak;Southbreak;Southbreak;;;;;;;;;x
PROV2950;Allaeis;Allaeis;Allaeis;;;;;;;;;x
PROV2951;Thistleshrub;Thistleshrub;Thistleshrub;;;;;;;;;x
PROV2952;Uldum;Uldum;Uldum;;;;;;;;;x
PROV2953;Southmoon;Southmoon;Southmoon;;;;;;;;;x
PROV2954;Eastmoon;Eastmoon;Eastmoon;;;;;;;;;x
PROV2955;Southpoint;Southpoint;Southpoint;;;;;;;;;x
PROV2956;Ahn'qiraj;Ahn'qiraj;Ahn'qiraj;;;;;;;;;x
PROV2957;Murcevin;Murcevin;Murcevin;;;;;;;;;x
PROV2958;Staghelm;Staghelm;Staghelm;;;;;;;;;x
PROV2959;Valor;Valor;Valor;;;;;;;;;x
PROV2960;Hive'ashi;Hive'ashi;Hive'ashi;;;;;;;;;x
PROV2961;Crystalvale;Crystalvale;Crystalvale;;;;;;;;;x
PROV2962;Ishrak;Ishrak;Ishrak;;;;;;;;;x
PROV2963;Hive'zora;Hive'zora;Hive'zora;;;;;;;;;x
PROV2964;Waterscar;Waterscar;Waterscar;;;;;;;;;x
PROV2965;Scarab Wall;Scarab Wall;Scarab Wall;;;;;;;;;x
PROV2966;Haasra;Haasra;Haasra;;;;;;;;;x
PROV2967;Ashakx;Ashakx;Ashakx;;;;;;;;;x
PROV2968;Hive'regal;Hive'regal;Hive'regal;;;;;;;;;x
PROV2969;Xernannoss;Xernannoss;Xernannoss;;;;;;;;;x
PROV2970;Southwind;Southwind;Southwind;;;;;;;;;x
PROV2971;Skerezziz;Skerezziz;Skerezziz;;;;;;;;;x
PROV2972;Tug'rann;Tug'rann;Tug'rann;;;;;;;;;x
PROV2973;Kag'ram;Kag'ram;Kag'ram;;;;;;;;;x
PROV2974;Eldre'thalas;Eldre'thalas;Eldre'thalas;;;;;;;;;x
PROV2975;Avalune;Avalune;Avalune;;;;;;;;;x
PROV2976;Warpwood;Warpwood;Warpwood;;;;;;;;;x
PROV2977;Dumont;Dumont;Dumont;;;;;;;;;x
PROV2978;Estulan;Estulan;Estulan;;;;;;;;;x
PROV2979;Ishelean;Ishelean;Ishelean;;;;;;;;;x
PROV2980;Frayfeather;Frayfeather;Frayfeather;;;;;;;;;x
PROV2981;Isildien;Isildien;Isildien;;;;;;;;;x
PROV2982;Elunar;Elunar;Elunar;;;;;;;;;x
PROV2983;Sardor;Sardor;Sardor;;;;;;;;;x
PROV2984;Wyhelly;Wyhelly;Wyhelly;;;;;;;;;x
PROV2985;Ravenwind;Ravenwind;Ravenwind;;;;;;;;;x
PROV2986;Ataya;Ataya;Ataya;;;;;;;;;x
PROV2987;Oneiros;Oneiros;Oneiros;;;;;;;;;x
PROV2988;Fehis;Fehis;Fehis;;;;;;;;;x
PROV2989;Esossa;Esossa;Esossa;;;;;;;;;x
PROV2990;El'dratir;El'dratir;El'dratir;;;;;;;;;x
PROV2991;Mojache;Mojache;Mojache;;;;;;;;;x
PROV2992;Phe'llu;Phe'llu;Phe'llu;;;;;;;;;x
PROV2993;Lariss;Lariss;Lariss;;;;;;;;;x
PROV2994;Cifonill;Cifonill;Cifonill;;;;;;;;;x
PROV2995;Woodpaw;Woodpaw;Woodpaw;;;;;;;;;x
PROV2996;Shadebough;Shadebough;Shadebough;;;;;;;;;x
PROV2997;Darkmist;Darkmist;Darkmist;;;;;;;;;x
PROV2998;Emyilond;Emyilond;Emyilond;;;;;;;;;x
PROV2999;Asannaes;Asannaes;Asannaes;;;;;;;;;x
PROV3000;Arnluma;Arnluma;Arnluma;;;;;;;;;x
PROV3001;Skypeak;Skypeak;Skypeak;;;;;;;;;x
PROV3002;E'thok;E'thok;E'thok;;;;;;;;;x
PROV3003;Whitereach;Whitereach;Whitereach;;;;;;;;;x
PROV3004;Wahkan;Wahkan;Wahkan;;;;;;;;;x
PROV3005;Highperch;Highperch;Highperch;;;;;;;;;x
PROV3006;Darkcloud;Darkcloud;Darkcloud;;;;;;;;;x
PROV3007;Segenam;Segenam;Segenam;;;;;;;;;x
PROV3008;Splithoof;Splithoof;Splithoof;;;;;;;;;x
PROV3009;Freewind;Freewind;Freewind;;;;;;;;;x
PROV3010;Windbreak;Windbreak;Windbreak;;;;;;;;;x
PROV3011;Ironstone;Ironstone;Ironstone;;;;;;;;;x
PROV3012;Mirage;Mirage;Mirage;;;;;;;;;x
PROV3013;Weazel;Weazel;Weazel;;;;;;;;;x
PROV3014;Rustmaul;Rustmaul;Rustmaul;;;;;;;;;x
PROV3015;Tahonda;Tahonda;Tahonda;;;;;;;;;x
PROV3016;Saltysand;Saltysand;Saltysand;;;;;;;;;x
PROV3017;Shobassa;Shobassa;Shobassa;;;;;;;;;x
PROV3018;Kragrak;Kragrak;Kragrak;;;;;;;;;x
PROV3019;Candlegor;Candlegor;Candlegor;;;;;;;;;x
PROV3020;Sun Aerie;Sun Aerie;Sun Aerie;;;;;;;;;x
PROV3021;Bulwark;Bulwark;Bulwark;;;;;;;;;x
PROV3022;Jamba'rrak;Jamba'rrak;Jamba'rrak;;;;;;;;;x
PROV3023;Maraudon;Maraudon;Maraudon;;;;;;;;;x
PROV3024;Dhezgih;Dhezgih;Dhezgih;;;;;;;;;x
PROV3025;Gelkis;Gelkis;Gelkis;;;;;;;;;x
PROV3026;Sar'theris;Sar'theris;Sar'theris;;;;;;;;;x
PROV3027;Shadowprey;Shadowprey;Shadowprey;;;;;;;;;x
PROV3028;Mannoroc;Mannoroc;Mannoroc;;;;;;;;;x
PROV3029;Dhurrah;Dhurrah;Dhurrah;;;;;;;;;x
PROV3030;Kormek;Kormek;Kormek;;;;;;;;;x
PROV3031;Khelnin;Khelnin;Khelnin;;;;;;;;;x
PROV3032;Magram;Magram;Magram;;;;;;;;;x
PROV3033;Shadowbreak;Shadowbreak;Shadowbreak;;;;;;;;;x
PROV3034;Shirres;Shirres;Shirres;;;;;;;;;x
PROV3035;Kolkar;Kolkar;Kolkar;;;;;;;;;x
PROV3036;Sargeron;Sargeron;Sargeron;;;;;;;;;x
PROV3037;Nijel;Nijel;Nijel;;;;;;;;;x
PROV3038;Tethris Aran;Tethris Aran;Tethris Aran;;;;;;;;;x
PROV3039;Thunder Axe;Thunder Axe;Thunder Axe;;;;;;;;;x
PROV3040;Rhuhnas;Rhuhnas;Rhuhnas;;;;;;;;;x
PROV3041;Ethel Rethor;Ethel Rethor;Ethel Rethor;;;;;;;;;x
PROV3042;Ranazjar;Ranazjar;Ranazjar;;;;;;;;;x
PROV3043;Orgrimmar;Orgrimmar;Orgrimmar;;;;;;;;;x
PROV3044;Spiritvale;Spiritvale;Spiritvale;;;;;;;;;x
PROV3045;Rocktusk;Rocktusk;Rocktusk;;;;;;;;;x
PROV3046;Bladefist;Bladefist;Bladefist;;;;;;;;;x
PROV3047;Razor Hill;Razor Hill;Razor Hill;;;;;;;;;x
PROV3048;Drygulch;Drygulch;Drygulch;;;;;;;;;x
PROV3049;Thunderwish;Thunderwish;Thunderwish;;;;;;;;;x
PROV3050;Blackblood;Blackblood;Blackblood;;;;;;;;;x
PROV3051;Razormane;Razormane;Razormane;;;;;;;;;x
PROV3052;Sarkoth;Sarkoth;Sarkoth;;;;;;;;;x
PROV3053;Bladescar;Bladescar;Bladescar;;;;;;;;;x
PROV3054;Sen'jin;Sen'jin;Sen'jin;;;;;;;;;x
PROV3055;Southwatch;Southwatch;Southwatch;;;;;;;;;x
PROV3056;Geruzh;Geruzh;Geruzh;;;;;;;;;x
PROV3057;Echo Isle;Echo Isle;Echo Isle;;;;;;;;;x
PROV3058;Spitescale;Spitescale;Spitescale;;;;;;;;;x
PROV3059;Bloodtalon;Bloodtalon;Bloodtalon;;;;;;;;;x
PROV3060;Crossroads;Crossroads;Crossroads;;;;;;;;;x
PROV3061;Gold Road;Gold Road;Gold Road;;;;;;;;;x
PROV3062;Thorn Hill;Thorn Hill;Thorn Hill;;;;;;;;;x
PROV3063;Shehras;Shehras;Shehras;;;;;;;;;x
PROV3064;Lushwater;Lushwater;Lushwater;;;;;;;;;x
PROV3065;Ratchet;Ratchet;Ratchet;;;;;;;;;x
PROV3066;Wailing;Wailing;Wailing;;;;;;;;;x
PROV3067;Dreadmist;Dreadmist;Dreadmist;;;;;;;;;x
PROV3068;Dry Hills;Dry Hills;Dry Hills;;;;;;;;;x
PROV3069;Dazgok;Dazgok;Dazgok;;;;;;;;;x
PROV3070;Deadlock;Deadlock;Deadlock;;;;;;;;;x
PROV3071;Mor'shan;Mor'shan;Mor'shan;;;;;;;;;x
PROV3072;Grol'dom;Grol'dom;Grol'dom;;;;;;;;;x
PROV3073;Chanlelle;Chanlelle;Chanlelle;;;;;;;;;x
PROV3074;Tulgam;Tulgam;Tulgam;;;;;;;;;x
PROV3075;Southfury;Southfury;Southfury;;;;;;;;;x
PROV3076;Stone Hill;Stone Hill;Stone Hill;;;;;;;;;x
PROV3077;Taurajo;Taurajo;Taurajo;;;;;;;;;x
PROV3078;Agama'gor;Agama'gor;Agama'gor;;;;;;;;;x
PROV3079;Bramblescar;Bramblescar;Bramblescar;;;;;;;;;x
PROV3080;Wudotta;Wudotta;Wudotta;;;;;;;;;x
PROV3081;Battlescar;Battlescar;Battlescar;;;;;;;;;x
PROV3082;Quildown;Quildown;Quildown;;;;;;;;;x
PROV3083;Razorfen;Razorfen;Razorfen;;;;;;;;;x
PROV3084;Downs;Downs;Downs;;;;;;;;;x
PROV3085;Blackthorn;Blackthorn;Blackthorn;;;;;;;;;x
PROV3086;Bael'dun;Bael'dun;Bael'dun;;;;;;;;;x
PROV3087;Spearhead;Spearhead;Spearhead;;;;;;;;;x
PROV3088;Agamagar;Agamagar;Agamagar;;;;;;;;;x
PROV3089;Brambleblade;Brambleblade;Brambleblade;;;;;;;;;x
PROV3090;Nittawosew;Nittawosew;Nittawosew;;;;;;;;;x
PROV3091;Northwatch;Northwatch;Northwatch;;;;;;;;;x
PROV3092;Hungozh;Hungozh;Hungozh;;;;;;;;;x
PROV3093;Fray;Fray;Fray;;;;;;;;;x
PROV3094;Thunder Bluff;Thunder Bluff;Thunder Bluff;;;;;;;;;x
PROV3095;Sequoia;Sequoia;Sequoia;;;;;;;;;x
PROV3096;Soyala;Soyala;Soyala;;;;;;;;;x
PROV3097;Shuman;Shuman;Shuman;;;;;;;;;x
PROV3098;Narache;Narache;Narache;;;;;;;;;x
PROV3099;Fargaze;Fargaze;Fargaze;;;;;;;;;x
PROV3100;Battleboar;Battleboar;Battleboar;;;;;;;;;x
PROV3101;Palemane;Palemane;Palemane;;;;;;;;;x
PROV3102;Thunderhorn;Thunderhorn;Thunderhorn;;;;;;;;;x
PROV3103;Dalsh-Beran;Dalsh-Beran;Dalsh-Beran;;;;;;;;;x
PROV3104;Bloodhoof;Bloodhoof;Bloodhoof;;;;;;;;;x
PROV3105;Waterhoof;Waterhoof;Waterhoof;;;;;;;;;x
PROV3106;Shaibi;Shaibi;Shaibi;;;;;;;;;x
PROV3107;Cocheta;Cocheta;Cocheta;;;;;;;;;x
PROV3108;Orenda;Orenda;Orenda;;;;;;;;;x
PROV3109;Windfury;Windfury;Windfury;;;;;;;;;x
PROV3110;Sungraze;Sungraze;Sungraze;;;;;;;;;x
PROV3111;Grassmount;Grassmount;Grassmount;;;;;;;;;x
PROV3112;Hot Springs;Hot Springs;Hot Springs;;;;;;;;;x
PROV3113;Redrock;Redrock;Redrock;;;;;;;;;x
PROV3114;Greatwood;Greatwood;Greatwood;;;;;;;;;x
PROV3115;Malaka'jin;Malaka'jin;Malaka'jin;;;;;;;;;x
PROV3116;Aparaje;Aparaje;Aparaje;;;;;;;;;x
PROV3117;Ruggok;Ruggok;Ruggok;;;;;;;;;x
PROV3118;Boulderslide;Boulderslide;Boulderslide;;;;;;;;;x
PROV3119;Farview;Farview;Farview;;;;;;;;;x
PROV3120;Webwinder;Webwinder;Webwinder;;;;;;;;;x
PROV3121;Sishir;Sishir;Sishir;;;;;;;;;x
PROV3122;Sun Rock;Sun Rock;Sun Rock;;;;;;;;;x
PROV3123;Nokomis;Nokomis;Nokomis;;;;;;;;;x
PROV3124;Eldre'thar;Eldre'thar;Eldre'thar;;;;;;;;;x
PROV3125;Fallowmere;Fallowmere;Fallowmere;;;;;;;;;x
PROV3126;Windshear;Windshear;Windshear;;;;;;;;;x
PROV3127;Talondeep;Talondeep;Talondeep;;;;;;;;;x
PROV3128;Windshear;Windshear;Windshear;;;;;;;;;x
PROV3129;Cragpool;Cragpool;Cragpool;;;;;;;;;x
PROV3130;Stonetalon;Stonetalon;Stonetalon;;;;;;;;;x
PROV3131;Talon Den;Talon Den;Talon Den;;;;;;;;;x
PROV3132;Arculla;Arculla;Arculla;;;;;;;;;x
PROV3133;Mirkfallon;Mirkfallon;Mirkfallon;;;;;;;;;x
PROV3134;Cliffwalker;Cliffwalker;Cliffwalker;;;;;;;;;x
PROV3135;Thal'darah;Thal'darah;Thal'darah;;;;;;;;;x
PROV3136;Thal Grove;Thal Grove;Thal Grove;;;;;;;;;x
PROV3137;Farwatch;Farwatch;Farwatch;;;;;;;;;x
PROV3138;Ponisuk;Ponisuk;Ponisuk;;;;;;;;;x
PROV3139;Lesturrom;Lesturrom;Lesturrom;;;;;;;;;x
PROV3140;Theramore;Theramore;Theramore;;;;;;;;;x
PROV3141;Alcaz;Alcaz;Alcaz;;;;;;;;;x
PROV3142;Dreadmurk;Dreadmurk;Dreadmurk;;;;;;;;;x
PROV3143;Sentry Point;Sentry Point;Sentry Point;;;;;;;;;x
PROV3144;Swamplight;Swamplight;Swamplight;;;;;;;;;x
PROV3145;Witch Hill;Witch Hill;Witch Hill;;;;;;;;;x
PROV3146;Blackhoof;Blackhoof;Blackhoof;;;;;;;;;x
PROV3147;Bluefen;Bluefen;Bluefen;;;;;;;;;x
PROV3148;Darkmist;Darkmist;Darkmist;;;;;;;;;x
PROV3149;Brackenwall;Brackenwall;Brackenwall;;;;;;;;;x
PROV3150;Shadowhoof;Shadowhoof;Shadowhoof;;;;;;;;;x
PROV3151;Quagmire;Quagmire;Quagmire;;;;;;;;;x
PROV3152;Direhorn;Direhorn;Direhorn;;;;;;;;;x
PROV3153;Shady Rest;Shady Rest;Shady Rest;;;;;;;;;x
PROV3154;Lost Point;Lost Point;Lost Point;;;;;;;;;x
PROV3155;Beezil;Beezil;Beezil;;;;;;;;;x
PROV3157;Fersodra;Fersodra;Fersodra;;;;;;;;;x
PROV3158;Wyrmbog;Wyrmbog;Wyrmbog;;;;;;;;;x
PROV3159;Mudsprocket;Mudsprocket;Mudsprocket;;;;;;;;;x
PROV3160;Zertixia;Zertixia;Zertixia;;;;;;;;;x
PROV3161;Dragonmurk;Dragonmurk;Dragonmurk;;;;;;;;;x
PROV3162;Astranaar;Astranaar;Astranaar;;;;;;;;;x
PROV3163;Maestra;Maestra;Maestra;;;;;;;;;x
PROV3164;Thistlefur;Thistlefur;Thistlefur;;;;;;;;;x
PROV3165;Iris Valley;Iris Valley;Iris Valley;;;;;;;;;x
PROV3166;Nighttalon;Nighttalon;Nighttalon;;;;;;;;;x
PROV3167;Fire Scar;Fire Scar;Fire Scar;;;;;;;;;x
PROV3168;Aessina;Aessina;Aessina;;;;;;;;;x
PROV3169;Stardust;Stardust;Stardust;;;;;;;;;x
PROV3170;Silverwind;Silverwind;Silverwind;;;;;;;;;x
PROV3171;Greenpaw;Greenpaw;Greenpaw;;;;;;;;;x
PROV3172;Ealnow;Ealnow;Ealnow;;;;;;;;;x
PROV3173;Bloodtooth;Bloodtooth;Bloodtooth;;;;;;;;;x
PROV3174;Raynewood;Raynewood;Raynewood;;;;;;;;;x
PROV3175;Moonvalley;Moonvalley;Moonvalley;;;;;;;;;x
PROV3176;Howling Vale;Howling Vale;Howling Vale;;;;;;;;;x
PROV3177;Highroad;Highroad;Highroad;;;;;;;;;x
PROV3178;Bloodfen;Bloodfen;Bloodfen;;;;;;;;;x
PROV3179;Shady Nook;Shady Nook;Shady Nook;;;;;;;;;x
PROV3180;Xavian;Xavian;Xavian;;;;;;;;;x
PROV3181;Night Run;Night Run;Night Run;;;;;;;;;x
PROV3182;Satyrnaar;Satyrnaar;Satyrnaar;;;;;;;;;x
PROV3183;Silverwing;Silverwing;Silverwing;;;;;;;;;x
PROV3184;Falfarren;Falfarren;Falfarren;;;;;;;;;x
PROV3185;Dor'danil;Dor'danil;Dor'danil;;;;;;;;;x
PROV3186;Splintertree;Splintertree;Splintertree;;;;;;;;;x
PROV3187;Green Hill;Green Hill;Green Hill;;;;;;;;;x
PROV3188;Nightsong;Nightsong;Nightsong;;;;;;;;;x
PROV3189;Night Canyon;Night Canyon;Night Canyon;;;;;;;;;x
PROV3190;Ashengard;Ashengard;Ashengard;;;;;;;;;x
PROV3191;Forest Song;Forest Song;Forest Song;;;;;;;;;x
PROV3192;Bough Shadow;Bough Shadow;Bough Shadow;;;;;;;;;x
PROV3193;Ordil'aran;Ordil'aran;Ordil'aran;;;;;;;;;x
PROV3194;Falathim;Falathim;Falathim;;;;;;;;;x
PROV3195;Bathran;Bathran;Bathran;;;;;;;;;x
PROV3196;Zoram;Zoram;Zoram;;;;;;;;;x
PROV3197;Blackfathom;Blackfathom;Blackfathom;;;;;;;;;x
PROV3198;Shadowsong;Shadowsong;Shadowsong;;;;;;;;;x
PROV3199;Haldarr;Haldarr;Haldarr;;;;;;;;;x
PROV3200;Forlorn;Forlorn;Forlorn;;;;;;;;;x
PROV3201;Xonul'zis;Xonul'zis;Xonul'zis;;;;;;;;;x
PROV3202;Atel'anor;Atel'anor;Atel'anor;;;;;;;;;x
PROV3203;Woodscream;Woodscream;Woodscream;;;;;;;;;x
PROV3204;Zin-Malor;Zin-Malor;Zin-Malor;;;;;;;;;x
PROV3205;Eldarath;Eldarath;Eldarath;;;;;;;;;x
PROV3206;Southridge;Southridge;Southridge;;;;;;;;;x
PROV3207;Bjorrmr;Bjorrmr;Bjorrmr;;;;;;;;;x
PROV3208;Storm Isles;Storm Isles;Storm Isles;;;;;;;;;x
PROV3209;Hetaera;Hetaera;Hetaera;;;;;;;;;x
PROV3210;Blackmaw;Blackmaw;Blackmaw;;;;;;;;;x
PROV3211;Gorokie;Gorokie;Gorokie;;;;;;;;;x
PROV3212;Valormok;Valormok;Valormok;;;;;;;;;x
PROV3213;Ursolan;Ursolan;Ursolan;;;;;;;;;x
PROV3214;Nendis;Nendis;Nendis;;;;;;;;;x
PROV3215;Legash;Legash;Legash;;;;;;;;;x
PROV3216;Nordressa;Nordressa;Nordressa;;;;;;;;;x
PROV3217;Sable Ridge;Sable Ridge;Sable Ridge;;;;;;;;;x
PROV3218;Arkkoran;Arkkoran;Arkkoran;;;;;;;;;x
PROV3219;Eldara;Eldara;Eldara;;;;;;;;;x
PROV3220;Jagged Reef;Jagged Reef;Jagged Reef;;;;;;;;;x
PROV3221;Ravencrest;Ravencrest;Ravencrest;;;;;;;;;x
PROV3222;Jozaes;Jozaes;Jozaes;;;;;;;;;x
PROV3223;Xem'rir;Xem'rir;Xem'rir;;;;;;;;;x
PROV3224;Grim Ulang;Grim Ulang;Grim Ulang;;;;;;;;;x
PROV3225;Bilgetrade;Bilgetrade;Bilgetrade;;;;;;;;;x
PROV3226;Auberdine;Auberdine;Auberdine;;;;;;;;;x
PROV3227;Long Wash;Long Wash;Long Wash;;;;;;;;;x
PROV3228;Darkshore;Darkshore;Darkshore;;;;;;;;;x
PROV3229;Bashal'aran;Bashal'aran;Bashal'aran;;;;;;;;;x
PROV3230;Mist's Edge;Mist's Edge;Mist's Edge;;;;;;;;;x
PROV3231;Mathystra;Mathystra;Mathystra;;;;;;;;;x
PROV3232;Cliffspring;Cliffspring;Cliffspring;;;;;;;;;x
PROV3233;Lor'danel;Lor'danel;Lor'danel;;;;;;;;;x
PROV3234;Fathom Bay;Fathom Bay;Fathom Bay;;;;;;;;;x
PROV3235;Shatterspear;Shatterspear;Shatterspear;;;;;;;;;x
PROV3236;Mugjamba;Mugjamba;Mugjamba;;;;;;;;;x
PROV3237;Ameth'aran;Ameth'aran;Ameth'aran;;;;;;;;;x
PROV3238;Phullila;Phullila;Phullila;;;;;;;;;x
PROV3239;Thethiru;Thethiru;Thethiru;;;;;;;;;x
PROV3240;Blackwood;Blackwood;Blackwood;;;;;;;;;x
PROV3241;Nevedre;Nevedre;Nevedre;;;;;;;;;x
PROV3242;Tassik;Tassik;Tassik;;;;;;;;;x
PROV3243;Morlos'aran;Morlos'aran;Morlos'aran;;;;;;;;;x
PROV3244;Deadwood;Deadwood;Deadwood;;;;;;;;;x
PROV3245;Enle;Enle;Enle;;;;;;;;;x
PROV3246;Emer'aran;Emer'aran;Emer'aran;;;;;;;;;x
PROV3247;Constellas;Constellas;Constellas;;;;;;;;;x
PROV3248;Jaedenar;Jaedenar;Jaedenar;;;;;;;;;x
PROV3249;Bloodpost;Bloodpost;Bloodpost;;;;;;;;;x
PROV3250;Kevaen;Kevaen;Kevaen;;;;;;;;;x
PROV3251;Irontree;Irontree;Irontree;;;;;;;;;x
PROV3252;Jadefire;Jadefire;Jadefire;;;;;;;;;x
PROV3253;Whisperwind;Whisperwind;Whisperwind;;;;;;;;;x
PROV3254;Green Vale;Green Vale;Green Vale;;;;;;;;;x
PROV3255;Timbermaw;Timbermaw;Timbermaw;;;;;;;;;x
PROV3256;Talonbranch;Talonbranch;Talonbranch;;;;;;;;;x
PROV3257;Moonpaw;Moonpaw;Moonpaw;;;;;;;;;x
PROV3258;Ursamaw;Ursamaw;Ursamaw;;;;;;;;;x
PROV3259;Nighthaven;Nighthaven;Nighthaven;;;;;;;;;x
PROV3260;Remulos;Remulos;Remulos;;;;;;;;;x
PROV3261;Dulvarinn;Dulvarinn;Dulvarinn;;;;;;;;;x
PROV3262;Stormrage;Stormrage;Stormrage;;;;;;;;;x
PROV3263;Cenarius;Cenarius;Cenarius;;;;;;;;;x
PROV3264;Nordrassil;Nordrassil;Nordrassil;;;;;;;;;x
PROV3265;Janystaea;Janystaea;Janystaea;;;;;;;;;x
PROV3266;Nord'lazar;Nord'lazar;Nord'lazar;;;;;;;;;x
PROV3267;Lar'donir;Lar'donir;Lar'donir;;;;;;;;;x
PROV3268;Sehyaeth;Sehyaeth;Sehyaeth;;;;;;;;;x
PROV3269;Sithenn;Sithenn;Sithenn;;;;;;;;;x
PROV3270;Sildinas;Sildinas;Sildinas;;;;;;;;;x
PROV3271;Thendyvis;Thendyvis;Thendyvis;;;;;;;;;x
PROV3272;Jillaei;Jillaei;Jillaei;;;;;;;;;x
PROV3273;Aviana;Aviana;Aviana;;;;;;;;;x
PROV3274;Aessina;Aessina;Aessina;;;;;;;;;x
PROV3275;Wumaei;Wumaei;Wumaei;;;;;;;;;x
PROV3276;Citil;Citil;Citil;;;;;;;;;x
PROV3277;Malorne;Malorne;Malorne;;;;;;;;;x
PROV3278;Regrowth;Regrowth;Regrowth;;;;;;;;;x
PROV3279;Nordune;Nordune;Nordune;;;;;;;;;x
PROV3280;Ketedin;Ketedin;Ketedin;;;;;;;;;x
PROV3281;Ashenplain;Ashenplain;Ashenplain;;;;;;;;;x
PROV3282;Jamba;Jamba;Jamba;;;;;;;;;x
PROV3283;Kaldoran;Kaldoran;Kaldoran;;;;;;;;;x
PROV3284;Thimil;Thimil;Thimil;;;;;;;;;x
PROV3285;Elunar;Elunar;Elunar;;;;;;;;;x
PROV3286;Stonevalley;Stonevalley;Stonevalley;;;;;;;;;x
PROV3287;Ungava;Ungava;Ungava;;;;;;;;;x
PROV3288;Halliim;Halliim;Halliim;;;;;;;;;x
PROV3289;Sothann;Sothann;Sothann;;;;;;;;;x
PROV3290;Timberpoof;Timberpoof;Timberpoof;;;;;;;;;x
PROV3291;Hot Springs;Hot Springs;Hot Springs;;;;;;;;;x
PROV3292;Timberlair;Timberlair;Timberlair;;;;;;;;;x
PROV3293;Kel'theril;Kel'theril;Kel'theril;;;;;;;;;x
PROV3294;Snow'daril;Snow'daril;Snow'daril;;;;;;;;;x
PROV3295;Starfall;Starfall;Starfall;;;;;;;;;x
PROV3296;Nae'danar;Nae'danar;Nae'danar;;;;;;;;;x
PROV3297;Snowfang;Snowfang;Snowfang;;;;;;;;;x
PROV3298;Huthenra;Huthenra;Huthenra;;;;;;;;;x
PROV3299;Winterfall;Winterfall;Winterfall;;;;;;;;;x
PROV3300;Cadrellaen;Cadrellaen;Cadrellaen;;;;;;;;;x
PROV3301;Frostsaber;Frostsaber;Frostsaber;;;;;;;;;x
PROV3302;Frosthold;Frosthold;Frosthold;;;;;;;;;x
PROV3303;Dunbur;Dunbur;Dunbur;;;;;;;;;x
PROV3304;Mazthoril;Mazthoril;Mazthoril;;;;;;;;;x
PROV3305;Everlook;Everlook;Everlook;;;;;;;;;x
PROV3306;Isitann;Isitann;Isitann;;;;;;;;;x
PROV3307;Dun Mandarr;Dun Mandarr;Dun Mandarr;;;;;;;;;x
PROV3308;Owlwing;Owlwing;Owlwing;;;;;;;;;x
PROV3309;Frostwhisper;Frostwhisper;Frostwhisper;;;;;;;;;x
PROV3310;Bwon'alor;Bwon'alor;Bwon'alor;;;;;;;;;x
PROV3311;Shadra'dar;Shadra'dar;Shadra'dar;;;;;;;;;x
PROV3312;Uganga;Uganga;Uganga;;;;;;;;;x
PROV3313;Shadow Rock;Shadow Rock;Shadow Rock;;;;;;;;;x
PROV3314;Ik'nal;Ik'nal;Ik'nal;;;;;;;;;x
PROV3315;Lenalli;Lenalli;Lenalli;;;;;;;;;x
PROV3316;Darnassus;Darnassus;Darnassus;;;;;;;;;x
PROV3317;Dolanaar;Dolanaar;Dolanaar;;;;;;;;;x
PROV3318;Starbreeze;Starbreeze;Starbreeze;;;;;;;;;x
PROV3319;Shadowglen;Shadowglen;Shadowglen;;;;;;;;;x
PROV3320;Valaar;Valaar;Valaar;;;;;;;;;x
PROV3321;Bristlelimb;Bristlelimb;Bristlelimb;;;;;;;;;x
PROV3322;Moongraze;Moongraze;Moongraze;;;;;;;;;x
PROV3323;Emberglade;Emberglade;Emberglade;;;;;;;;;x
PROV3324;Ammen Vale;Ammen Vale;Ammen Vale;;;;;;;;;x
PROV3325;Silvermyst;Silvermyst;Silvermyst;;;;;;;;;x
PROV3326;Wrathscale;Wrathscale;Wrathscale;;;;;;;;;x
PROV3327;Ragefeather;Ragefeather;Ragefeather;;;;;;;;;x
PROV3328;Mystwood;Mystwood;Mystwood;;;;;;;;;x
PROV3329;Axxarien;Axxarien;Axxarien;;;;;;;;;x
PROV3330;Bladewood;Bladewood;Bladewood;;;;;;;;;x
PROV3331;Amberweb;Amberweb;Amberweb;;;;;;;;;x
PROV3332;Wyrmscar;Wyrmscar;Wyrmscar;;;;;;;;;x
PROV3333;Bloodcurse;Bloodcurse;Bloodcurse;;;;;;;;;x
PROV3336;Sand Peak;Sand Peak;Sand Peak;;;;;;;;;x
PROV3339;Maraudon Hills;Maraudon Hills;Maraudon Hills;;;;;;;;;x
PROV3340;Stonetalon Mountains;Stonetalon Mountains;Stonetalon Mountains;;;;;;;;;x
PROV3344;Hyjal;Hyjal;Hyjal;;;;;;;;;x
PROV3345;Hyjal;Hyjal;Hyjal;;;;;;;;;x
PROV3346;Hyjal;Hyjal;Hyjal;;;;;;;;;x
PROV3347;Hyjal;Hyjal;Hyjal;;;;;;;;;x
PROV3348;Hyjal;Hyjal;Hyjal;;;;;;;;;x
PROV3349;Hyjal;Hyjal;Hyjal;;;;;;;;;x
PROV3350;Hyjal;Hyjal;Hyjal;;;;;;;;;x
PROV3351;Hyjal;Hyjal;Hyjal;;;;;;;;;x
PROV3352;Hyjal;Hyjal;Hyjal;;;;;;;;;x
PROV3353;Vir'naal River;Vir'naal River;Vir'naal River;;;;;;;;;x
PROV3354;Vir'naal Lake;Vir'naal Lake;Vir'naal Lake;;;;;;;;;x
PROV3355;Vir'naal Delta;Vir'naal Delta;Vir'naal Delta;;;;;;;;;x
PROV3356;Vir'sar Lake;Vir'sar Lake;Vir'sar Lake;;;;;;;;;x
PROV3357;Lake;Lake;Lake;;;;;;;;;x
PROV3358;Lake;Lake;Lake;;;;;;;;;x
PROV3359;Lake;Lake;Lake;;;;;;;;;x
PROV3360;Lake;Lake;Lake;;;;;;;;;x
PROV3361;Marsh;Marsh;Marsh;;;;;;;;;x
PROV3362;Oil Lakes;Oil Lakes;Oil Lakes;;;;;;;;;x
PROV3363;Lake;Lake;Lake;;;;;;;;;x
PROV3364;Lake;Lake;Lake;;;;;;;;;x
PROV3365;Lake Dumont;Lake Dumont;Lake Dumont;;;;;;;;;x
PROV3366;Jademir Lake;Jademir Lake;Jademir Lake;;;;;;;;;x
PROV3367;Stonebull Lake;Stonebull Lake;Stonebull Lake;;;;;;;;;x
PROV3368;Lake;Lake;Lake;;;;;;;;;x
PROV3369;Lake;Lake;Lake;;;;;;;;;x
PROV3370;Lake;Lake;Lake;;;;;;;;;x
PROV3371;Lake;Lake;Lake;;;;;;;;;x
PROV3372;Lake;Lake;Lake;;;;;;;;;x
PROV3373;Lake;Lake;Lake;;;;;;;;;x
PROV3374;Lake;Lake;Lake;;;;;;;;;x
PROV3375;Lake;Lake;Lake;;;;;;;;;x
PROV3376;Lake;Lake;Lake;;;;;;;;;x
PROV3377;Mirkfallon Lake;Mirkfallon Lake;Mirkfallon Lake;;;;;;;;;x
PROV3378;Cragpool Lake;Cragpool Lake;Cragpool Lake;;;;;;;;;x
PROV3379;Astranaar Lake;Astranaar Lake;Astranaar Lake;;;;;;;;;x
PROV3380;Stardust Lake;Stardust Lake;Stardust Lake;;;;;;;;;x
PROV3381;Mystral Lake;Mystral Lake;Mystral Lake;;;;;;;;;x
PROV3382;Falfarren Lake;Falfarren Lake;Falfarren Lake;;;;;;;;;x
PROV3383;Fallen Sky Lake;Fallen Sky Lake;Fallen Sky Lake;;;;;;;;;x
PROV3384;Lake;Lake;Lake;;;;;;;;;x
PROV3385;Lake;Lake;Lake;;;;;;;;;x
PROV3386;Lake;Lake;Lake;;;;;;;;;x
PROV3387;Lake Mennar;Lake Mennar;Lake Mennar;;;;;;;;;x
PROV3388;Lake;Lake;Lake;;;;;;;;;x
PROV3389;Wildbend Lake;Wildbend Lake;Wildbend Lake;;;;;;;;;x
PROV3390;Wildbend Lake;Wildbend Lake;Wildbend Lake;;;;;;;;;x
PROV3391;Lake;Lake;Lake;;;;;;;;;x
PROV3392;Lake;Lake;Lake;;;;;;;;;x
PROV3393;Lake;Lake;Lake;;;;;;;;;x
PROV3394;Lake Elune'ara;Lake Elune'ara;Lake Elune'ara;;;;;;;;;x
PROV3395;Well of Eternity;Well of Eternity;Well of Eternity;;;;;;;;;x
PROV3396;Lake Edunel;Lake Edunel;Lake Edunel;;;;;;;;;x
PROV3397;Ashen Lake;Ashen Lake;Ashen Lake;;;;;;;;;x
PROV3398;Lake;Lake;Lake;;;;;;;;;x
PROV3399;Dark'sotra Lake;Dark'sotra Lake;Dark'sotra Lake;;;;;;;;;x
PROV3400;Lake;Lake;Lake;;;;;;;;;x
PROV3401;Lake;Lake;Lake;;;;;;;;;x
PROV3402;Lake;Lake;Lake;;;;;;;;;x
PROV3403;Lake;Lake;Lake;;;;;;;;;x
PROV3404;Lake;Lake;Lake;;;;;;;;;x
PROV3405;Marsh;Marsh;Marsh;;;;;;;;;x
PROV3406;Lake;Lake;Lake;;;;;;;;;x
PROV3407;Marsh;Marsh;Marsh;;;;;;;;;x
PROV3408;Marsh;Marsh;Marsh;;;;;;;;;x
PROV3409;Marsh;Marsh;Marsh;;;;;;;;;x
PROV3410;Marsh;Marsh;Marsh;;;;;;;;;x
PROV3411;Marsh;Marsh;Marsh;;;;;;;;;x
PROV3412;Merchant Bay;Merchant Bay;Merchant Bay;;;;;;;;;x
PROV3413;Southfury River;Southfury River;Southfury River;;;;;;;;;x
PROV3414;Southfury River;Southfury River;Southfury River;;;;;;;;;x
PROV3415;Southfury River;Southfury River;Southfury River;;;;;;;;;x
PROV3416;Southfury River;Southfury River;Southfury River;;;;;;;;;x
PROV3417;Southfury River;Southfury River;Southfury River;;;;;;;;;x
PROV3418;Southfury River;Southfury River;Southfury River;;;;;;;;;x
PROV3419;Southfury River;Southfury River;Southfury River;;;;;;;;;x
PROV3420;Un'goro;Un'goro;Un'goro;;;;;;;;;x
PROV3421;North Sea;North Sea;North Sea;;;;;;;;;x
PROV3422;North Sea;North Sea;North Sea;;;;;;;;;x
PROV3423;North Sea;North Sea;North Sea;;;;;;;;;x
PROV3424;North Sea;North Sea;North Sea;;;;;;;;;x
PROV3425;North Sea;North Sea;North Sea;;;;;;;;;x
PROV3426;Ancients Bay;Ancients Bay;Ancients Bay;;;;;;;;;x
PROV3427;Ancients Bay;Ancients Bay;Ancients Bay;;;;;;;;;x
PROV3428;Ancients Bay;Ancients Bay;Ancients Bay;;;;;;;;;x
PROV3429;Frozen Sea;Frozen Sea;Frozen Sea;;;;;;;;;x
PROV3430;Frozen Sea;Frozen Sea;Frozen Sea;;;;;;;;;x
PROV3431;Frozen Sea;Frozen Sea;Frozen Sea;;;;;;;;;x
PROV3432;Frozen Sea;Frozen Sea;Frozen Sea;;;;;;;;;x
PROV3433;Frozen Sea;Frozen Sea;Frozen Sea;;;;;;;;;x
PROV3434;Frozen Sea;Frozen Sea;Frozen Sea;;;;;;;;;x
PROV3435;Frozen Sea;Frozen Sea;Frozen Sea;;;;;;;;;x
PROV3436;Frozen Sea;Frozen Sea;Frozen Sea;;;;;;;;;x
PROV3437;Frozen Sea;Frozen Sea;Frozen Sea;;;;;;;;;x
PROV3438;Frozen Sea;Frozen Sea;Frozen Sea;;;;;;;;;x
PROV3439;Frozen Sea;Frozen Sea;Frozen Sea;;;;;;;;;x
PROV3440;Frozen Sea;Frozen Sea;Frozen Sea;;;;;;;;;x
PROV3441;North Sea;North Sea;North Sea;;;;;;;;;x
PROV3442;North Sea;North Sea;North Sea;;;;;;;;;x
PROV3443;North Sea;North Sea;North Sea;;;;;;;;;x
PROV3444;North Sea;North Sea;North Sea;;;;;;;;;x
PROV3445;North Sea;North Sea;North Sea;;;;;;;;;x
PROV3446;North Sea;North Sea;North Sea;;;;;;;;;x
PROV3447;Great Sea;Great Sea;Great Sea;;;;;;;;;x
PROV3448;Great Sea;Great Sea;Great Sea;;;;;;;;;x
PROV3449;Great Sea;Great Sea;Great Sea;;;;;;;;;x
PROV3450;Great Sea;Great Sea;Great Sea;;;;;;;;;x
PROV3451;Great Sea;Great Sea;Great Sea;;;;;;;;;x
PROV3452;Great Sea;Great Sea;Great Sea;;;;;;;;;x
PROV3453;Great Sea;Great Sea;Great Sea;;;;;;;;;x
PROV3454;Great Sea;Great Sea;Great Sea;;;;;;;;;x
PROV3455;Great Sea;Great Sea;Great Sea;;;;;;;;;x
PROV3456;Great Sea;Great Sea;Great Sea;;;;;;;;;x
PROV3457;Great Sea;Great Sea;Great Sea;;;;;;;;;x
PROV3458;Great Sea;Great Sea;Great Sea;;;;;;;;;x
PROV3459;Great Sea;Great Sea;Great Sea;;;;;;;;;x
PROV3460;Great Sea;Great Sea;Great Sea;;;;;;;;;x
PROV3461;Great Sea;Great Sea;Great Sea;;;;;;;;;x
PROV3462;Great Sea;Great Sea;Great Sea;;;;;;;;;x
PROV3463;Great Sea;Great Sea;Great Sea;;;;;;;;;x
PROV3464;Great Sea;Great Sea;Great Sea;;;;;;;;;x
PROV3465;Bay of Storms;Bay of Storms;Bay of Storms;;;;;;;;;x
PROV3466;Coral Sea;Coral Sea;Coral Sea;;;;;;;;;x
PROV3467;Coral Sea;Coral Sea;Coral Sea;;;;;;;;;x
PROV3468;Coral Sea;Coral Sea;Coral Sea;;;;;;;;;x
PROV3469;Great Sea;Great Sea;Great Sea;;;;;;;;;x
PROV3470;Great Sea;Great Sea;Great Sea;;;;;;;;;x
PROV3471;Great Sea;Great Sea;Great Sea;;;;;;;;;x
PROV3472;Great Sea;Great Sea;Great Sea;;;;;;;;;x
PROV3473;Great Sea;Great Sea;Great Sea;;;;;;;;;x
PROV3474;Great Sea;Great Sea;Great Sea;;;;;;;;;x
PROV3475;Deadeye Shore;Deadeye Shore;Deadeye Shore;;;;;;;;;x
PROV3476;Bladefist;Bladefist;Bladefist;;;;;;;;;x
PROV3477;Geruzh;Geruzh;Geruzh;;;;;;;;;x
PROV3478;Merchant Sea;Merchant Sea;Merchant Sea;;;;;;;;;x
PROV3479;Dreadmurk Sea;Dreadmurk Sea;Dreadmurk Sea;;;;;;;;;x
PROV3480;Dreadmurk Sea;Dreadmurk Sea;Dreadmurk Sea;;;;;;;;;x
PROV3481;Dreadmurk Sea;Dreadmurk Sea;Dreadmurk Sea;;;;;;;;;x
PROV3484;South Sea;South Sea;South Sea;;;;;;;;;x
PROV3485;South Sea;South Sea;South Sea;;;;;;;;;x
PROV3486;South Sea;South Sea;South Sea;;;;;;;;;x
PROV3487;South Sea;South Sea;South Sea;;;;;;;;;x
PROV3488;South Sea;South Sea;South Sea;;;;;;;;;x
PROV3489;South Sea;South Sea;South Sea;;;;;;;;;x
PROV3490;South Sea;South Sea;South Sea;;;;;;;;;x
PROV3491;South Sea;South Sea;South Sea;;;;;;;;;x
PROV3492;South Sea;South Sea;South Sea;;;;;;;;;x
PROV3494;Veiled Sea;Veiled Sea;Veiled Sea;;;;;;;;;x
PROV3495;Veiled Sea;Veiled Sea;Veiled Sea;;;;;;;;;x
PROV3496;Veiled Sea;Veiled Sea;Veiled Sea;;;;;;;;;x
PROV3497;Veiled Sea;Veiled Sea;Veiled Sea;;;;;;;;;x
PROV3498;Veiled Sea;Veiled Sea;Veiled Sea;;;;;;;;;x
PROV3499;Veiled Sea;Veiled Sea;Veiled Sea;;;;;;;;;x
PROV3500;Veiled Sea;Veiled Sea;Veiled Sea;;;;;;;;;x
PROV3501;Veiled Sea;Veiled Sea;Veiled Sea;;;;;;;;;x
PROV3502;Veiled Sea;Veiled Sea;Veiled Sea;;;;;;;;;x
PROV3503;Veiled Sea;Veiled Sea;Veiled Sea;;;;;;;;;x
PROV3504;Veiled Sea;Veiled Sea;Veiled Sea;;;;;;;;;x
PROV3505;Long Wash;Long Wash;Long Wash;;;;;;;;;x
PROV3506;Long Wash;Long Wash;Long Wash;;;;;;;;;x
PROV3507;Long Wash;Long Wash;Long Wash;;;;;;;;;x
PROV3508;Long Wash;Long Wash;Long Wash;;;;;;;;;x
PROV3509;Long Wash;Long Wash;Long Wash;;;;;;;;;x
PROV3510;Long Wash;Long Wash;Long Wash;;;;;;;;;x
PROV3511;North Sea;North Sea;North Sea;;;;;;;;;x
PROV3512;North Sea;North Sea;North Sea;;;;;;;;;x
PROV3513;Veiled Sea;Veiled Sea;Veiled Sea;;;;;;;;;x
PROV3514;Veiled Sea;Veiled Sea;Veiled Sea;;;;;;;;;x
PROV3515;Veiled Sea;Veiled Sea;Veiled Sea;;;;;;;;;x
PROV3517;Veiled Sea;Veiled Sea;Veiled Sea;;;;;;;;;x
PROV3518;Veiled Sea;Veiled Sea;Veiled Sea;;;;;;;;;x
PROV3519;Veiled Sea;Veiled Sea;Veiled Sea;;;;;;;;;x
PROV3520;Veiled Sea;Veiled Sea;Veiled Sea;;;;;;;;;x
PROV3521;Veiled Sea;Veiled Sea;Veiled Sea;;;;;;;;;x
PROV3523;Veiled Sea;Veiled Sea;Veiled Sea;;;;;;;;;x
PROV3524;Veiled Sea;Veiled Sea;Veiled Sea;;;;;;;;;x
PROV3525;Veiled Sea;Veiled Sea;Veiled Sea;;;;;;;;;x
PROV3526;Boralus;Boralus;Boralus;;;;;;;;;x
PROV3527;Hatherford;Hatherford;Hatherford;;;;;;;;;x
PROV3528;Norwington;Norwington;Norwington;;;;;;;;;x
PROV3529;Anglepoint;Anglepoint;Anglepoint;;;;;;;;;x
PROV3530;Bridgeport;Bridgeport;Bridgeport;;;;;;;;;x
PROV3531;Kennings Hills;Kennings Hills;Kennings Hills;;;;;;;;;x
PROV3532;Vigil Isle;Vigil Isle;Vigil Isle;;;;;;;;;x
PROV3533;Freehold;Freehold;Freehold;;;;;;;;;x
PROV3534;Fizzsprings;Fizzsprings;Fizzsprings;;;;;;;;;x
PROV3535;Corlain;Corlain;Corlain;;;;;;;;;x
PROV3536;Crimson Forest;Crimson Forest;Crimson Forest;;;;;;;;;x
PROV3537;Arom;Arom;Arom;;;;;;;;;x
PROV3538;Gol Osigr;Gol Osigr;Gol Osigr;;;;;;;;;x
PROV3539;Gol Koval;Gol Koval;Gol Koval;;;;;;;;;x
PROV3540;Fallhaven;Fallhaven;Fallhaven;;;;;;;;;x
PROV3541;Barbthorn;Barbthorn;Barbthorn;;;;;;;;;x
PROV3542;Fletcher;Fletcher;Fletcher;;;;;;;;;x
PROV3543;Brennadam;Brennadam;Brennadam;;;;;;;;;x
PROV3544;Mariner;Mariner;Mariner;;;;;;;;;x
PROV3545;Sagehold;Sagehold;Sagehold;;;;;;;;;x
PROV3546;Storm Isle;Storm Isle;Storm Isle;;;;;;;;;x
PROV3547;Mildenhall;Mildenhall;Mildenhall;;;;;;;;;x
PROV3548;Briaback;Briaback;Briaback;;;;;;;;;x
PROV3549;Tidebreak;Tidebreak;Tidebreak;;;;;;;;;x
PROV3550;Drowned Lands;Drowned Lands;Drowned Lands;;;;;;;;;x
PROV3551;Seabreeze;Seabreeze;Seabreeze;;;;;;;;;x
PROV3552;Zul'dare;Zul'dare;Zul'dare;;;;;;;;;x
PROV3553;Fate's End;Fate's End;Fate's End;;;;;;;;;x
PROV3554;Tol Barad;Tol Barad;Tol Barad;;;;;;;;;x
PROV3555;Tol Barad Peninsula;Tol Barad Peninsula;Tol Barad Peninsula;;;;;;;;;x
PROV3556;Crestfall;Crestfall;Crestfall;;;;;;;;;x
PROV3557;Tol Ronal;Tol Ronal;Tol Ronal;;;;;;;;;x
PROV3558;Tol Dagor;Tol Dagor;Tol Dagor;;;;;;;;;x
PROV3559;Frostsabre;Frostsabre;Frostsabre;;;;;;;;;x
PROV3560;Havenswood;Havenswood;Havenswood;;;;;;;;;x
PROV3561;Balor;Balor;Balor;;;;;;;;;x
PROV3562;Darkmoon Island;Darkmoon Island;Darkmoon Island;;;;;;;;;x
PROV3563;Starfall;Starfall;Starfall;;;;;;;;;x
PROV3564;Forlorn;Forlorn;Forlorn;;;;;;;;;x
PROV3565;Northpoint;Northpoint;Northpoint;;;;;;;;;x
PROV3566;Swale;Swale;Swale;;;;;;;;;x
PROV3567;Roaring Wilds;Roaring Wilds;Roaring Wilds;;;;;;;;;x
PROV3568;Jin'kalak;Jin'kalak;Jin'kalak;;;;;;;;;x
PROV3569;Polder Crag;Polder Crag;Polder Crag;;;;;;;;;x
PROV3570;Basilisk Islands;Basilisk Islands;Basilisk Islands;;;;;;;;;x
PROV3571;Lapidis Island;Lapidis Island;Lapidis Island;;;;;;;;;x
PROV3572;Gillijim;Gillijim;Gillijim;;;;;;;;;x
PROV3573;Un'gol;Un'gol;Un'gol;;;;;;;;;x
PROV3574;Kunza-Kunza;Kunza-Kunza;Kunza-Kunza;;;;;;;;;x
PROV3575;Whispering Reef;Whispering Reef;Whispering Reef;;;;;;;;;x
PROV3576;Dazar'alor;Dazar'alor;Dazar'alor;;;;;;;;;x
PROV3577;Zanchul;Zanchul;Zanchul;;;;;;;;;x
PROV3578;Tal'gurub;Tal'gurub;Tal'gurub;;;;;;;;;x
PROV3579;Rezan;Rezan;Rezan;;;;;;;;;x
PROV3580;Kraal;Kraal;Kraal;;;;;;;;;x
PROV3581;Pin'ukue;Pin'ukue;Pin'ukue;;;;;;;;;x
PROV3582;Zeb'ahari;Zeb'ahari;Zeb'ahari;;;;;;;;;x
PROV3583;Atal'gral;Atal'gral;Atal'gral;;;;;;;;;x
PROV3584;Dreadpearl;Dreadpearl;Dreadpearl;;;;;;;;;x
PROV3585;Tusk Isle;Tusk Isle;Tusk Isle;;;;;;;;;x
PROV3586;Fang Isle;Fang Isle;Fang Isle;;;;;;;;;x
PROV3587;Atal'dazar;Atal'dazar;Atal'dazar;;;;;;;;;x
PROV3588;Sisgone;Sisgone;Sisgone;;;;;;;;;x
PROV3589;Rastari;Rastari;Rastari;;;;;;;;;x
PROV3590;Xibala;Xibala;Xibala;;;;;;;;;x
PROV3591;Bonanza;Bonanza;Bonanza;;;;;;;;;x
PROV3592;Trahumut;Trahumut;Trahumut;;;;;;;;;x
PROV3593;Mugamba;Mugamba;Mugamba;;;;;;;;;x
PROV3594;Zul'nazman;Zul'nazman;Zul'nazman;;;;;;;;;x
PROV3595;Natha'vor;Natha'vor;Natha'vor;;;;;;;;;x
PROV3596;Frogmarsh;Frogmarsh;Frogmarsh;;;;;;;;;x
PROV3597;Nazwatha;Nazwatha;Nazwatha;;;;;;;;;x
PROV3598;Torga;Torga;Torga;;;;;;;;;x
PROV3599;Necropolis;Necropolis;Necropolis;;;;;;;;;x
PROV3600;Zul'jan;Zul'jan;Zul'jan;;;;;;;;;x
PROV3601;Kel'vax;Kel'vax;Kel'vax;;;;;;;;;x
PROV3602;Shoaljai;Shoaljai;Shoaljai;;;;;;;;;x
PROV3603;Tojek;Tojek;Tojek;;;;;;;;;x
PROV3604;Sethraliss;Sethraliss;Sethraliss;;;;;;;;;x
PROV3605;Vuzale;Vuzale;Vuzale;;;;;;;;;x
PROV3606;Bone Pit;Bone Pit;Bone Pit;;;;;;;;;x
PROV3607;Darkwood;Darkwood;Darkwood;;;;;;;;;x
PROV3608;Voldunai;Voldunai;Voldunai;;;;;;;;;x
PROV3609;Shatterstone;Shatterstone;Shatterstone;;;;;;;;;x
PROV3610;Atul'aman;Atul'aman;Atul'aman;;;;;;;;;x
PROV3611;Whistlebloom;Whistlebloom;Whistlebloom;;;;;;;;;x
PROV3612;Zem'lan;Zem'lan;Zem'lan;;;;;;;;;x
PROV3613;Zul'ahjin;Zul'ahjin;Zul'ahjin;;;;;;;;;x
PROV3614;Susgu;Susgu;Susgu;;;;;;;;;x
PROV3615;Redrock;Redrock;Redrock;;;;;;;;;x
PROV3616;Slisetriss;Slisetriss;Slisetriss;;;;;;;;;x
PROV3617;Scalefang;Scalefang;Scalefang;;;;;;;;;x
PROV3618;Bonetrail;Bonetrail;Bonetrail;;;;;;;;;x
PROV3619;Thok;Thok;Thok;;;;;;;;;x
PROV3620;Rorkaen;Rorkaen;Rorkaen;;;;;;;;;x
PROV3621;Geltozan;Geltozan;Geltozan;;;;;;;;;x
PROV3622;Turtle Rock;Turtle Rock;Turtle Rock;;;;;;;;;x
PROV3623;Ominous Island;Ominous Island;Ominous Island;;;;;;;;;x
PROV3624;Verdant Wilds;Verdant Wilds;Verdant Wilds;;;;;;;;;x
PROV3625;Darkspear;Darkspear;Darkspear;;;;;;;;;x
PROV3626;Shen'do;Shen'do;Shen'do;;;;;;;;;x
PROV3627;Paradise Islands;Paradise Islands;Paradise Islands;;;;;;;;;x
PROV3628;Rotting Mire;Rotting Mire;Rotting Mire;;;;;;;;;x
PROV3629;Bay of Kings;Bay of Kings;Bay of Kings;;;;;;;;;x
PROV3630;South Sea;South Sea;South Sea;;;;;;;;;x
PROV3631;South Sea;South Sea;South Sea;;;;;;;;;x
PROV3632;South Sea;South Sea;South Sea;;;;;;;;;x
PROV3633;South Sea;South Sea;South Sea;;;;;;;;;x
PROV3634;Blood Coast;Blood Coast;Blood Coast;;;;;;;;;x
PROV3635;Kingsmouth River;Kingsmouth River;Kingsmouth River;;;;;;;;;x
PROV3636;Shattered River;Shattered River;Shattered River;;;;;;;;;x
PROV3637;Shattered River;Shattered River;Shattered River;;;;;;;;;x
PROV3638;Shattered River;Shattered River;Shattered River;;;;;;;;;x
PROV3639;Lake;Lake;Lake;;;;;;;;;x
PROV3640;Lake;Lake;Lake;;;;;;;;;x
PROV3641;Lake;Lake;Lake;;;;;;;;;x
PROV3642;Molten Cay;Molten Cay;Molten Cay;;;;;;;;;x
