#CODE;#ENGLISH;#FRENCH;#GERMAN;;#SPANISH;;;;;;;;;x
#MAINT. BY DUKEJEANS;;;;;;;;;;;;;;x
ca_culture_dryad_1;Wilds of Cenarius;Étendues de Cénarius;Cenariusdickicht;;;;;;;;;;;x
ca_culture_dryad_2;Wilds of Cenarius;Étendues de Cénarius;Cenariusdickicht;;;;;;;;;;;x
ca_culture_dryad_3;Wilds of Cenarius;Étendues de Cénarius;Cenariusdickicht;;;;;;;;;;;x
ca_culture_dryad_4;Wilds of Cenarius;Étendues de Cénarius;Cenariusdickicht;;;;;;;;;;;x
ca_culture_dryad_desc;In this sacred grove, the children of Cenarius frolic under the silent, watchful eyes of those who would give their lives to protect these wilds. The keepers of this grove are deadly with the spear as well as the bow, and they are willing to sacrifice anything against those who would threaten life itself.;Ici, dans ce bosquet sacré, les enfants de Cénarius s'ébattent sous les yeux silencieux et vigilants de ceux qui donneraient leur vie pour protéger ces étendues sauvages. Les gardiens de ce bosquet sont mortels aussi bien à la lance qu'à l'arc, et ils sont prêts à tout sacrifier contre ceux qui menaceraient la vie elle-même.;In diesem heiligen Hain tummeln sich die Kinder des Cenarius unter den stillen, wachsamen Augen derer, die ihr Leben für den Schutz dieser Wildnis geben würden. Die Hüter dieses Hains sind sowohl mit Speer als auch Bogen tödlich und sie sind bereit, alles gegen jene zu opfern, die das Leben selbst bedrohen würden.;;;;;;;;;;;x
ca_culture_vulpera_1;Vulperan Caravansary;Caravane vulpérine;Vulpera-Karawanserei;;;;;;;;;;;x
ca_culture_vulpera_2;Vulperan Caravansary;Caravane vulpérine;Vulpera-Karawanserei;;;;;;;;;;;x
ca_culture_vulpera_3;Vulperan Caravansary;Caravane vulpérine;Vulpera-Karawanserei;;;;;;;;;;;x
ca_culture_vulpera_4;Vulperan Caravansary;Caravane vulpérine;Vulpera-Karawanserei;;;;;;;;;;;x
ca_culture_vulpera_desc;The vulperan people normally live a very nomadic and peaceful life within their caravans and burrows. When threatened, however, vulperan marksmen become equally deadly as they are eager to defend their people as well as their treasures.;Les Vulpérins vivent normalement une vie très nomade et paisible dans leurs caravanes et leurs terriers. Cependant, lorsqu'ils sont menacés, les tireurs d'élite vulpérins deviennent aussi meurtriers qu'ils sont désireux de défendre leur peuple et leurs trésors.;Die Vulperaner leben normalerweise ein nomadisches und sehr friedliches Leben in ihren Karawanen und Höhlen. Wenn sie jedoch bedroht werden, werden vulperanische Scharfschützen ebenso tödlich, wie sie bestrebt sind, ihr Volk und ihre Schätze zu verteidigen.;;;;;;;;;;;x
ca_culture_vrykul_1;Vrykul Drake Grounds;Champs des proto-drakes vrykuls;Vrykul-Drachengelände;;;;;;;;;;;x
ca_culture_vrykul_2;Vrykul Drake Grounds;Champs des proto-drakes vrykuls;Vrykul-Drachengelände;;;;;;;;;;;x
ca_culture_vrykul_3;Vrykul Drake Grounds;Champs des proto-drakes vrykuls;Vrykul-Drachengelände;;;;;;;;;;;x
ca_culture_vrykul_4;Vrykul Drake Grounds;Champs des proto-drakes vrykuls;Vrykul-Drachengelände;;;;;;;;;;;x
ca_culture_vrykul_desc;Descended from the titans' creations themselves, the vrykul have always shown mastery in physical combat and are renowned for having been the first to domesticate proto-drakes as mounts, succeeding their iron brethren. Vrykul warriors are truly a fearsome sight whether they be upon a proto-drake or charging land-bound with a battle axe in hand.;Descendants des créations des Titans eux-mêmes, les Vrykuls ont toujours prouvé leur maîtrise du combat physique et sont réputés pour avoir été les premiers à domestiquer des proto-drakes comme montures. Les guerriers vrykuls sont redoutables, qu'ils soient sur un proto-drake ou qu'ils chargent à terre avec une hache de guerre à la main.;Da die Vrykul von den Schöpfungen der Titanen selbst abstammen, haben sie stets ihre Meisterschaft im körperlichen Kampf unter Beweis gestellt und sind dafür bekannt, dass sie die ersten waren, die Protodrachen als Reittiere domestiziert haben, als Nachfolger ihrer eisernen Brüder. Vrykul-Krieger sind ein wahrhaft furchteinflößender Anblick, ob sie nun auf einem Protodrachen sitzen oder mit einer Streitaxt in der Hand am Boden kämpfen.;;;;;;;;;;;x
ca_culture_undead_1;Unearthed Catacombs;Catacombes découverts;Exhumierte Katakomben;;;;;;;;;;;x
ca_culture_undead_2;Unearthed Catacombs;Catacombes découverts;Exhumierte Katakomben;;;;;;;;;;;x
ca_culture_undead_3;Unearthed Catacombs;Catacombes découverts;Exhumierte Katakomben;;;;;;;;;;;x
ca_culture_undead_4;Unearthed Catacombs;Catacombes découverts;Exhumierte Katakomben;;;;;;;;;;;x
ca_culture_undead_desc;Trapped between life and death and fueled by necromantic magic, the undead of this region are normally mindless, yet still powerful in numbers. Luckily, there is never a shortage of bodies to go around when it comes to scrounging around for more undead soldiers to fill a levy's ranks.;Pris au piège entre la vie et la mort et alimentés par la magie nécromantique, les morts-vivants de cette région sont normalement sans esprit, mais encore puissants grâce à leur nombre. Heureusement, les corps ne manquent jamais lorsqu'il s'agit d'aller chercher d'autres morts-vivants pour remplir les rangs d'une troupe.;Gefangen zwischen Leben und Tod und angetrieben von nekromantischer Magie sind die Untoten dieser Region normalerweise ohne Verstand, aber dennoch mächtig ob ihrer schieren Zahl. Glücklicherweise gibt es nie einen Mangel an Leichen, wenn es darum geht, weitere untote Soldaten zu finden, um die Reihen eines Heeres zu füllen.;;;;;;;;;;;x
ca_culture_tuskarr_1;Tuskarr Turtle Corral;Corral de tortue tuskarr;Tuskarr-Schildkrötengehege;;;;;;;;;;;x
ca_culture_tuskarr_2;Tuskarr Turtle Corral;Corral de tortue tuskarr;Tuskarr-Schildkrötengehege;;;;;;;;;;;x
ca_culture_tuskarr_3;Tuskarr Turtle Corral;Corral de tortue tuskarr;Tuskarr-Schildkrötengehege;;;;;;;;;;;x
ca_culture_tuskarr_4;Tuskarr Turtle Corral;Corral de tortue tuskarr;Tuskarr-Schildkrötengehege;;;;;;;;;;;x
ca_culture_tuskarr_desc;The tuskarr are a strong and hardy people, inhabiting the frozen wastelands of Azeroth. It is only fair that their chosen mounts of war are as hardy, if not even more so, as them. Giant turtles, though slow-moving, prove themselves to be powerful beasts in combat.;Les peuple tuskarr est un peuple fort et robuste, descendant des terres gelées d'Azeroth. Il n'est que logique que les montures de guerre qu'ils ont choisis soient aussi résistants, sinon plus, qu'eux. Les tortues géantes, bien que lentes pour se déplacer, se révèlent être des bêtes puissantes au combat.;Die Tuskarr sind ein starkes und zähes Volk, das aus den eisigen Einöden Azeroths stammt. Es ist nur recht und billig, dass die von ihnen ausgesuchten Kriegsreittiere genauso widerstandsfähig, wenn nicht sogar noch widerstandsfähiger sind als sie. Riesenschildkröten bewegen sich zwar langsam, erweisen sich aber im Kampf als mächtige Bestien.;;;;;;;;;;;x
ca_culture_troll_1;Dire Troll Sparring Grounds;Terrain d'entraînement des Trolls redoutables;Berserkertroll-Übungsplatz;;;;;;;;;;;x
ca_culture_troll_2;Dire Troll Sparring Grounds;Terrain d'entraînement des Trolls redoutables;Berserkertroll-Übungsplatz;;;;;;;;;;;x
ca_culture_troll_3;Dire Troll Sparring Grounds;Terrain d'entraînement des Trolls redoutables;Berserkertroll-Übungsplatz;;;;;;;;;;;x
ca_culture_troll_4;Dire Troll Sparring Grounds;Terrain d'entraînement des Trolls redoutables;Berserkertroll-Übungsplatz;;;;;;;;;;;x
ca_culture_troll_desc;Whether created magically, alchemically, or born naturally, a small number of trolls have been found to be far stronger, more muscular and significantly larger than their normal troll brethren. They attack and defend with utterly brutal strength, putting them in an absolute league of their own.;Qu'ils soient créés par magie, par alchimie ou nés au naturel, un petit nombre de Trolls se sont avérés beaucoup plus forts, musclés et nettement plus grands que leurs frères trolls normaux. Ils attaquent et défendent avec une force brutale, ce qui les place dans une catégorie à part.;Unabhängig davon, ob sie magisch oder alchemistisch erschaffen oder natürlich geboren wurden, hat man herausgefunden, dass eine kleine Anzahl von Trollen viel stärker, muskulöser und bedeutend größer sind als ihre normalen Trollbrüder. Sie attackieren und verteidigen mit brutaler Stärke, was sie zu einer absoluten Liga für sich macht.;;;;;;;;;;;x
ca_culture_zandalari_1;Zandalari Dinomancer Keep;Donjon des dinomanciens zandalari;Zandalari Dinomanten-Festung;;;;;;;;;;;x
ca_culture_zandalari_2;Zandalari Dinomancer Keep;Donjon des dinomanciens zandalari;Zandalari Dinomanten-Festung;;;;;;;;;;;x
ca_culture_zandalari_3;Zandalari Dinomancer Keep;Donjon des dinomanciens zandalari;Zandalari Dinomanten-Festung;;;;;;;;;;;x
ca_culture_zandalari_4;Zandalari Dinomancer Keep;Donjon des dinomanciens zandalari;Zandalari Dinomanten-Festung;;;;;;;;;;;x
ca_culture_zandalari_desc;While troll nations all over Azeroth are significantly adept in domesticating smaller breeds of dinosaurs, like raptors, the Zandalari trolls have become famous for their unparalleled ability in domesticating far more powerful dinosaurs such as devilsaurs and direhorns. To be able to field these beasts in war gives the Zandalari an enormous advantage unmet by any other nation on Azeroth.;Alors que les nations trolls d'Azeroth sont très habiles à domestiquer de petites races de dinosaures, comme les rapaces, les Trolls zandalari sont devenus célèbres pour leur capacité inégalée à domestiquer des dinosaures bien plus puissants tels que les diablosaures et les navrecornes. Pouvoir contrôler ces bêtes en temps de guerre donne aux Zandalari un avantage énorme que n'importe quelle autre nation d'Azeroth ne possède pas.;Während die Trollvölker in ganz Azeroth sehr geschickt sind in der Domestizierung kleinerer Dinosaurierrassen, wie z. B. Raptoren, sind die Zandalari-Trolle berühmt für ihre beispiellose Fähigkeit, weitaus mächtigere Dinosaurier wie Teufelssaurier und Terrorhörner zu zähmen. Diese Bestien im Krieg einsetzen zu können verschafft den Zandalari einen enormen Vorteil, der von keiner anderen Nation Azeroths erreicht wird.;;;;;;;;;;;x
ca_culture_titanforged_1;Keep of Origination;Donjon de l'Origine;Festung des Ursprungs;;;;;;;;;;;x
ca_culture_titanforged_2;Keep of Origination;Donjon de l'Origine;Festung des Ursprungs;;;;;;;;;;;x
ca_culture_titanforged_3;Keep of Origination;Donjon de l'Origine;Festung des Ursprungs;;;;;;;;;;;x
ca_culture_titanforged_4;Keep of Origination;Donjon de l'Origine;Festung des Ursprungs;;;;;;;;;;;x
ca_culture_titanforged_desc;Descended from the titans, the titan-forged are a race originally bred for the purpose of ordering Azeroth. Though their days of glory are far gone now, the titan-forged have not lost sight of where they come from and what strengths they have been gifted with. Built in the fashion of the old titan architecture, this keep stands as a central monument in this fortress.;Descendants des Titans, les Forgés-par-les-Titans sont une race élevée à l'origine dans le but de commander Azeroth. Bien que leurs jours de gloire soient maintenant loin, ces créatures n'ont pas perdu de vue leurs origines et les forces dont ils sont dotés. Construit à la manière de l'ancienne architecture des Titans, ce donjon est un monument vaste et important.;Die von den Titanen abstammenden Titanengeschmiedeten sind eine Rasse, die ursprünglich zum Zweck der Ordnung Azeroths geschaffen wurde. Obwohl ihre ruhmreichen Tage nun schon lange vorbei sind, haben die Titanengeschmiedeten nicht aus den Augen verloren, woher sie kommen und mit welchen Stärken sie gesegnet sind. Der nach der Art der alten Titanenarchitektur erbaute Bergfried ist ein zentrales Monument dieser Festung.;;;;;;;;;;;x
ca_culture_tauren_1;Brave Rite Grounds;Rites de bravoure;Ritualplatz der Mutigen;;;;;;;;;;;x
ca_culture_tauren_2;Brave Rite Grounds;Rites de bravoure;Ritualplatz der Mutigen;;;;;;;;;;;x
ca_culture_tauren_3;Brave Rite Grounds;Rites de bravoure;Ritualplatz der Mutigen;;;;;;;;;;;x
ca_culture_tauren_4;Brave Rite Grounds;Rites de bravoure;Ritualplatz der Mutigen;;;;;;;;;;;x
ca_culture_tauren_desc;Here in these grounds, several tauren undergo the rites of passage to become official braves, the primary fighting force of tauren society. Enemies who threaten the homes and lives of their families are faced with the irrebukable fighting spirit of the intrepid tauren braves.;Ici, sur ces terres, plusieurs Taurens subissent les rites de passage pour devenir officiellement des Braves, la principale force de combat de la société tauren. Les ennemis qui menacent les maisons et les vies de leurs familles sont confrontés à l'esprit de combat irréprochable des intrépides Braves taurens.;Hier auf diesem Gelände unterziehen sich mehrere Tauren den Übergangsriten, um offizielle Tapfere zu werden, die Hauptkämpfer der Tauren-Gesellschaft. Feinde, die die Häuser und das Leben ihrer Familien bedrohen, werden mit dem unerschütterlichen Kampfgeist der unerschrockenen Tauren-Tapferen konfrontiert.;;;;;;;;;;;x
ca_culture_shathyar_1;Bastille of the Faceless;Bastille des Sans-visages;Bastion der Gesichtslosen;;;;;;;;;;;x
ca_culture_shathyar_2;Bastille of the Faceless;Bastille des Sans-visages;Bastion der Gesichtslosen;;;;;;;;;;;x
ca_culture_shathyar_3;Bastille of the Faceless;Bastille des Sans-visages;Bastion der Gesichtslosen;;;;;;;;;;;x
ca_culture_shathyar_4;Bastille of the Faceless;Bastille des Sans-visages;Bastion der Gesichtslosen;;;;;;;;;;;x
ca_culture_shathyar_desc;Seeping primordial forms of the Old Gods, the faceless are utterly fanatical in their devotion to their eldritch masters. They all had previously been sealed away by the titans, but now they have been broken free, enabling them to continue their devoted service once more.;Les Sans-visage sont totalement fanatiques et dévoués à leurs sombres maîtres, les Dieux très anciens. Ils avaient tous été auparavant enfermés par les Titans, mais ils ont maintenant été libérés, ce qui leur permet de poursuivre une fois de plus leur service dévoué.;Die Gesichtslosen, die aus den Urformen der alten Götter entsprungen sind, sind in ihrer Hingabe an ihre uralten Meister absolut fanatisch. Sie alle waren zuvor von den Titanen versiegelt worden, aber jetzt sind sie befreit worden, so dass sie ihren hingebungsvollen Dienst wieder aufnehmen können.;;;;;;;;;;;x
ca_culture_sethrak_1;Krolusk Nesting Grounds;Nichoir des krolusks;Krolusk-Nistplätze;;;;;;;;;;;x
ca_culture_sethrak_2;Krolusk Nesting Grounds;Nichoir des krolusks;Krolusk-Nistplätze;;;;;;;;;;;x
ca_culture_sethrak_3;Krolusk Nesting Grounds;Nichoir des krolusks;Krolusk-Nistplätze;;;;;;;;;;;x
ca_culture_sethrak_4;Krolusk Nesting Grounds;Nichoir des krolusks;Krolusk-Nistplätze;;;;;;;;;;;x
ca_culture_sethrak_desc;The krolusks, seemingly native to wherever the sethrak inhabit, are a particularly resilient race of giant insects. The sethrak use these venomous bugs as companions, war mounts, and even as sources of food, making them almost absolutely essential to sethrak culture and way of life.;Les krolusks, apparemment originaires de l'endroit où vivent les Sethrak, sont une race d'insectes géants particulièrement résistante. Les Sethrak utilisent ces insectes venimeux comme compagnons, montures de guerre, et même comme sources de nourriture, ce qui les rend presque absolument essentiels à la culture et au mode de vie des Sethrak.;Die Krolusken, die scheinbar überall dort heimisch sind, wo die Sethrak leben, sind eine besonders widerstandsfähige Rasse von Rieseninsekten. Die Sethrak benutzen diese giftigen Käfer als Gefährten, Kriegsreittiere und sogar als Nahrungsquelle, was sie für die Kultur und Lebensweise der Sethrak fast unentbehrlich macht.;;;;;;;;;;;x
ca_culture_satyr_1;Hellcaster Enclave;Enclave des implorateurs de l'enfer;Höllenrufer-Enklave;;;;;;;;;;;x
ca_culture_satyr_2;Hellcaster Enclave;Enclave des implorateurs de l'enfer;Höllenrufer-Enklave;;;;;;;;;;;x
ca_culture_satyr_3;Hellcaster Enclave;Enclave des implorateurs de l'enfer;Höllenrufer-Enklave;;;;;;;;;;;x
ca_culture_satyr_4;Hellcaster Enclave;Enclave des implorateurs de l'enfer;Höllenrufer-Enklave;;;;;;;;;;;x
ca_culture_satyr_desc;Descended from the highborne elves of old, the satyr are extremely magically  inclined as a people, though cursed by Xavius and his dark affliction. As a result of this, satyrs find themselves to be particularly talented in shadow and corrupting magic, regardless of who they claim allegiance to.;Descendants des anciens elfes de haut rang, les Satyres ont un penchant magique en tant que peuple, bien que maudits par Xavius et sa sombre affliction. De ce fait, les Satyres se retrouvent particulièrement doués pour la magie de l'ombre et la magie corrompue, peu importe à qui ils prétendent appartenir.;Von den Hochgeborenen der alten Elfen abstammend, sind die Satyrn als Volk magisch äußerst begabt, obwohl sie von Xavius und seinem finsteren Gram verflucht sind. Dies hat zur Folge, dass Satyrn sich als besonders begabt in der Schatten- und korrumpierenden Magie erweisen, unabhängig davon, wem sie die Treue schwören.;;;;;;;;;;;x
ca_culture_quilboar_1;Grounds of Agamaggan;Terres d'Agamaggan;Übungsplätze von Agamaggan;;;;;;;;;;;x
ca_culture_quilboar_2;Grounds of Agamaggan;Terres d'Agamaggan;Übungsplätze von Agamaggan;;;;;;;;;;;x
ca_culture_quilboar_3;Grounds of Agamaggan;Terres d'Agamaggan;Übungsplätze von Agamaggan;;;;;;;;;;;x
ca_culture_quilboar_4;Grounds of Agamaggan;Terres d'Agamaggan;Übungsplätze von Agamaggan;;;;;;;;;;;x
ca_culture_quilboar_desc;Though the majority of quilboar society is dominated by shamanism and geomancy, powerful and brave warriors are still very much prized among all communities. Several of them train here in the inspiration that follows from being descendents of Agamaggan.;Bien que la majorité de la société hurane soit dominée par le chamanisme et la géomancie, les guerriers puissants et courageux sont toujours très prisés par toutes les communautés. Plusieurs s'entraînent ici dans l'inspiration qui découle du fait d'être des descendants d'Agamaggan.;Obwohl die Mehrheit der Stacheleber-Gesellschaft von Schamanismus und Geomantie dominiert wird, werden mächtige und tapfere Krieger in allen Stämmen nach wie vor sehr geschätzt. Einige von ihnen trainieren hier in der Inspiration, die sich aus ihrer Abstammung von Agamaggan ergibt.;;;;;;;;;;;x
ca_culture_pygmy_1;Pygmy Billets;Cantonnements pygmées;Pygmäen-Quartier;;;;;;;;;;;x
ca_culture_pygmy_2;Pygmy Billets;Cantonnements pygmées;Pygmäen-Quartier;;;;;;;;;;;x
ca_culture_pygmy_3;Pygmy Billets;Cantonnements pygmées;Pygmäen-Quartier;;;;;;;;;;;x
ca_culture_pygmy_4;Pygmy Billets;Cantonnements pygmées;Pygmäen-Quartier;;;;;;;;;;;x
ca_culture_pygmy_desc;Hardened by the deserts and primitive jungles of Azeroth, pygmies are small savage humanoids with little reason. Though tiny compared to other races, their warriors are brutal and quick, creating a deadly force able to defend any threatened tribe.;Endurcis par les déserts et les jungles primitives d'Azeroth, les Pygmées sont de petits humanoïdes sauvages sans grande volonté. Bien que minuscules par rapport aux autres races, leurs guerriers sont brutaux et rapides, créant une force mortelle capable de défendre toute tribu menacée.;Abgehärtet durch die Wüsten und primitiven Dschungel Azeroths sind Pygmäen kleine wilde Humanoide mit wenig Vernunft. Obwohl sie im Vergleich zu anderen Rassen winzig sind, sind ihre Krieger brutal und schnell und bilden eine tödliche Streitmacht, die in der Lage ist, jeden bedrohten Stamm zu verteidigen.;;;;;;;;;;;x
ca_culture_orc_1;Wolf Beastiary;Tanière des loups;Wolfs-Bestiarium;;;;;;;;;;;x
ca_culture_orc_2;Wolf Beastiary;Tanière des loups;Wolfs-Bestiarium;;;;;;;;;;;x
ca_culture_orc_3;Wolf Beastiary;Tanière des loups;Wolfs-Bestiarium;;;;;;;;;;;x
ca_culture_orc_4;Wolf Beastiary;Tanière des loups;Wolfs-Bestiarium;;;;;;;;;;;x
ca_culture_orc_desc;From beyond the Dark Portal, the orcs befriended and tamed the wolves of Draenor. With duties such as scouting and companionship, these large and swift canines were chosen as the orcs' favourite method of transportation that were also well suited for war. Later, when the orcs became more belligerent, these wolves were bred specifically for size and stamina so they could bear armoured riders into battle. The ferocity that the wolf and its rider shows in battle, leaves most soldiers trembling in fear.;Au-delà de la Porte des ténèbres, les Orcs se sont liés d'amitié avec les loups de Draenor et les ont apprivoisés. Avec des tâches telles que le repérage et le compagnonnage, ces grands et rapides canidés sont le moyen de transport préféré des Orcs, si bien adapté à la guerre. Plus tard, lorsque les Orcs devinrent plus belliqueux, ces loups furent élevés spécifiquement pour leur taille et leur endurance afin qu'ils puissent porter des cavaliers lourds au combat. La férocité du loup et de son cavalier se manifeste au combat, faisant trembler de peur la plupart des soldats.;Bereits jenseits des dunklen Portals schlossen die Orks Freundschaft mit den Wölfen von Draenor und zähmten sie. Mit Aufgaben wie Erkundung und Begleitung wurden diese großen und schnellen Fleischfresser zum bevorzugten Transportmittel der Orks, das geradezu ideal für den Krieg geeignet war. Später, als die Orks immer kriegerischer wurden, wurden diese Wölfe speziell auf Größe und Ausdauer gezüchtet, damit sie gepanzerte Reiter in die Schlacht tragen konnten. Die Grausamkeit, die der Wolf und sein Reiter in der Schlacht zeigen, lässt die meisten Soldaten vor Angst zittern.;;;;;;;;;;;x
ca_culture_dark_iron_1;Golem Manufactory;Manufacture de golems;Golem-Manufaktur;;;;;;;;;;;x
ca_culture_dark_iron_2;Golem Manufactory;Manufacture de golems;Golem-Manufaktur;;;;;;;;;;;x
ca_culture_dark_iron_3;Golem Manufactory;Manufacture de golems;Golem-Manufaktur;;;;;;;;;;;x
ca_culture_dark_iron_4;Golem Manufactory;Manufacture de golems;Golem-Manufaktur;;;;;;;;;;;x
ca_culture_dark_iron_desc;Powerful machines of war, the war golems manufactured by the dark iron dwarves are truly a beguiling wonder to behold. Powered in part by fuel and magic, these golems can tear through enemy defenses, bulldoze entire hovels, and instill terror with the pounding of their metallic feet.;Puissantes machines de guerre, les golems de guerre fabriqués par les Sombrefers sont réellement une merveille à contempler. Alimentés en partie par le carburant et la magie, ces golems peuvent détruire les défenses ennemies, détruire des habitations entières et semer la terreur par le martèlement de leurs pieds métalliques.;Die von den dunkeleisernen Zwergen hergestellten mächtigen Kriegsmaschinen, die Kriegsgolems, sind ein wahrhaft faszinierendes Wunderwerk. Diese Golems, die teilweise durch Treibstoff und Magie angetrieben werden, können feindliche Verteidigungsanlagen durchbrechen, ganze Gebäude einreißen und durch das Stampfen ihrer Metallfüße Schrecken einflößen.;;;;;;;;;;;x
ca_culture_night_elf_1;Sentinel Stronghold;Forteresse des Sentinelles;Festung der Wächter;;;;;;;;;;;x
ca_culture_night_elf_2;Sentinel Stronghold;Forteresse des Sentinelles;Festung der Wächter;;;;;;;;;;;x
ca_culture_night_elf_3;Sentinel Stronghold;Forteresse des Sentinelles;Festung der Wächter;;;;;;;;;;;x
ca_culture_night_elf_4;Sentinel Stronghold;Forteresse des Sentinelles;Festung der Wächter;;;;;;;;;;;x
ca_culture_night_elf_desc;Many night elves learn to use weapons before they can walk, or so it is said, but their natural talent in archery is almost unrivaled. The Sentinel Army's archers are excellent hunters, but in times of war they become critical support troops, firing upon their enemies to give their allies a chance to regroup and counterattack. They are renowned for their ambush tactics and skills in guerrilla warfare gained by training in the forests of Kalimdor. They maximize their talents by using speed, terrain and dark-vision to their full advantage. "One shot, one kill.";De nombreux Elfes de la nuit apprennent à utiliser des armes avant de pouvoir marcher, c'est du moins ce qui se raconte, mais leur talent naturel au tir à l'arc est presque inégalé. Les archères des Sentinelles sont d'excellentes chasseresses, mais en temps de guerre, elles deviennent des troupes de soutien essentielles, tirant sur leurs ennemis pour donner à leurs alliés une chance de se regrouper et de contre-attaquer. Elles sont réputées pour leur capacité à tendre des embuscades et leurs compétences en matière de guérilla acquises lors de leurs entraînements dans les forêts de Kalimdor. Elles maximisent leurs capacitées en utilisant la vitesse, le terrain et la vision sombre à leur avantage. « Un tir, un mort. »;Viele Nachtelfen lernen den Umgang mit Waffen, bevor sie laufen können, so heißt es, aber ihr natürliches Talent im Bogenschießen ist unvergleichlich. Die Bogenschützen der Wächterarmee sind ausgezeichnete Jäger, aber in Kriegszeiten werden sie zu entscheidenden Unterstützungstruppen, die ihre Feinde unter Beschuss nehmen, um ihren Verbündeten die Chance zu geben, sich neu zu gruppieren und einen Gegenangriff zu starten. Sie sind bekannt für ihre Hinterhalte und ihre Fähigkeiten in der Guerillakriegsführung, die sie durch ihr Training in den Wäldern von Kalimdor erworben haben. Sie optimieren ihre Fähigkeiten, indem sie Geschwindigkeit, Gelände und Nachtsicht zu ihrem vollen Vorteil nutzen. „Ein Schuss, ein Toter.“;;;;;;;;;;;x
ca_culture_human_1;Knightly Stables;Écuries des chevaliers;Ritterliche Stallungen;;;;;;;;;;;x
ca_culture_human_2;Knightly Stables;Écuries des chevaliers;Ritterliche Stallungen;;;;;;;;;;;x
ca_culture_human_3;Knightly Stables;Écuries des chevaliers;Ritterliche Stallungen;;;;;;;;;;;x
ca_culture_human_4;Knightly Stables;Écuries des chevaliers;Ritterliche Stallungen;;;;;;;;;;;x
ca_culture_human_desc;Knights are traditionally powerful, horse-mounted warriors based in the human kingdoms. Knighthood among humankind has became an incredible symbol of honour and respect. These mounted warriors wield weapons of their choice, but are most often found with lance or sword.;Les chevaliers sont traditionnellement de puissants guerriers montés basés dans les royaumes humains. La chevalerie chez les Humains est devenue un important symbole d'honneur et de respect. Ces guerriers à cheval manient les armes de leur choix, mais on les trouve le plus souvent avec une lance ou une épée.;Ritter sind traditionell mächtige, auf Pferden reitende Krieger, die in den Menschenkönigreichen beheimatet sind. Das Rittertum ist unter den Menschen zu einem eindrucksvollen Symbol für Ehre und Respekt geworden. Diese berittenen Krieger führen Waffen ihrer Wahl, am häufigsten trifft man sie jedoch mit Lanze oder Schwert an.;;;;;;;;;;;x
ca_culture_naga_1;Myrmidon Encampment;Campement des myrmidons;Myrmidonen-Lager;;;;;;;;;;;x
ca_culture_naga_2;Myrmidon Encampment;Campement des myrmidons;Myrmidonen-Lager;;;;;;;;;;;x
ca_culture_naga_3;Myrmidon Encampment;Campement des myrmidons;Myrmidonen-Lager;;;;;;;;;;;x
ca_culture_naga_4;Myrmidon Encampment;Campement des myrmidons;Myrmidonen-Lager;;;;;;;;;;;x
ca_culture_naga_desc;The Royal Guard are elite naga warriors sworn to protect the most important of individuals in naga society. Mostly naga males get to serve in this special force, as they are among the most physically and magically talented amongst their brethren. Due to their physical strength and magical prowess, they have the capability to turn the tides of the battle, lunging trident-first into the lines of combatants.;La Garde royale est composée de guerriers nagas d'élite qui ont juré de protéger les individus les plus importants de leur société. La plupart des hommes nagas servent dans cette force spéciale, et ils sont parmi les plus talentueux physiquement et magiquement de leurs frères. Grâce à leur force physique et à leurs prouesses magiques, ils ont la capacité de renverser le cours de la bataille, en transportant les tridents en premier dans les rangs des combattants.;Die Königliche Garde sind Elite-Naga-Krieger, die geschworen haben, die bedeutendsten Persönlichkeiten der Naga-Gesellschaft zu schützen. Hauptsächlich männliche Naga dürfen in dieser Spezialeinheit dienen, wenn sie zu den körperlich und magisch talentiertesten ihrer Brüder gehören. Aufgrund ihrer körperlichen Stärke und ihrer magischen Fähigkeiten sind sie in der Lage, die Geschicke der Schlacht zu lenken, indem sie sich mit dem Dreizack voran in die Reihen der Kämpfer stürzen.;;;;;;;;;;;x
ca_culture_harpy_1;Harpy Hatchery;Couveuse harpie;Harpyien-Brutstätte;;;;;;;;;;;x
ca_culture_harpy_2;Harpy Hatchery;Couveuse harpie;Harpyien-Brutstätte;;;;;;;;;;;x
ca_culture_harpy_3;Harpy Hatchery;Couveuse harpie;Harpyien-Brutstätte;;;;;;;;;;;x
ca_culture_harpy_4;Harpy Hatchery;Couveuse harpie;Harpyien-Brutstätte;;;;;;;;;;;x
ca_culture_harpy_desc;Descendants of the Ancient Aviana, harpies are wicked bird-women that turned to darkness after her death. Wild and cruel, yet intelligent and resilient, they can thrive in any environment. With wings, sharp talons, and dark magic, they savage any that dare to trespass into their territory, killing or dragging anyone they attack to their nests to be eaten, or worse.;Descendantes de l'ancienne Aviana, les Harpies sont des femmes-oiseaux malfaisantes qui se sont tournées vers les ténèbres après sa mort. Sauvages et cruelles, mais intelligentes et résistantes, elles peuvent s'épanouir dans n'importe quel environnement. Grâce à leurs ailes, leurs serres acérées et leur magie noire, elles attaquent tous ceux qui osent pénétrer sur leur territoire, tuant ou traînant dans leur nid toute personne qu'elles attaquent pour la manger, ou pire encore.;Die Harpyien, Nachfahren der Halbgöttin Aviana, sind niederträchtige Vogelfrauen, die sich nach Avianas Tod der Dunkelheit zuwandten. Sie sind wild und grausam, aber dennoch intelligent und widerstandsfähig und können in jeder Umgebung überleben. Mit Flügeln, scharfen Krallen und dunkler Magie jagen sie jeden, der es wagt, in ihr Territorium einzudringen, töten oder schleifen jeden in ihre Nester, um gefressen zu werden oder Schlimmeres.;;;;;;;;;;;x
ca_culture_gnoll_1;Gnoll Hut;Hutte gnoll;Gnoll-Hütte;;;;;;;;;;;x
ca_culture_gnoll_2;Gnoll Hut;Hutte gnoll;Gnoll-Hütte;;;;;;;;;;;x
ca_culture_gnoll_3;Gnoll Hut;Hutte gnoll;Gnoll-Hütte;;;;;;;;;;;x
ca_culture_gnoll_4;Gnoll Hut;Hutte gnoll;Gnoll-Hütte;;;;;;;;;;;x
ca_culture_gnoll_desc;Gnolls are primitive, violent brutes, viewing the entire world around them as a source of meat for their insatiable hunger. Reckless and undisciplined, they choose to overwhelm any opponents they encounter, using raw strength and superior numbers to make up for their lack of tactical ability. Though often nomadic, they have been known to build crude huts when finding a desirable resource to exploit, be it gold or food. ;Les gnolls sont des brutes primitives et violentes, qui considèrent le monde entier qui les entoure comme une source de viande pour leur faim insatiable. Insouciants et indisciplinés, ils choisissent d'écraser tous les adversaires qu'ils rencontrent, utilisant leur force brute et leur supériorité numérique pour compenser leur manque de capacité tactique. Bien que souvent nomades, ils sont connus pour construire des huttes rudimentaires lorsqu'ils trouvent une ressource souhaitable à exploiter, qu'il s'agisse d'or ou de nourriture.;Gnolle sind primitive, gewalttätige Raubtiere, die die ganze Welt um sich herum als eine Fleischquelle für ihren unstillbaren Hunger betrachten. Sie sind rücksichtslos und undiszipliniert und überwältigen jeden Gegner, auf den sie stoßen, indem sie mit roher Kraft und in überlegener Zahl ihren Mangel an taktischen Fähigkeiten ausgleichen. Obwohl sie oft nomadisch leben, errichten sie oft primitive Hütten, wenn sie eine wichtige Ressource ausbeuten wollen, sei es Gold oder Nahrung.;;;;;;;;;;;x
ca_culture_ogre_1;Ogre Mound;Butte ogre;Oger-Hügel;;;;;;;;;;;x
ca_culture_ogre_2;Ogre Mound;Butte ogre;Oger-Hügel;;;;;;;;;;;x
ca_culture_ogre_3;Ogre Mound;Butte ogre;Oger-Hügel;;;;;;;;;;;x
ca_culture_ogre_4;Ogre Mound;Butte ogre;Oger-Hügel;;;;;;;;;;;x
ca_culture_ogre_desc;Among the largest of Azeroth's sapient races, ogres are extremely strong and durable, albeit often simple minded. Their stature and physical prowess makes them fearsome warriors, though some show an affinity towards earth magic or the arcane. The most magically gifted of ogres, the ogre magi, are born with two heads, making them far more intelligent than their single-headed brethren.;Parmi les plus grandes races humanoïdes d'Azeroth, les ogres sont extrêmement forts et résistants, bien que souvent simples. Leur stature et leurs prouesses physiques en font des guerriers redoutables, même si certains montrent une affinité avec la magie terrestre ou les arcanes. Les Ogres les plus doués pour la magie, les ogres mages, naissent avec deux têtes, ce qui les rend bien plus intelligents que leurs frères à une seule tête.;Die Oger gehören zu den größten unter den intelligenten Völkern Azeroths und sind extrem stark und widerstandsfähig, wenn auch oft einfältig. Ihre Statur und ihre körperlichen Fähigkeiten machen sie zu furchterregenden Kriegern, auch wenn einige von ihnen eine Affinität zur Erdmagie oder zum Arkanen zeigen. Die magisch begabtesten unter den Ogern, die Oger-Magier, werden mit zwei Köpfen geboren, was sie weitaus intelligenter macht als ihre einköpfigen Brüder.;;;;;;;;;;;x
ca_culture_magnataur_1;Magnataur Den;Repaire mgnataure;Magnataurenbau;;;;;;;;;;;x
ca_culture_magnataur_2;Magnataur Den;Repaire mgnataure;Magnataurenbau;;;;;;;;;;;x
ca_culture_magnataur_3;Magnataur Den;Repaire mgnataure;Magnataurenbau;;;;;;;;;;;x
ca_culture_magnataur_4;Magnataur Den;Repaire mgnataure;Magnataurenbau;;;;;;;;;;;x
ca_culture_magnataur_desc;Magnataurs are colossal, aggressive creatures, with the body and tusks of a wooly mammoth and the torso of a giant. They seemingly hate everything around them, even each other, most living in solitude or only with frost kobold worshippers. However, particularly powerful magnataurs can bend others to their will, creating herds based around massive caves, ruling their minions with an iron fist.;Les magnataures sont des créatures colossales et agressives, avec le corps et les défenses d'un mammouth laineux et les torses d'un géant. Ils semblent détester tout ce qui les entoure, même les uns les autres, la plupart vivant dans la solitude ou seulement avec leurs adorateurs kobolds. Cependant, les magnataures particulièrement puissants peuvent plier les autres à leur volonté, créant des troupeaux basés autour de grottes massives, dirigeant leurs serviteurs d'une main de fer.;Magnatauren sind kolossale, aggressive Kreaturen, mit dem Körper und den Stoßzähnen eines wolligen Mammuts und dem Oberkörper eines Riesen. Sie scheinen alles um sich herum zu hassen, sogar einander. Die meisten leben in Einsamkeit oder nur mit Frostkobold-Anbetern. Besonders mächtige Magnatauren können jedoch andere ihrem Willen unterwerfen, Herden um riesige Höhlen bilden und ihre Lakaien mit eiserner Faust regieren.;;;;;;;;;;;x
ca_culture_draenei_1;Elekk Pasture;Pâturage d'elekks;Elekk-Weide;;;;;;;;;;;x
ca_culture_draenei_2;Elekk Pasture;Pâturage d'elekks;Elekk-Weide;;;;;;;;;;;x
ca_culture_draenei_3;Elekk Pasture;Pâturage d'elekks;Elekk-Weide;;;;;;;;;;;x
ca_culture_draenei_4;Elekk Pasture;Pâturage d'elekks;Elekk-Weide;;;;;;;;;;;x
ca_culture_draenei_desc;Upon their arrival on Draenor, the draenei found herds of gentle, elephant-like creatures known as elekks. Succeeding in domesticating them, the draenei developed such a bond with the species that they brought elekks with them on their escape from Outland. Elekks are smart, loyal, large, patient and able to cover long distances without tiring, making them ideal mounts, whether for general travel or to act as heavy cavalry.;À leur arrivée sur Draenor, les Draeneïs ont trouvé des troupeaux de douces créatures ressemblant à des éléphants, appelées elekks. Réussissant à les domestiquer, les Draeneïs ont développé un tel lien avec l'espèce qu'ils ont amené des elekks avec eux lors de leur fuite de l'Outreterre. Les elekks sont intelligents, loyaux, grands, patients et capables de parcourir de longues distances sans se fatiguer, ce qui en fait des montures idéales, que ce soit pour les voyages en général ou pour servir de cavalerie lourde.;Bei ihrer Ankunft auf Draenor fanden die Draenei Herden von sanften, elefantenähnlichen Kreaturen vor, die als Elekks bekannt sind. Da es den Draenei gelang, sie zu domestizieren, entwickelten sie eine solche Bindung zu dieser Art, dass sie auf ihrer Flucht aus der Scherbenwelt auch Elekks mitbrachten. Elekks sind klug, treu, groß, geduldig und in der Lage, große Entfernungen zu überwinden, ohne zu ermüden, was sie zu idealen Reittieren macht, sei es für allgemeine Reisen oder als schwere Kavallerie.;;;;;;;;;;;x
ca_culture_murloc_1;Murloc Elemental Totems;Totems élémentaires murlocs;Murloc-Elementartotems;;;;;;;;;;;x
ca_culture_murloc_2;Murloc Elemental Totems;Totems élémentaires murlocs;Murloc-Elementartotems;;;;;;;;;;;x
ca_culture_murloc_3;Murloc Elemental Totems;Totems élémentaires murlocs;Murloc-Elementartotems;;;;;;;;;;;x
ca_culture_murloc_4;Murloc Elemental Totems;Totems élémentaires murlocs;Murloc-Elementartotems;;;;;;;;;;;x
ca_culture_murloc_desc;Though the magic of murlocs is relatively primitive compared to other shamanic cultures, murlockind shows a great aptitude and connection to water and earth elemental magics. The magic may be tame and fairly basic, but is terrifying in power when murloc casters come together in great numbers, supported by their fanatic, spear-swinging followers.;Bien que la magie des murlocs soit relativement primitive par rapport aux autres cultures chamaniques, les murlocs montrent une grande aptitude et un grand lien avec la magie élémentaire de l'eau et de la terre. La magie peut être apprivoisée et assez élémentaire, mais elle est d'une puissance terrifiante lorsque les murlocs se rassemblent en grand nombre, soutenus par leurs adeptes fanatiques, armés de lances.;Obwohl die Magie der Murlocs im Vergleich zu anderen schamanischen Kulturen relativ primitiv ist, zeigt die Art der Murlocs eine große Begabung und Verbundenheit mit der Elementarmagie des Wassers und der Erde. Die Magie mag zahm und recht simpel wirken, aber ihre Macht ist erschreckend, wenn Murloc-Wirker in großer Zahl zusammenkommen, unterstützt von ihren fanatischen, speerschwingenden Anhängern.;;;;;;;;;;;x
ca_culture_highborne_1;Highborne Pinnacle;Cime des Bien-nés;Hochgeborenen-Spitze;;;;;;;;;;;x
ca_culture_highborne_2;Highborne Pinnacle;Cime des Bien-nés;Hochgeborenen-Spitze;;;;;;;;;;;x
ca_culture_highborne_3;Highborne Pinnacle;Cime des Bien-nés;Hochgeborenen-Spitze;;;;;;;;;;;x
ca_culture_highborne_4;Highborne Pinnacle;Cime des Bien-nés;Hochgeborenen-Spitze;;;;;;;;;;;x
ca_culture_highborne_desc;The highborne elves are a dying breed, the remnants of Azshara's great empire from long ago. Even though it has been so long, the highborne still find themselves incredibly skilled with arcane magic and enchantments, so much so that highborne society finds everything and everyone infused and empowered by some particle of magical enchantment. Near the center of it all is this enormous pinnacle built to better concentrate the ley energies, what powers highborne society, from the surrounding landscapes.;Les Bien-nés sont une race mourante de descendants du grand empire d'Azshara, qui existait il y a bien longtemps. Même si cela fait si longtemps, les Bien-nés sont toujours incroyablement doués pour la magie des arcanes et les enchantements, à tel point que leur société trouve tout et tout le monde infusé et habilité par quelque article d'enchantement magique. Au centre de tout cela, il y a cet énorme cime construit pour mieux concentrer les énergies des hautes sphères, ce qui donne du pouvoir à la société des Bien-nés à partir des paysages environnants.;Die Hochgeborenen sind eine aussterbende Rasse von Nachkommen aus Azsharas einst großem Reich. Obgleich Äonen vergangen sind, verfügen die Hochgeborenen nach wie vor über unglaubliche Fähigkeiten im Umgang mit arkaner Magie und Verzauberungen, so dass ihre Gesellschaft alles und jeden von irgendeinem Partikel magischer Verzauberung erfüllt vorfindet. Im Zentrum befindet sich eine riesige Spitze, die gebaut wurde, um die Ley-Energien, die die Hochgeborenen-Gesellschaft antreibt, aus den umliegenden Landschaften besser zu konzentrieren.;;;;;;;;;;;x
ca_culture_gnome_1;Flying Machine Hangar;Hangar des machines volantes;Flugmaschinenhangar;;;;;;;;;;;x
ca_culture_gnome_2;Flying Machine Hangar;Hangar des machines volantes;Flugmaschinenhangar;;;;;;;;;;;x
ca_culture_gnome_3;Flying Machine Hangar;Hangar des machines volantes;Flugmaschinenhangar;;;;;;;;;;;x
ca_culture_gnome_4;Flying Machine Hangar;Hangar des machines volantes;Flugmaschinenhangar;;;;;;;;;;;x
ca_culture_gnome_desc;A technology that would later lead to the dwarven gyrocopter, the gnomish flying machine was created to supplement gnomekind's great ingenuity and handiwork skills and make up for their lack of any sort of physical strength. Though lightweight and lightly armoured, these flying machines serve as fantastic surveying tools, and they excel in hit and run attacks.;Une echnologie qui deviendra plus tard le gyrocoptère nain, la machine volante gnome a été créée pour compléter la grande ingéniosité et les compétences artisanales du peuple gnome et compenser leur manque de force physique. Bien que légers et légèrement blindés, ces engins volants sont de fantastiques outils de topographie et excellent dans les attaques éclairs.;Die gnomische Flugmaschine, eine Technologie, die später zum Gyrokopter der Zwerge führen sollte, wurde geschaffen, um den großen Einfallsreichtum und die handwerklichen Fähigkeiten der Gnomekind zu ergänzen und den Mangel an jeglicher Art von Körperkraft auszugleichen. Obwohl sie nur leicht gepanzert sind, dienen diese Flugmaschinen als fantastische Beobachtungsgeräte, und sie zeichnen sich hervorragend durch ihre Überraschungsangriffe aus.;;;;;;;;;;;x
ca_culture_hozen_1;Hozen Sparring Circle;Cercle d'entraînement hozen;Hozen-Kampfring;;;;;;;;;;;x
ca_culture_hozen_2;Hozen Sparring Circle;Cercle d'entraînement hozen;Hozen-Kampfring;;;;;;;;;;;x
ca_culture_hozen_3;Hozen Sparring Circle;Cercle d'entraînement hozen;Hozen-Kampfring;;;;;;;;;;;x
ca_culture_hozen_4;Hozen Sparring Circle;Cercle d'entraînement hozen;Hozen-Kampfring;;;;;;;;;;;x
ca_culture_hozen_desc;A deeply passionate race, the hozen must spar with soft gloves to keep from killing one another in the heat of even a false battle. Despite their infamous tempers, hozen are deceptively cunning fighters. When engaging in raids or the defense of their hunting grounds, the hozen are masters of guerilla warfare, using the terrain to set up ambushes and traps before overwhelming their victims.;Race profondément passionnée, les Hozens doivent s'entraîner avec des gants souples pour éviter de s'entretuer dans le feu de l'action, même dans une fausse bataille. Malgré leur fameux tempérament, les Hozens sont des combattants faussement rusés. Lors de raids ou de défenses de leurs territoires de chasse, les Hozens sont des maîtres de la guérilla, utilisant le terrain pour tendre des embuscades et des pièges avant d'écraser leurs victimes.;Als zutiefst leidenschaftliche Rasse müssen die Hozen mit Samthandschuhen kämpfen, damit sie sich in der Hitze selbst eines Übungskampfes nicht gegenseitig umbringen. Trotz ihres berüchtigten Temperaments sind die Hozen hinterlistige, gerissene Kämpfer. Bei Raubzügen oder bei der Verteidigung ihrer Jagdgründe sind sie Meister der Guerilla-Kriegsführung und nutzen das Gelände, um Hinterhalte und Fallen aufzustellen, bevor sie ihre Opfer überwältigen.;;;;;;;;;;;x
ca_culture_aqir_1;Aqiri Barrows;Tertre aqiri;Aqiri-Grabhügel;;;;;;;;;;;x
ca_culture_aqir_2;Aqiri Barrows;Tertre aqiri;Aqiri-Grabhügel;;;;;;;;;;;x
ca_culture_aqir_3;Aqiri Barrows;Tertre aqiri;Aqiri-Grabhügel;;;;;;;;;;;x
ca_culture_aqir_4;Aqiri Barrows;Tertre aqiri;Aqiri-Grabhügel;;;;;;;;;;;x
ca_culture_aqir_desc;Creations of the Old Gods, the spiteful and evil aqir were driven deep underground by the titan-forged centuries ago. There they found bones, metals and gems inaccessible by surface dwellers, managing to create weapons and trinkets that are among the strongest in the world, before a disastrous war with the trolls caused them to splinter into multiple civilizations. Regardless of their form, they pose a dangerous threat to all life around them, gathering strength in deep, elaborate caverns, waiting for the right time to strike above ground.;Créations des Dieux très anciens, les maléfiques Aqir ont été poussés dans les profondeurs de la terre par les Forgés-par-les-Titans il y a des siècles. Ils y ont trouvé des os, des métaux et des gemmes inaccessibles aux habitants de la surface, parvenant à créer des armes et des bibelots qui sont parmi les plus puissants du monde avant qu'une guerre désastreuse avec les Trolls ne les fasse éclater en de multiples civilisations. Quelle que soit leur forme, ils représentent une menace dangereuse pour toute vie autour d'eux, se rassemblant dans des cavernes profondes et élaborées, attendant le bon moment pour frapper en surface.;Die Schöpfungen der alten Götter, die boshaften und bösen Aqir, wurden vor Jahrhunderten von den Titanengeschmiedeten tief in den Untergrund getrieben. Dort fanden sie Knochen, Metalle und Edelsteine, die für Oberflächenbewohner unzugänglich waren. Es gelang ihnen, Waffen und Schmuckstücke herzustellen, die zu den stärksten der Welt gehören, bevor ein verheerender Krieg mit den Trollen sie in mehrere Zivilisationen zersplitterte. Unabhängig von ihrer Gestalt stellen sie eine gefährliche Bedrohung für alles Leben dar. Sie sammeln ihre Kräfte in tiefen, aufwändigen Höhlen und warten auf den richtigen Zeitpunkt, um gegen die Oberfläche zuzuschlagen.;;;;;;;;;;;x
ca_culture_kobold_1;Kobold Mine;Mine kobold;Kobold-Mine;;;;;;;;;;;x
ca_culture_kobold_2;Kobold Mine;Mine kobold;Kobold-Mine;;;;;;;;;;;x
ca_culture_kobold_3;Kobold Mine;Mine kobold;Kobold-Mine;;;;;;;;;;;x
ca_culture_kobold_4;Kobold Mine;Mine kobold;Kobold-Mine;;;;;;;;;;;x
ca_culture_kobold_desc;Cowardly, dim, and weak, the rat-like kobolds stay in their mines away from civilization, digging for minerals to trade with harpies or goblins. Despite their desire to stay underground, they cannot see well in the dark, causing them to wear candles atop their heads. This dependency has caused them to develop a cultural attachment to their candles, with some tribes offering leadership to whoever's candle stands the tallest.;Lâches et faibles, les Kobolds restent dans leurs mines loin de la civilisation, creusant pour trouver des minéraux à échanger avec des Harpies ou des Gobelins. Malgré leur désir de rester sous terre, ils voient très mal dans l'obscurité, ce qui les pousse à porter des bougies sur leur tête. Ce besoin les a amenés à développer un attachement culturel à leurs bougies, certaines tribus offrant un leadership à celui dont la bougie est la plus haute.;Feige, dümmlich und schwach, bleiben die rattenähnlichen Kobolde in ihren Minen fernab der Zivilisation und graben nach Mineralien, um mit Harpyien oder Goblins Handel zu treiben. Trotz ihres Wunsches, unter der Erde zu bleiben, sehen sie im Dunkeln sehr schlecht, weshalb sie Kerzen auf dem Kopf tragen. Diese Not hat sie dazu veranlasst, eine kulturelle Bindung zu ihren Kerzen zu entwickeln, wobei einige Stämme demjenigen die Führung anbieten, dessen Kerze am höchsten steht.;;;;;;;;;;;x
ca_culture_furbolg_1;Totem of Ursoc and Ursol;Totem d'Ursoc et d'Ursol;Totem von Ursol und Ursoc;;;;;;;;;;;x
ca_culture_furbolg_2;Totem of Ursoc and Ursol;Totem d'Ursoc et d'Ursol;Totem von Ursol und Ursoc;;;;;;;;;;;x
ca_culture_furbolg_3;Totem of Ursoc and Ursol;Totem d'Ursoc et d'Ursol;Totem von Ursol und Ursoc;;;;;;;;;;;x
ca_culture_furbolg_4;Totem of Ursoc and Ursol;Totem d'Ursoc et d'Ursol;Totem von Ursol und Ursoc;;;;;;;;;;;x
ca_culture_furbolg_desc;The furbolg find themselves to be descendants of the wild god ancients Ursoc and Ursol. For some furbolgs however, reverence is not enough, and they choose to embody the might and ferocity of their gods, growing large and feral as they infuse themselves with the ancients' power. These are known as ursa totemics, and other furbolgs hold them in nearly as high regard as their shamans, recognizing their role for their tribes in protecting and hunting.;Les Furbolg se trouvent être les descendants des anciens dieux sauvages Ursoc et Ursol. Cependant, pour certains Furbolgs, la révérence ne suffit pas et ils choisissent d'incarner la puissance et la férocité de leurs dieux, devenant grands et sauvages à mesure qu'ils s'imprègnent de la puissance des anciens. Ces derniers sont connus sous le nom d'ursides totémiques, et d'autres Furbolgs les tiennent en aussi haute estime que leurs chamans, reconnaissant leur rôle dans la protection et la chasse pour leurs tribus.;Die Furbolgs sehen sich als Nachkommen der wilden Götter Ursoc und Ursol. Für einige Furbolgs ist Ehrfurcht jedoch nicht genug, und sie entscheiden sich dafür, die Macht und Wildheit ihrer Götter zu repräsentieren, indem sie groß und wild werden, während sie sich mit der Macht der Halbgötter durchdringen. Diese sind als Ursa-Totemiker bekannt, und andere Furbolgs schätzen sie fast so hoch wie ihre Schamanen, da sie ihre Rolle für ihre Stämme beim Schutz und bei der Jagd erkennen.;;;;;;;;;;;x
ca_culture_demonic_1;Mo'arg Forge;Forge mo'arg;Mo'arg-Schmiede;;;;;;;;;;;x
ca_culture_demonic_2;Mo'arg Forge;Forge mo'arg;Mo'arg-Schmiede;;;;;;;;;;;x
ca_culture_demonic_3;Mo'arg Forge;Forge mo'arg;Mo'arg-Schmiede;;;;;;;;;;;x
ca_culture_demonic_4;Mo'arg Forge;Forge mo'arg;Mo'arg-Schmiede;;;;;;;;;;;x
ca_culture_demonic_desc;The mo'arg represent one of the more versatile member races of the Legion, providing both brute strength and technical brilliance. The mo'arg brutes, the largest among them, choose to augment their hulking bodies with mechanical parts, while the smaller, stunted gan'arg, build and man demonic artillery and arms.;Les Mo'arg représentent l'une des races membres les plus polyvalentes de la Légion, offrant à la fois une force brute et une brillance technique. Les brutes mo'arg, les plus grandes d'entre elles, choisissent d'augmenter leurs corps de carapace avec des pièces mécaniques, tandis que les Gan'arg plus petits, rabougris, construisent et manient une artillerie et des armes démoniaques.;Die Mo'arg repräsentieren eine der vielseitigeren Mitgliedsrassen der Legion und bieten sowohl brachiale Stärke als auch technische Brillanz. Die Mo'arg-Rohlinge, die größten unter ihnen, entscheiden sich dafür, ihre massigen Körper mit mechanischen Teilen zu verstärken, während die kleineren, verkümmerten Gan'arg dämonische Artillerie und Waffen bauen und bemannen.;;;;;;;;;;;x
ca_culture_high_elf_1;Farstrider Lodge;Gîte des Pérégrins;Weltenwanderer-Loge;;;;;;;;;;;x
ca_culture_high_elf_2;Farstrider Lodge;Gîte des Pérégrins;Weltenwanderer-Loge;;;;;;;;;;;x
ca_culture_high_elf_3;Farstrider Lodge;Gîte des Pérégrins;Weltenwanderer-Loge;;;;;;;;;;;x
ca_culture_high_elf_4;Farstrider Lodge;Gîte des Pérégrins;Weltenwanderer-Loge;;;;;;;;;;;x
ca_culture_high_elf_desc;The Farstriders are an elite organization of elven archers and among the very best with a bow that Azeroth has to offer. With a tradition that dates back to the Troll Wars, they devote themselves to eradicating evil both in their homelands and elsewhere and uphold honour and the law with a righteous fervour. Despite their respect for the law, they operate separate from the military, using their independence to further their ideals with minimal political interference.;Les Pérégrins sont une organisation d'élite d'archers elfiques parmi les meilleurs archers qu'Azeroth a à offrir. Avec une tradition qui remonte aux guerres des Trolls, ils se consacrent à l'éradication du mal dans leur pays et ailleurs et défendent l'honneur et la loi avec une ferveur juste. Malgré leur respect de la loi, ils opèrent séparément de l'armée, utilisant leur indépendance pour promouvoir leurs idéaux avec un minimum d'interférence politique.;Die Weltenwanderer sind eine Eliteeinheit elfischer Bogenschützen und gehören zu den allerbesten mit dem Bogen, die Azeroth zu bieten hat. Mit einer Tradition, die bis in die Trollkriege zurückreicht, widmen sie sich der Ausrottung des Bösen sowohl in ihren Heimatländern als auch anderswo und setzen sich mit rechtschaffenem Eifer für Ehre und Gesetz ein. Trotz ihres Respekts vor dem Gesetz operieren sie getrennt vom Militär und nutzen ihre Unabhängigkeit dazu, ihre Ideale mit minimaler politischer Einmischung voranzutreiben.;;;;;;;;;;;x
ca_culture_centaur_1;Centaur Camp;Camp centaure;Zentauren-Lager;;;;;;;;;;;x
ca_culture_centaur_2;Centaur Camp;Camp centaure;Zentauren-Lager;;;;;;;;;;;x
ca_culture_centaur_3;Centaur Camp;Camp centaure;Zentauren-Lager;;;;;;;;;;;x
ca_culture_centaur_4;Centaur Camp;Camp centaure;Zentauren-Lager;;;;;;;;;;;x
ca_culture_centaur_desc;Brutal and barbaric, the centaurs are a relatively young but powerful species. The children of Zaetar, son of Cenarius, and Theradras, an earth elemental princess, centaurs are half-horse and half-human with the body of rather ugly humans above the waist and the body of a draft horse below it. Their culture is almost entirely war-driven, whether they are fighting with other centaur bands or the various races unlucky enough to settle near them.;Brutal et barbare, les Centaures sont une espèce relativement jeune mais puissante. Enfants de Zaetar, fils de Cénarius, et de Theradras, princesse élémentaire de la terre, les Centaures sont mi-chevaux et mi-humains, avec un corps d'humain assez laid au-dessus du torse et un corps de cheval de trait en dessous. Leur culture est presque entièrement axée sur la guerre, qu'ils se battent avec d'autres bandes de centaures ou avec les différentes races qui ont eu la malchance de s'installer près d'eux.;Brutal und barbarisch sind die Zentauren eine relativ junge, aber mächtige Rasse. Als Kinder von Zaetar, dem Sohn des Cenarius, und Theradras, einer Erdelementarprinzessin, sind Zentauren halb Pferd und halb Mensch, mit dem Körper eines ziemlich hässlichen Menschen oberhalb der Taille und dem Körper eines Lastpferds darunter. Ihre Kultur ist fast ausschließlich kriegerisch geprägt, ob sie nun mit anderen Zentaurengruppen kämpfen oder mit den verschiedenen Rassen, die das Pech haben, sich in ihrer Nähe anzusiedeln.;;;;;;;;;;;x
ca_culture_goblin_1;Shredder Garage;Garage des déchiqueteurs;Schredder-Werkstatt;;;;;;;;;;;x
ca_culture_goblin_2;Shredder Garage;Garage des déchiqueteurs;Schredder-Werkstatt;;;;;;;;;;;x
ca_culture_goblin_3;Shredder Garage;Garage des déchiqueteurs;Schredder-Werkstatt;;;;;;;;;;;x
ca_culture_goblin_4;Shredder Garage;Garage des déchiqueteurs;Schredder-Werkstatt;;;;;;;;;;;x
ca_culture_goblin_desc;When it comes to the use of mechanical know-how to mete out reckless yet efficient destruction, the goblins are second to none. This even applies to their lumber harvesting techniques, where they skip axes in favor of Shredders, large mechanical suits of armor equipped with buzzsaws and pincers for hands. Needless to say, a walking suit of armor with a buzzsaw for a hand has its military uses as well.;Lorsqu'il s'agit d'utiliser un savoir-faire mécanique pour procéder à une destruction imprudente mais efficace, les Gobelins n'ont pas leur pareil. Cela s'applique même à leurs techniques de récolte du bois, où ils abandonnent les haches au profit des déchiqueteurs, de grandes armures mécaniques équipées de scies à métaux et de pinces pour les mains. Il va sans dire qu'une armure de marche équipée d'une scie sauteuse pour la main a également des utilisations militaires.;Wenn es um den Einsatz mechanischen Know-hows zur rücksichtslosen, aber effizienten Zerstörung geht, sind die Goblins unübertroffen. Dies gilt sogar für ihre Technik der Holzgewinnung, bei der sie auf Äxte zugunsten von Schreddern verzichten, großen mechanischen Rüstungen, die mit Kreissägen und Zangen an Stelle von Händen ausgestattet sind. Unnötig zu erwähnen, dass eine wandelnde Rüstung mit einer Kreissäge als Hand auch militärischen Nutzen hat.;;;;;;;;;;;x
ca_culture_ancient_1;Grove of Nature's Wrath;Bosquet du courroux de la Nature;Hain der Wut der Natur;;;;;;;;;;;x
ca_culture_ancient_2;Grove of Nature's Wrath;Bosquet du courroux de la Nature;Hain der Wut der Natur;;;;;;;;;;;x
ca_culture_ancient_3;Grove of Nature's Wrath;Bosquet du courroux de la Nature;Hain der Wut der Natur;;;;;;;;;;;x
ca_culture_ancient_4;Grove of Nature's Wrath;Bosquet du courroux de la Nature;Hain der Wut der Natur;;;;;;;;;;;x
ca_culture_ancient_desc;Ancients are the embodiment of nature and are among the very first of Azeroth's sentient creatures. Those that embody the inherent brutal, forceful side of nature are known as Ancients of War, drawing their strength from the energies and memories of conflicts long forgotten. While they aren't afraid to fight themselves, they have also been known to train night elves and others willing in the art of combat.;Les Anciens sont l'incarnation de la Nature et sont parmi les toutes premières créatures sensibles d'Azeroth. Ceux qui incarnent le côté brutal et puissant inhérent à la nature sont connus sous le nom d'Anciens de la guerre, tirant leur force des énergies et des souvenirs de conflits longtemps oubliés. S'ils n'ont pas peur de se battre, ils sont également connus pour entraîner les Elfes de la nuit et d'autres personnes désireuses de s'adonner à l'art du combat.;Die Urtume sind die Verkörperung der Natur und gehören zu den allerersten empfindenden Geschöpfen Azeroths. Diejenigen, die die ihnen innewohnende gewaltige und rohe Seite der Natur verkörpern, sind als Urtume des Krieges bekannt und schöpfen ihre Kraft aus den Energien und Erinnerungen an längst vergessene Konflikte. Obwohl sie sich nicht scheuen, selbst zu kämpfen, sind sie auch dafür bekannt, Nachtelfen und andere kampfbereite Wesen in der Kunst des Krieges auszubilden.;;;;;;;;;;;x
ca_culture_dragon_1;Dragon Roost;Perchoir des dragons;Drachenhorst;;;;;;;;;;;x
ca_culture_dragon_2;Dragon Roost;Perchoir des dragons;Drachenhorst;;;;;;;;;;;x
ca_culture_dragon_3;Dragon Roost;Perchoir des dragons;Drachenhorst;;;;;;;;;;;x
ca_culture_dragon_4;Dragon Roost;Perchoir des dragons;Drachenhorst;;;;;;;;;;;x
ca_culture_dragon_desc;Dragons are the titans' chosen stewards of the world. They are divided into several dragonflights, each bearing scales of a different colour and watching over a different aspect of the titans' creations. Colossal, airborne, and intelligent beyond mortal capabilities, the presence of even one dragon can be enough to turn the tide of any battle.;Les Dragons sont les gardiens du monde choisis par les Titans. Ils sont divisés en plusieurs vols draconiques, chacun portant des écailles d'une couleur différente et veillant sur un aspect différent des créations des Titans. Colossal, aéroporté et intelligent au-delà des capacités des mortels, la présence d'un seul dragon peut suffire à renverser le cours d'une bataille.;Drachen sind die von den Titanen auserwählten Hüter der Welt. Sie sind in mehrere Drachenschwärme unterteilt, von denen jeder Schuppen in einer anderen Farbe trägt und über einen anderen Aspekt der Schöpfungen der Titanen wacht. Kolossal, fliegend und intelligent jenseits der Fähigkeiten eines Sterblichen, kann schon die Anwesenheit eines einzigen Drachens ausreichen, um das Blatt in jeder Schlacht zu wenden.;;;;;;;;;;;x
ca_culture_wildhammer_1;Gryphon Aerie;Pic des griffons;Greifenhorst;;;;;;;;;;;x
ca_culture_wildhammer_2;Gryphon Aerie;Pic des griffons;Greifenhorst;;;;;;;;;;;x
ca_culture_wildhammer_3;Gryphon Aerie;Pic des griffons;Greifenhorst;;;;;;;;;;;x
ca_culture_wildhammer_4;Gryphon Aerie;Pic des griffons;Greifenhorst;;;;;;;;;;;x
ca_culture_wildhammer_desc;After the War of the Three Hammers, the Wildhammer dwarves found themselves residing in the heavily-wooded Hinterlands, where they befriended and tamed the local gryphons. Learning to use them as steeds, the Wildhammers soon became famous for their gryphon riders. These riders pride themselves as powerful airborne cavalry wielding enchanted stormhammers.;Après la guerre des Trois-Marteaux, les nains Marteaux-hardis se sont retrouvés dans un arrière-pays très boisé, où ils se sont liés d'amitié avec les griffons locaux et les ont apprivoisés. Apprenant à les utiliser comme montures, les Marteaux-hardis devinrent rapidement célèbres pour leurs cavaliers aériens. Ces cavaliers s'enorgueillissent d'être une puissante cavalerie aéroportée brandissant des marteaux de tempête enchantés.;Nach dem Krieg der drei Hämmer fanden sich die Wildhammerzwerge im waldreichen Hinterland wieder, wo sie sich mit den dortigen Greifen anfreundeten und sie zähmten. Als sie lernten, sie als Reittiere zu nutzen, wurden die Wildhammer berühmt für ihre Greifenreiter. Diese Reiter rühmen sich als mächtige Luftkavallerie, die verzauberte Sturmhämmer schwingt.;;;;;;;;;;;x
ca_culture_bronzebeard_1;Siegeworks;Ateliers de siège;Belagerungswerkstätten;;;;;;;;;;;x
ca_culture_bronzebeard_2;Siegeworks;Ateliers de siège;Belagerungswerkstätten;;;;;;;;;;;x
ca_culture_bronzebeard_3;Siegeworks;Ateliers de siège;Belagerungswerkstätten;;;;;;;;;;;x
ca_culture_bronzebeard_4;Siegeworks;Ateliers de siège;Belagerungswerkstätten;;;;;;;;;;;x
ca_culture_bronzebeard_desc;Designed by gnomes and perfected by dwarves, this is the story of the siege engine. A replacement for the steam tank, the siege engine combines both ramming and shelling capabilities with heavy armoured plating and anti-air flak cannons. These metal beasts enable teams of dwarves to safely and effectively reduce enemy fortifications to powder.;Conçu par les Gnomes et perfectionné par les Nains, telle est l'histoire de l'engin de siège. Remplaçant le char à vapeur, l'engin de siège combine des capacités d'éperonnage et de bombardement avec des blindages lourds et des canons antiaériens. Ces bêtes métalliques permettent à des équipes de Nains de réduire en poussière les fortifications ennemies de manière sûre et efficace.;Von Gnomen entworfen und von Zwergen perfektioniert, dies ist die Geschichte der Belagerungsmaschine. Als Ersatz für den Dampfpanzer kombiniert die Belagerungsmaschine Ramm- und Geschützfähigkeiten mit schwerer Panzerung und Flakgeschützen zur Luftabwehr. Diese metallenen Ungetüme ermöglichen es Zwergenmannschaften, feindliche Befestigungen sicher und effektiv zu pulverisieren.;;;;;;;;;;;x
ca_culture_pirate_1;Buccaneer Hold;Donjon des flibustiers;Seeräuberfestung;;;;;;;;;;;x
ca_culture_pirate_2;Buccaneer Hold;Donjon des flibustiers;Seeräuberfestung;;;;;;;;;;;x
ca_culture_pirate_3;Buccaneer Hold;Donjon des flibustiers;Seeräuberfestung;;;;;;;;;;;x
ca_culture_pirate_4;Buccaneer Hold;Donjon des flibustiers;Seeräuberfestung;;;;;;;;;;;x
ca_culture_pirate_desc;Vicious and bloodthirsty in their own right, these pirate buccaneers have nothing left to lose while spending every effort possible to loot and pillage the properties of those more fortunate than them. Whether it be by musket, bow or cutlass, the unlucky ones who cross their path end up feeding the fish.;Vicieux et assoiffés de sang, ces pirates flibustiers n'ont plus rien à perdre en déployant tous les efforts possibles pour piller les propriétés de ceux qui sont plus chanceux qu'eux. Que ce soit au fusil, à l'arc ou au coutelas, les malchanceux qui croisent leur chemin finissent par nourrir les poissons.;Bösartig und blutrünstig an sich haben diese Seeräuber nichts mehr zu verlieren, während sie alles daran setzen, die Besitztümer der Glücklicheren zu plündern und zu brandschatzen. Ob mit Muskete, Bogen oder Entermesser, die Unglücklichen, die ihren Weg kreuzen, enden als Futter für die Fische.;;;;;;;;;;;x
ca_culture_giant_1;Giant Outyards;Domaine des géants;Offener Riesen-Lagerplatz;;;;;;;;;;;x
ca_culture_giant_2;Giant Outyards;Domaine des géants;Offener Riesen-Lagerplatz;;;;;;;;;;;x
ca_culture_giant_3;Giant Outyards;Domaine des géants;Offener Riesen-Lagerplatz;;;;;;;;;;;x
ca_culture_giant_4;Giant Outyards;Domaine des géants;Offener Riesen-Lagerplatz;;;;;;;;;;;x
ca_culture_giant_desc;Created by the titans to protect and oversee the mountains of Azeroth, these giants are a war-like yet honourable race. In battle there are few foes that can match their might as even the strongest warriors fall before their titanic strenght.;Créés par les Titans pour protéger et surveiller les montagnes d'Azeroth, ces géants sont une race guerrière mais honorable. Dans la bataille, peu d'ennemis peuvent rivaliser avec leur puissance, car même les guerriers les plus forts tombent devant leur force titanesque.;Von den Titanen erschaffen, um die frostigen Berge Azeroths zu schützen und zu bewachen, sind die Riesen ein kriegerisches und doch ehrenwertes Volk. In der Schlacht gibt es nur wenige Feinde, die es mit ihrer Kraft aufnehmen können, da selbst die stärksten Krieger vor ihrer titanischen Stärke zu Boden gehen.;;;;;;;;;;;x
ca_culture_forsaken_1;Deathguard Quarters;Quartier des nécrogardes;Quartiere der Todeswache;;;;;;;;;;;x
ca_culture_forsaken_2;Deathguard Quarters;Quartier des nécrogardes;Quartiere der Todeswache;;;;;;;;;;;x
ca_culture_forsaken_3;Deathguard Quarters;Quartier des nécrogardes;Quartiere der Todeswache;;;;;;;;;;;x
ca_culture_forsaken_4;Deathguard Quarters;Quartier des nécrogardes;Quartiere der Todeswache;;;;;;;;;;;x
ca_culture_forsaken_desc;Once they were noble warriors. Now their bodies are weak and rotten, but their indomitable spirits are without equal. Capable of enduring vastly harsher conditions than living troops, the tireless Deathguard can march for days, even weeks to bring death to the enemies.;Ils étaient autrefois de nobles guerriers. Aujourd'hui, leur corps est faible et pourri, mais leur esprit indomptable reste inégalé. Capable de supporter des conditions bien plus dures que celles des troupes vivantes, l'infatigable Nécrogarde peut marcher pendant des jours, voire des semaines, pour apporter la mort à ses ennemis.;Einst waren sie edle Krieger. Jetzt sind ihre Körper matt und verfault, aber ihre unbezwingbaren Geister suchen ihresgleichen. Die unermüdliche Todeswache, die in der Lage ist, weitaus härtere Bedingungen als lebende Truppen zu ertragen, kann tagelang, ja sogar wochenlang marschieren, um den Feinden den Tod zu bringen.;;;;;;;;;;;x
ca_culture_yaungol_1;Fire Camp;;Feuerlager;;;;;;;;;;;x
ca_culture_yaungol_2;Fire Camp;;Feuerlager;;;;;;;;;;;x
ca_culture_yaungol_3;Fire Camp;;Feuerlager;;;;;;;;;;;x
ca_culture_yaungol_4;Fire Camp;;Feuerlager;;;;;;;;;;;x
ca_culture_yaungol_desc;The yaungol prefer to hit hard and fast, making heavy use of cavalry to flank and harass the enemy while hard-hitting infantry assaults the weakest parts of the enemy line. This initial assault is backed by fire sorcery. Yaungol are known to retreat as quickly as they charge, always reading the enemy and only fully committing their forces to ensure victories.;;Die Yaungol ziehen es vor, hart und schnell zuzuschlagen, wobei sie sich der Kavallerie bedienen, um den Feind zu flankieren und zu bedrängen, während die schlagkräftige Infanterie die schwächsten Stellen der feindlichen Linien angreift. Dieser erste Angriff wird durch Feuermagie unterstützt. Die Yaungol sind dafür bekannt, sich genauso schnell zurückzuziehen, wie sie angreifen, wobei sie den Feind immer im Auge behalten und ihre Kräfte nur dann voll einsetzen, wenn der Sieg zum Greifen nah ist.;;;;;;;;;;;x
ca_culture_mantid_1;Strikers' Lair;;Bau der Stürmer;;;;;;;;;;;x
ca_culture_mantid_2;Strikers' Lair;;Bau der Stürmer;;;;;;;;;;;x
ca_culture_mantid_3;Strikers' Lair;;Bau der Stürmer;;;;;;;;;;;x
ca_culture_mantid_4;Strikers' Lair;;Bau der Stürmer;;;;;;;;;;;x
ca_culture_mantid_desc;The mantid are no strangers to warfare, using technology to turn the tide of battle. The strikers are an aerial component of the massive mantid army who let fiery devastation rain down upon scores of enemies, while a mantid swarm finishs the enemy off.;;Den Mantiden ist die Kriegsführung nicht fremd, sie nutzen Technologie, um das Kriegsglück zu wenden. Die Stürmer sind eine Luftstreitkraft der gewaltigen Mantidenarmee, die feurige Verwüstung auf Dutzende von Feinden herabregnen lässt, während ein Mantidenschwarm den Feind vernichtet.;;;;;;;;;;;x
ca_culture_ankoan_1;Waveblades' Lodge;;Wellenklingen-Loge;;;;;;;;;;;x
ca_culture_ankoan_2;Waveblades' Lodge;;Wellenklingen-Loge;;;;;;;;;;;x
ca_culture_ankoan_3;Waveblades' Lodge;;Wellenklingen-Loge;;;;;;;;;;;x
ca_culture_ankoan_4;Waveblades' Lodge;;Wellenklingen-Loge;;;;;;;;;;;x
ca_culture_ankoan_desc;The ankoan have been fighting back against the naga for generations. Their best hunters, the waveblades, are trained to strike fast and retreat without heavy losses. Using this tactic, the few ankoan clans were able to resist the giant Nazjatar Empire.;;Die Ankoan haben seit Generationen gegen die Naga gekämpft. Ihre besten Jäger, die Wellenklingen, sind darauf trainiert, schnell zuzuschlagen und sich ohne große Verluste zurückzuziehen. Mit dieser Taktik konnten die wenigen Ankoan-Clans dem mächtigen Reich von Nazjatar Widerstand leisten.;;;;;;;;;;;x
ca_culture_saurok_1;Scale Pit;;Schuppengrube;;;;;;;;;;;x
ca_culture_saurok_2;Scale Pit;;Schuppengrube;;;;;;;;;;;x
ca_culture_saurok_3;Scale Pit;;Schuppengrube;;;;;;;;;;;x
ca_culture_saurok_4;Scale Pit;;Schuppengrube;;;;;;;;;;;x
ca_culture_saurok_desc;The saurok race was created to fight and the residents of this pit are ready to prove it. Possessed by brute strength and innate aggression, these warriors or, as other races call them, raiders, charge into battle on giant mushans, seeking the spoils of softer races.;;Die Saurok-Rasse wurde für den Kampf geschaffen, und die Bewohner dieser Grube sind bereit, dies zu beweisen. Besessen von roher Stärke und angeborener Aggressivität stürmen diese Krieger oder, wie sie von anderen Rassen genannt werden, Plünderer in die Schlacht und suchen die Beute der schwächeren Rassen.;;;;;;;;;;;x
ca_culture_grummle_1;Yak Yard;;Yak-Hof;;;;;;;;;;;x
ca_culture_grummle_2;Yak Yard;;Yak-Hof;;;;;;;;;;;x
ca_culture_grummle_3;Yak Yard;;Yak-Hof;;;;;;;;;;;x
ca_culture_grummle_4;Yak Yard;;Yak-Hof;;;;;;;;;;;x
ca_culture_grummle_desc;Mainly, yaks are used as beasts of burden, but in wartime, the grummles re-equip their countless caravans into heavy cavalry able to break the enemy frontline. Thus, using their fellow companions, the rather weak grummles can fight back against other races.;;Yaks werden hauptsächlich als Lasttiere eingesetzt, aber in Kriegszeiten rüsten die Grummel ihre unzähligen Karawanen zu schwerer Kavallerie um, die in der Lage ist, die feindliche Frontlinie zu durchbrechen. So können sich die eher schwachen Grummel mit Hilfe ihrer Kameraden gegen andere Rassen zur Wehr setzen.;;;;;;;;;;;x
ca_culture_pandaren_1;Pandaren Training Ground;;Pandaren-Trainingsgelände;;;;;;;;;;;x
ca_culture_pandaren_2;Pandaren Training Ground;;Pandaren-Trainingsgelände;;;;;;;;;;;x
ca_culture_pandaren_3;Pandaren Training Ground;;Pandaren-Trainingsgelände;;;;;;;;;;;x
ca_culture_pandaren_4;Pandaren Training Ground;;Pandaren-Trainingsgelände;;;;;;;;;;;x
ca_culture_pandaren_desc;During the dark days of the mogu dynasties, pandaren slaves were not permitted to carry weapons of any kind. When training in secret, pandaren monks would often use farm tools or simple bamboo staves for practice. Over the years, fighting styles have changed dramatically, but the core foundation of the techniques remained the same: defeat an opponent of any size with your bare paws if you have to.;;Während der dunklen Tage der Mogu-Dynastien war es Pandarensklaven nicht erlaubt, Waffen jeglicher Art zu tragen. Wenn Pandarenmönche im Geheimen trainierten, benutzten sie zum Üben oft landwirtschaftliche Werkzeuge oder einfache Bambusstäbe. Im Laufe der Jahre haben sich die Kampfstile grundlegend verändert, aber das Kernstück der Techniken ist gleich geblieben: Besiege einen Gegner jeder Größe mit den bloßen Pfoten, wenn es sein muss.;;;;;;;;;;;x
ca_culture_mogu_1;Subjugators' Halls;;Hallen der Unterdrücker;;;;;;;;;;;x
ca_culture_mogu_2;Subjugators' Halls;;Hallen der Unterdrücker;;;;;;;;;;;x
ca_culture_mogu_3;Subjugators' Halls;;Hallen der Unterdrücker;;;;;;;;;;;x
ca_culture_mogu_4;Subjugators' Halls;;Hallen der Unterdrücker;;;;;;;;;;;x
ca_culture_mogu_desc;These spacious halls are made for the best mogu warriors and their companions known as quilen. A long time ago, Lei Shen used these elite forces to create the Mogu Empire. The walls are adorned with epic jade frescoes reminding of that time. The building itself has been built to inspire fear and greatness of its creators.;;Diese geräumigen Säle wurden für die besten Mogu-Krieger und ihre Begleiter, die Quilen, geschaffen. Vor langer Zeit nutzte Lei Shen diese Elitetruppen, um das Mogu-Imperium zu gründen. Die Wände sind mit monumentalen Jadefresken geschmückt, die an diese Zeit erinnern. Das Gebäude selbst wurde errichtet, um Großartigkeit und Angst vor seinen Schöpfern zu wecken.;;;;;;;;;;;x
ca_culture_jinyu_1;Waterspeakers' Academy;;Wassersprecher-Akademie;;;;;;;;;;;x
ca_culture_jinyu_2;Waterspeakers' Academy;;Wassersprecher-Akademie;;;;;;;;;;;x
ca_culture_jinyu_3;Waterspeakers' Academy;;Wassersprecher-Akademie;;;;;;;;;;;x
ca_culture_jinyu_4;Waterspeakers' Academy;;Wassersprecher-Akademie;;;;;;;;;;;x
ca_culture_jinyu_desc;An academy where jinyu practice controlling water. Only the most potent children chosen by the village elders can come here. Over time, the wisest of their people learn to commune with the water, becoming waterspeakers, the most powerful water mages their race has ever seen. ;;Eine Akademie, in der Jinyu üben, Wasser zu kontrollieren. Nur die mächtigsten Kinder, die von den Dorfältesten ausgewählt werden, dürfen hierher kommen. Mit der Zeit lernen die Klügsten ihres Volkes, mit dem Wasser zu kommunizieren und werden zu Wassersprechern, den mächtigsten Wassermagiern, die ihre Rasse je gesehen hat.;;;;;;;;;;;x
ca_culture_gilblin_1;Waterless Haven;;;;;;;;;;;;;x
ca_culture_gilblin_2;Waterless Haven;;;;;;;;;;;;;x
ca_culture_gilblin_3;Waterless Haven;;;;;;;;;;;;;x
ca_culture_gilblin_4;Waterless Haven;;;;;;;;;;;;;x
ca_culture_gilblin_desc;Gilblin scouts train here for combat on dry land. While they are masters of underwater combat they feel peculiar on land and they can't use their sea skirmishing techniques. However with proper training they get here their deadliness above sea is as deadly as below.;;;;;;;;;;;x
