#CODE;RUSSIAN;;;;;;;;;;;;;x
creature_human;Человек;;;;;;;;;;;;;x
creature_human_desc;Этот персонаж - человек. Множество лет назад, когда титаны покинули Азерот, древние боги послали проклятие плоти на их бесчисленные творения. Оно не обошло и врайкулов - мрачных, жестоких и воинственных великанов севера, которые были созданы ради защиты других прислужников титанов. Из-за проклятия женщины врайкулов начали рожать слабых, уродливых детей. Король Имирон, владыка и правитель всего народа врайкулов, прознал об этом и посчитал, что титаны отвернулись от его народа и отрёкся от создателей, приказав убивать «испорченное» потомство, но не все матери выполнили указ короля. Те, кто не смог этого сделать, сбежали на юг, а их дети стали предками людей. Люди - одна из самых молодых рас в Азероте, но на их долю уже выпало немало испытаний, которые они выдержали с честью. Гордые и непреклонные, люди разнообразны и способны к любой работе, но больше всего искусны в дипломатии и решении проблем мирным путём.;;;;;;;;;;;;;
creature_gnoll;Гнолл;;;;;;;;;;;;;
creature_gnoll_desc;Гноллы - хитрый звероподобный народец, гибрид человека с гиеной. Большой горб, длинная шея и неуклюжие пальцы рук вовсе не мешают им сражаться, и сама борьба - образ жизни этой расы. Гноллы являются очень буйными тварями: даже из-за самого мелкого спора они способны перегрызть друг другу глотку, причем в буквальном смысле, так как пожирают всех существ, в том числе членов собственой расы. В их обществе процветает Культ Силы, поэтому вожаками племен часто становятся сильные, в то время как слабые идут в расход на пищу. Гноллы ленивы и примитивны, потому ещё не овладели металлообработкой и до сих пор предпочитают кочевный образ жизни.;;;;;;;;;;;;;
creature_murloc;Мурлок;;;;;;;;;;;;;
creature_murloc_desc;Мурлоки - странная комбинация гуманоида и рыбы, древняя двуногая раса амфибиоподобных, проживающая в океане, по береговым линиям, побережьям озёр и руслам рек, а так же в подводных руинах. Мурлоки могут находиться и дышать на земле, хотя они редко рискуют отходить далеко от воды. Их сгорбленная внешность говорит о неуклюжести, однако на самом деле это заблуждение, некоторые мурлоки могут перемещаться по суше с большой скоростью и проворством. Мурлоки не заботятся об индивидуальности или творческом начале, поскольку это не может помочь выживанию племени или большей части их расы. Они ценят повиновение выше всего остального. Проворство и жестокость также важны для них, как и охотничьи мастерство и сила.;;;;;;;;;;;;;
creature_troll;Тролль;;;;;;;;;;;;;
creature_troll_desc;Тролли — древняя раса, столь же загадочная, сколь и опасная, многочисленные племена которой обитают в каждом уголке мира. Они были в центре расовой войны с людьми, дворфами и эльфами Азерота начиная с начала начал их летописей. Все тролли обладают удивительной физической регенерацией: они могут вылечиться от серьезных ран и восстанавливать потерянные конечности. Ростом они больше обычного человека. Цвет их кожи варьируется, смотря на разновидность, от светло-зеленого и голубого до темно-серого. Они проворны, хитры и полностью безжалостны, когда охотятся за добычей (без разницы, является ли этой добычей дикое животное или разумное существо). И несомненно, злить тролля по прихоти, считая их примитивными и глупыми, - серьезная ошибка.;;;;;;;;;;;;;
creature_ogre;Огр;;;;;;;;;;;;;
creature_ogre_desc;Огры — высокие и толстые гуманоиды с огромными руками и большим животом. Они чрезвычайно сильны и любят демонстрировать сей факт. В битву они бросаются выкрикивая громкий вопль, чаще всего с гигантской дубиной. Немногие могут устоять перед разъярённым огром, а повергнуть его - еще более сложная задача. Самый сильный воин ведет племя: ни один огр не подвергнет сомнению право сильнейшего. Однако если вождь начнет показывать слабость, то другой огр может бросить ему вызов и попытаться стать новым вождем. Хотя в их обществе есть способные к мистическим наукам, ныне большинство огров не особо одарено интеллектом. Редкое ответвление расы огров имеет две головы вместо одной. Вторая голова почти всегда одноглазая, и, к сожалению, столь же глупая, как и другая голова, головы могут ссориться и даже воевать друг с другом.;;;;;;;;;;;;;
creature_orc;Орк;;;;;;;;;;;;;
creature_orc_desc;Дикие коричнево- или зеленокожие орки - уроженцы Дренора, прибывшие в Азерот. Мужчины орков - массивные и ужасающе выглядящие существа, большинство женщин орков немного короче большинства мужчин (а некоторые из них одного с ними роста), они также имеют широкие плечи и мускулистые, сильные тела. Для их врагов они - звери и внушающие страх противники, ни с чем не сравнимые в их свирепости и хитрости. Но для союзников они благородны и щедры. Для орка навык в сражении приносит большую честь. Честь - основное понятие, которое лежит в общество орков, концепция, которая сделала расу более единой перед большой угрозой. Орки кажутся весьма вспыльчивыми, но они чтут мудростью лидеров и своих шаманов.;;;;;;;;;;;;;
elemental_lord_fire;Повелитель Огня;;;;;;;;;;;;;
elemental_lord_fire_desc;Повелитель Огня - невероятно сильный правитель элементалей огня, один из четырех Лордов-Элементалей. Его план - Огненные Просторы, царство огня и пепла, лежащее глубоко под землями и океаном Обители стихий.;;;;;;;;;;;;;
member_of_the_brotherhood_of_the_horse;Рыцарь Братства Лошади;;;;;;;;;;;;;
member_of_the_brotherhood_of_the_horse_desc;Братство Лошади — это древний орден рыцарей Королевства Штормград, существующего с момента переселения людей Шторма из Нагорья Арати. Члены братства являются сильнейшими воинами в армии Азерота, в их рядах состоят самые известные и лучшие рыцари и воины Штормграда, всегда готовые пожертвовать жизнями ради блага их отчизны.;;;;;;;;;;;;;
member_of_the_shadow_council;Член Совета Теней;;;;;;;;;;;;;
member_of_the_shadow_council_desc;Совет Теней — организация чернокнижников из смертных народов, которая находится на службе у демонов Пылающего Легиона, созданная Гул'даном ещё на Дреноре, когда объединенные кланы орков начали войну против дренеев. Первоначальными целями совета было обеспечение стабильности в войне, которую Орда начала против дренеев, политические манипуляции кланами и распространение магии чернокнижников. С вторжением орков в Азерот Совет Теней весомо расширил свою область влияния не только внутри Орды, но и за её пределами, пустив свои сети во все уголки известного мира.;;;;;;;;;;;;;
guardian_of_tirisfal;Страж Тирисфаля;;;;;;;;;;;;;
guardian_of_tirisfal_desc;Хранитель Тирисфаля — смертный воин-чемпион, выбранный Советом Тирисфаля, секретной организацией, в которой объединились маги людей, гномов и высших эльфов, и наделенный огромными магическими силами для борьды с Пылающим Легионом. Когда Хранитель стареет или устает от бесконечной борьбы с хаосом, Совет выбирает нового Хранителя и отдает ему силы предыдущего. На каждое поколение приходится всего один Хранитель, но из-за своей огромной магической силы он способен справляться со всеми демонами, попавшими в Азерот.;;;;;;;;;;;;;
tinker;Механик;;;;;;;;;;;;;
tinker_desc;Механики — одни из самых интеллектуально развитых представителей приключенцев Азерота. Они - создатели невероятных изобретений, от безумных многоцелевых ножей до бензопил и паровых танков. Их изобретения позволяют им преодолеть почти любую неприятность. И все же, несмотря на всю их помощь обществу, у механиков репутация опасных спутников - в основном из-за бесконечных гоблинских экспериментов со взрывами.;;;;;;;;;;;;;
explorer;Исследователь;;;;;;;;;;;;;
explorer_desc;Исследователи — те немногие храбрецы, кто рискует своей жизнью ради науки и расширения общего кладезя знаний всех жителей Азерота. Они одновременно являются и учёными, занимающимися изучением обществ прошлых веков, и путешественниками, составляющими описание новых территорий и стирающими белые пятна с карты Азерота.;;;;;;;;;;;;;
creature_naga;Нага;;;;;;;;;;;;;
creature_naga_desc;Наги мало теперь напоминают знать, которой они когда-то являлись. Их гордый облик был исковеркан и искажен: многие из них получили ряд особенных изменений, характерных для морских глубин, типа выпускания чернил, щупалец, острой чешуи, ядовитых клыков, крепкий панцирь моллюсков, змей вместо волос, большой и острый спинной плавник и сильный хвост. С давних времён среди цивилизации наг установился матриархат, когда более интеллектуально развитые и обладающие магической силой ведьмы и сирены управляют всем сообществом наг. Мужчины же, потерявшие большую часть сил магических, в замен приобрели нечеловеческую физическую силу, составляя основную ударную силу армии наг. В целом же наги - жадные и садистские создания, а их изгнание только усилило их злобную порочную природу.;;;;;;;;;;;;;
creature_blood_elf;Эльф крови;;;;;;;;;;;;;
creature_blood_elf_desc;Эльфы крови — раса, образовавшаяся из высших эльфов Кель'таласа. В честь своих погибших собратьев выжившие назвали себя эльфами крови или Син'дорай, что на талассийском языке означает "дети крови". И высшие, и кровавые эльфы, независимо от класса, статуса или происхождения, увлекаются магией и испытывают некоторую потребность в ней. Но, в отличие от квель'дореев, все син'дореи отнимают магическую силу у других существ. В среднем эльфы крови немного выше людей и значительно тоньше в кости. У большинства из них точеные, правильные черты лица. Квель'дорейское наследие выражается в светлой коже и золотистом оттенке волос, хотя среди син'дореев встречаются эльфы и с неестественно белым, и неожиданно смуглым цветом лица.;;;;;;;;;;;;;
creature_high_elf;Высший эльф;;;;;;;;;;;;;
creature_high_elf_desc;Высшие эльфы, или Кель'дорай — абсолютная противоположность своим братьям - ночным эльфам (или Калдорай). Они - потомки тех, кто служил Азшаре во времена первого Колодца Вечности, они приняли свет солнца и оставили сумрак ночи. Высшие эльфы выше и стройнее, чем люди. От ночных эльфов их отличают более короткие уши и значительно меньший рост. У них светлая кожа, тонкие и идеально правильные черты лица, поэтому многие говорят, что они прекрасны. Однако несмотря на внешнюю красоту, высшие эльфы весьма эгоистичны. Высшие эльфы использовали магию на протяжении многих поколений, впитывая ее с молоком матери. Даже лишенные талантов к магии высшие эльфы не могут жить или даже ясно размышлять, если они не будут получать необходимый лимит энергии ежедневно.;;;;;;;;;;;;;
creature_gnome;Гном;;;;;;;;;;;;;
creature_gnome_desc;Гномы — крошечная раса технарей, механиков и изобретателей, известная своим гениальным умом и эксцентричным характером. Гномы очень маленькие, буквально миниатюрные, они едва больше метра в высоту, а весят всего около 20 килограмм. Несмотря на свой малый рост они ловки и быстры. Для их маленького тела у них непропорционально гигантская голова, размером чуть ли не с остальной частью тела, а в этой голове у всех гномов находится большой мозг гения: стремление в изобретельстве, в особенности сложных механических устройств, у них заложено от природы, хотя некоторые из этих изобретении весьма опасны.;;;;;;;;;;;;;
creature_dwarf;Дворф;;;;;;;;;;;;;
creature_dwarf_desc;Дворфы — невысокие и коренастые существа, которые чаще всего живут в горах Каз Модана, центральной части материка Восточных королевств. По природе своей, они имеют отличные силовые данные. Обычный дворф устойчив, наблюдателен и всегда готов к труду или битве. Он может быть яростным и гневным или упорным и настойчивым в зависимости от ситуации. Хотя дворфы и предпочитают планирование действий для преодоления своих проблем, многие из них часто выходят из себя, когда в дело вступают чувства. Многие поколения дворфы славятся своим непревзойденным умением в работе по металлу и камню. Они - мастера кузнечного дела, а их ювелирные изделия, броня, и оружие сделаны прекрасно и совершенны.;;;;;;;;;;;;;
creature_kobold;Кобольд;;;;;;;;;;;;;
creature_kobold_desk;Кобольды — трусливая раса шахтеров и изготовителей свеч, которые напоминают больших и худых человекоподобных крыс. Большую часть жизни они проводят под землей. У кобольдов довольно навязчивая идея добывать горные ископаемые и рыть туннели - они захватывают любую заброшенную шахту и подбирают любые оставшиеся там инструменты всякий раз, когда им выпадает подобный шанс сделать это безнаказанно. Из всех ископаемых, что можно добывать в земных недрах, им особенно нравится золото. Казалось бы, раса, которая живет по большей части во тьме туннелей, должна развить зрение в темноте, но на самом деле дело обстоит совсем не так. Кобольды в шахтах полагаются на свет своих свечей, которые они носят прямо на голове и ревностно оберегают от чужих рук.;;;;;;;;;;;;;
member_of_the_order_of_the_silver_hand;Член Серебряной Длани;;;;;;;;;;;;;
member_of_the_order_of_the_silver_hand_desc;Этот персонаж — член паладинского ордена Серебряной Длани.;;;;;;;;;;;;;
class_mage_1;Неумелый маг;;;;;;;;;;;;;
class_mage_1_desc;Этот персонаж — маг. Маг — наиболее распространенный тип арканистов, которых можно обнаружить по всему Азероту. Познания в принципах использования тайной магии позволяют магу использовать её в собственных целях, будь-то созидание или же разрушение.;;;;;;;;;;;;;
class_mage_2;Начинающий маг;;;;;;;;;;;;;
class_mage_2_desc;Этот персонаж - маг. Маг - наиболее распространенный тип арканистов, которых можно обнаружить по всему Азероту. Познания в принципах использования тайной магии позволяют магу использовать её в собственных целях, будь-то созидание или же разрушение.;;;;;;;;;;;;;
class_mage_3;Маг-ученик;;;;;;;;;;;;;
class_mage_3_desc;Этот персонаж - маг. Маг - наиболее распространенный тип арканистов, которых можно обнаружить по всему Азероту. Познания в принципах использования тайной магии позволяют магу использовать её в собственных целях, будь-то созидание или же разрушение.;;;;;;;;;;;;;
class_mage_4;Умелый маг;;;;;;;;;;;;;
class_mage_4_desc;Этот персонаж - маг. Маг - наиболее распространенный тип арканистов, которых можно обнаружить по всему Азероту. Познания в принципах использования тайной магии позволяют магу использовать её в собственных целях, будь-то созидание или же разрушение.;;;;;;;;;;;;;
class_mage_5;Опытный маг;;;;;;;;;;;;;
class_mage_5_desc;Этот персонаж - маг. Маг - наиболее распространенный тип арканистов, которых можно обнаружить по всему Азероту. Познания в принципах использования тайной магии позволяют магу использовать её в собственных целях, будь-то созидание или же разрушение.;;;;;;;;;;;;;
class_mage_6;Искусный маг;;;;;;;;;;;;;
class_mage_6_desc;Этот персонаж - маг. Маг - наиболее распространенный тип арканистов, которых можно обнаружить по всему Азероту. Познания в принципах использования тайной магии позволяют магу использовать её в собственных целях, будь-то созидание или же разрушение.;;;;;;;;;;;;;
class_mage_7;Превосходный маг;;;;;;;;;;;;;
class_mage_7_desc;Этот персонаж - маг. Маг - наиболее распространенный тип арканистов, которых можно обнаружить по всему Азероту. Познания в принципах использования тайной магии позволяют магу использовать её в собственных целях, будь-то созидание или же разрушение.;;;;;;;;;;;;;
class_mage_8;Выдающийся маг;;;;;;;;;;;;;
class_mage_8_desc;Этот персонаж - маг. Маг - наиболее распространенный тип арканистов, которых можно обнаружить по всему Азероту. Познания в принципах использования тайной магии позволяют магу использовать её в собственных целях, будь-то созидание или же разрушение.;;;;;;;;;;;;;
class_mage_9;Великий маг;;;;;;;;;;;;;
class_mage_9_desc;Этот персонаж - маг. Маг - наиболее распространенный тип арканистов, которых можно обнаружить по всему Азероту. Познания в принципах использования тайной магии позволяют магу использовать её в собственных целях, будь-то созидание или же разрушение.;;;;;;;;;;;;;
class_mage_10;Легендарный маг;;;;;;;;;;;;;
class_mage_10_desc;Этот персонаж - маг. Маг - наиболее распространенный тип арканистов, которых можно обнаружить по всему Азероту. Познания в принципах использования тайной магии позволяют магу использовать её в собственных целях, будь-то созидание или же разрушение.;;;;;;;;;;;;;
class_hunter_1;Неумелый охотник;;;;;;;;;;;;;
class_hunter_1_desc;Этот персонаж - охотник. Охотник - искусный и меткий стрелок, профессионально занимающийся охотой.;;;;;;;;;;;;;
class_hunter_2;Начинающий охотник;;;;;;;;;;;;;
class_hunter_2_desc;Этот персонаж - охотник. Охотник - искусный и меткий стрелок, профессионально занимающийся охотой.;;;;;;;;;;;;;
class_hunter_3;Охотник-ученик;;;;;;;;;;;;;
class_hunter_3_desc;Этот персонаж - охотник. Охотник - искусный и меткий стрелок, профессионально занимающийся охотой.;;;;;;;;;;;;;
class_hunter_4;Умелый охотник;;;;;;;;;;;;;
class_hunter_4_desc;Этот персонаж - охотник. Охотник - искусный и меткий стрелок, профессионально занимающийся охотой.;;;;;;;;;;;;;
class_hunter_5;Опытный охотник;;;;;;;;;;;;;
class_hunter_5_desc;Этот персонаж - охотник. Охотник - искусный и меткий стрелок, профессионально занимающийся охотой.;;;;;;;;;;;;;
class_hunter_6;Искусный охотник;;;;;;;;;;;;;
class_hunter_6_desc;Этот персонаж - охотник. Охотник - искусный и меткий стрелок, профессионально занимающийся охотой.;;;;;;;;;;;;;
class_hunter_7;Превосходный охотник;;;;;;;;;;;;;
class_hunter_7_desc;Этот персонаж - охотник. Охотник - искусный и меткий стрелок, профессионально занимающийся охотой.;;;;;;;;;;;;;
class_hunter_8;Выдающийся охотник;;;;;;;;;;;;;
class_hunter_8_desc;Этот персонаж - охотник. Охотник - искусный и меткий стрелок, профессионально занимающийся охотой.;;;;;;;;;;;;;
class_hunter_9;Великий охотник;;;;;;;;;;;;;
class_hunter_9_desc;Этот персонаж - охотник. Охотник - искусный и меткий стрелок, профессионально занимающийся охотой.;;;;;;;;;;;;;
class_hunter_10;Легендарный охотник;;;;;;;;;;;;;
class_hunter_10_desc;Этот персонаж - охотник. Охотник - искусный и меткий стрелок, профессионально занимающийся охотой.;;;;;;;;;;;;;
class_warrior_1;Неумелый воин;;;;;;;;;;;;;
class_warrior_1_desc;Этот персонаж - воин. Воин - закованный в латы боец ближнего боя, специализирующийся на владении оружием.;;;;;;;;;;;;;
class_warrior_2;Начинающий воин;;;;;;;;;;;;;
class_warrior_2_desc;Этот персонаж - воин. Воин - закованный в латы боец ближнего боя, специализирующийся на владении оружием.;;;;;;;;;;;;;
class_warrior_3;Воин-ученик;;;;;;;;;;;;;
class_warrior_3_desc;Этот персонаж - воин. Воин - закованный в латы боец ближнего боя, специализирующийся на владении оружием.;;;;;;;;;;;;;
class_warrior_4;Умелый воин;;;;;;;;;;;;;
class_warrior_4_desc;Этот персонаж - воин. Воин - закованный в латы боец ближнего боя, специализирующийся на владении оружием.;;;;;;;;;;;;;
class_warrior_5;Опытный воин;;;;;;;;;;;;;
class_warrior_5_desc;Этот персонаж - воин. Воин - закованный в латы боец ближнего боя, специализирующийся на владении оружием.;;;;;;;;;;;;;
class_warrior_6;Искусный воин;;;;;;;;;;;;;
class_warrior_6_desc;Этот персонаж - воин. Воин - закованный в латы боец ближнего боя, специализирующийся на владении оружием.;;;;;;;;;;;;;
class_warrior_7;Превосходный воин;;;;;;;;;;;;;
class_warrior_7_desc;Этот персонаж - воин. Воин - закованный в латы боец ближнего боя, специализирующийся на владении оружием.;;;;;;;;;;;;;
class_warrior_8;Выдающийся воин;;;;;;;;;;;;;
class_warrior_8_desc;Этот персонаж - воин. Воин - закованный в латы боец ближнего боя, специализирующийся на владении оружием.;;;;;;;;;;;;;
class_warrior_9;Великий воин;;;;;;;;;;;;;
class_warrior_9_desc;Этот персонаж - воин. Воин - закованный в латы боец ближнего боя, специализирующийся на владении оружием.;;;;;;;;;;;;;
class_warrior_10;Легендарный воин;;;;;;;;;;;;;
class_warrior_10_desc;Этот персонаж - воин. Воин - закованный в латы боец ближнего боя, специализирующийся на владении оружием.;;;;;;;;;;;;;
class_paladin_1;Неумелый паладин;;;;;;;;;;;;;
class_paladin_1_desc;Паладин - воин, благословленный Светом. Призвание паладина — защищать слабых, карать злодеев и изгонять зло из самых темных уголков мира.;;;;;;;;;;;;;
class_paladin_2;Начинающий паладин;;;;;;;;;;;;;
class_paladin_2_desc;Паладин - воин, благословленный Светом. Призвание паладина — защищать слабых, карать злодеев и изгонять зло из самых темных уголков мира.;;;;;;;;;;;;;
class_paladin_3;Паладин-ученик;;;;;;;;;;;;;
class_paladin_3_desc;Паладин - воин, благословленный Светом. Призвание паладина — защищать слабых, карать злодеев и изгонять зло из самых темных уголков мира.;;;;;;;;;;;;;
class_paladin_4;Умелый паладин;;;;;;;;;;;;;
class_paladin_4_desc;Паладин - воин, благословленный Светом. Призвание паладина — защищать слабых, карать злодеев и изгонять зло из самых темных уголков мира.;;;;;;;;;;;;;
class_paladin_5;Опытный паладин;;;;;;;;;;;;;
class_paladin_5_desc;Паладин - воин, благословленный Светом. Призвание паладина — защищать слабых, карать злодеев и изгонять зло из самых темных уголков мира.;;;;;;;;;;;;;
class_paladin_6;Искусный паладин;;;;;;;;;;;;;
class_paladin_6_desc;Паладин - воин, благословленный Светом. Призвание паладина — защищать слабых, карать злодеев и изгонять зло из самых темных уголков мира.;;;;;;;;;;;;;
class_paladin_7;Превосходный паладин;;;;;;;;;;;;;
class_paladin_7_desc;Паладин - воин, благословленный Светом. Призвание паладина — защищать слабых, карать злодеев и изгонять зло из самых темных уголков мира.;;;;;;;;;;;;;
class_paladin_8;Выдающийся паладин;;;;;;;;;;;;;
class_paladin_8_desc;Паладин - воин, благословленный Светом. Призвание паладина — защищать слабых, карать злодеев и изгонять зло из самых темных уголков мира.;;;;;;;;;;;;;
class_paladin_9;Великий паладин;;;;;;;;;;;;;
class_paladin_9_desc;Паладин - воин, благословленный Светом. Призвание паладина — защищать слабых, карать злодеев и изгонять зло из самых темных уголков мира.;;;;;;;;;;;;;
class_paladin_10;Легендарный паладин;;;;;;;;;;;;;
class_paladin_10_desc;Паладин - воин, благословленный Светом. Призвание паладина — защищать слабых, карать злодеев и изгонять зло из самых темных уголков мира.;;;;;;;;;;;;;
class_priest_1;Неумелый жрец;;;;;;;;;;;;;
class_priest_1_desc;Жрец посвящает себя духовной жизни и доказывает крепость веры, служа своему народу. Его мощная божественная магия позволяет ему исцелять даже самые серьезные раны своих товарищей.;;;;;;;;;;;;;
class_priest_2;Начинающий жрец;;;;;;;;;;;;;
class_priest_2_desc;Жрец посвящает себя духовной жизни и доказывает крепость веры, служа своему народу. Его мощная божественная магия позволяет ему исцелять даже самые серьезные раны своих товарищей.;;;;;;;;;;;;;
class_priest_3;Жрец-новичок;;;;;;;;;;;;;
class_priest_3_desc;Жрец посвящает себя духовной жизни и доказывает крепость веры, служа своему народу. Его мощная божественная магия позволяет ему исцелять даже самые серьезные раны своих товарищей.;;;;;;;;;;;;;
class_priest_4;Умелый жрец;;;;;;;;;;;;;
class_priest_4_desc;Жрец посвящает себя духовной жизни и доказывает крепость веры, служа своему народу. Его мощная божественная магия позволяет ему исцелять даже самые серьезные раны своих товарищей.;;;;;;;;;;;;;
class_priest_5;Опытный жрец;;;;;;;;;;;;;
class_priest_5_desc;Жрец посвящает себя духовной жизни и доказывает крепость веры, служа своему народу. Его мощная божественная магия позволяет ему исцелять даже самые серьезные раны своих товарищей.;;;;;;;;;;;;;
class_priest_6;Искусный жрец;;;;;;;;;;;;;
class_priest_6_desc;Жрец посвящает себя духовной жизни и доказывает крепость веры, служа своему народу. Его мощная божественная магия позволяет ему исцелять даже самые серьезные раны своих товарищей.;;;;;;;;;;;;;
class_priest_7;Превосходный жрец;;;;;;;;;;;;;
class_priest_7_desc;Жрец посвящает себя духовной жизни и доказывает крепость веры, служа своему народу. Его мощная божественная магия позволяет ему исцелять даже самые серьезные раны своих товарищей.;;;;;;;;;;;;;
class_priest_8;Выдающийся жрец;;;;;;;;;;;;;
class_priest_8_desc;Жрец посвящает себя духовной жизни и доказывает крепость веры, служа своему народу. Его мощная божественная магия позволяет ему исцелять даже самые серьезные раны своих товарищей.;;;;;;;;;;;;;
class_priest_9;Великий жрец;;;;;;;;;;;;;
class_priest_9_desc;Жрец посвящает себя духовной жизни и доказывает крепость веры, служа своему народу. Его мощная божественная магия позволяет ему исцелять даже самые серьезные раны своих товарищей.;;;;;;;;;;;;;
class_priest_10;Легендарный жрец;;;;;;;;;;;;;
class_priest_10_desc;Жрец посвящает себя духовной жизни и доказывает крепость веры, служа своему народу. Его мощная божественная магия позволяет ему исцелять даже самые серьезные раны своих товарищей.;;;;;;;;;;;;;
class_rogue_1;Неумелый разбойник;;;;;;;;;;;;;
class_rogue_1_desc;Разбойник - умелый убийца и мастер маскировки, наемники, свободные от предубеждений и совести, полагающиеся на жестокие и эффективные приемы.;;;;;;;;;;;;;
class_rogue_2;Начинающий разбойник;;;;;;;;;;;;;
class_rogue_2_desc;Разбойник - умелый убийца и мастер маскировки, наемники, свободные от предубеждений и совести, полагающиеся на жестокие и эффективные приемы.;;;;;;;;;;;;;
class_rogue_3;Разбойник-ученик;;;;;;;;;;;;;
class_rogue_3_desc;Разбойник - умелый убийца и мастер маскировки, наемники, свободные от предубеждений и совести, полагающиеся на жестокие и эффективные приемы.;;;;;;;;;;;;;
class_rogue_4;Умелый разбойник;;;;;;;;;;;;;
class_rogue_4_desc;Разбойник - умелый убийца и мастер маскировки, наемники, свободные от предубеждений и совести, полагающиеся на жестокие и эффективные приемы.;;;;;;;;;;;;;
class_rogue_5;Опытный разбойник;;;;;;;;;;;;;
class_rogue_5_desc;Разбойник - умелый убийца и мастер маскировки, наемники, свободные от предубеждений и совести, полагающиеся на жестокие и эффективные приемы.;;;;;;;;;;;;;
class_rogue_6;Искусный разбойник;;;;;;;;;;;;;
class_rogue_6_desc;Разбойник - умелый убийца и мастер маскировки, наемники, свободные от предубеждений и совести, полагающиеся на жестокие и эффективные приемы.;;;;;;;;;;;;;
class_rogue_7;Превосходный разбойник;;;;;;;;;;;;;
class_rogue_7_desc;Разбойник - умелый убийца и мастер маскировки, наемники, свободные от предубеждений и совести, полагающиеся на жестокие и эффективные приемы.;;;;;;;;;;;;;
class_rogue_8;Выдающийся разбойник;;;;;;;;;;;;;
class_rogue_8_desc;Разбойник - умелый убийца и мастер маскировки, наемники, свободные от предубеждений и совести, полагающиеся на жестокие и эффективные приемы.;;;;;;;;;;;;;
class_rogue_9;Великий разбойник;;;;;;;;;;;;;
class_rogue_9_desc;Разбойник - умелый убийца и мастер маскировки, наемники, свободные от предубеждений и совести, полагающиеся на жестокие и эффективные приемы.;;;;;;;;;;;;;
class_rogue_10;Легендарный разбойник;;;;;;;;;;;;;
class_rogue_10_desc;Разбойник - умелый убийца и мастер маскировки, наемники, свободные от предубеждений и совести, полагающиеся на жестокие и эффективные приемы.;;;;;;;;;;;;;
class_warlock_1;Неумелый чернокнижник;;;;;;;;;;;;;
class_warlock_1_desc;Чернокнижник - адепт темного искусства, использующий демоническую магию (скверну) для достижения своих темных целей. Этот колдун может призывать демонов, которые будут сражаться на его стороне.;;;;;;;;;;;;;
class_warlock_2;Начинающий чернокнижник;;;;;;;;;;;;;
class_warlock_2_desc;Чернокнижник - адепт темного искусства, использующий демоническую магию (скверну) для достижения своих темных целей. Этот колдун может призывать демонов, которые будут сражаться на его стороне.;;;;;;;;;;;;;
class_warlock_3;Чернокнижник-ученик;;;;;;;;;;;;;
class_warlock_3_desc;Чернокнижник - адепт темного искусства, использующий демоническую магию (скверну) для достижения своих темных целей. Этот колдун может призывать демонов, которые будут сражаться на его стороне.;;;;;;;;;;;;;
class_warlock_4;Умелый чернокнижник;;;;;;;;;;;;;
class_warlock_4_desc;Чернокнижник - адепт темного искусства, использующий демоническую магию (скверну) для достижения своих темных целей. Этот колдун может призывать демонов, которые будут сражаться на его стороне.;;;;;;;;;;;;;
class_warlock_5;Опытный чернокнижник;;;;;;;;;;;;;
class_warlock_5_desc;Чернокнижник - адепт темного искусства, использующий демоническую магию (скверну) для достижения своих темных целей. Этот колдун может призывать демонов, которые будут сражаться на его стороне.;;;;;;;;;;;;;
class_warlock_6;Искусный чернокнижник;;;;;;;;;;;;;
class_warlock_6_desc;Чернокнижник - адепт темного искусства, использующий демоническую магию (скверну) для достижения своих темных целей. Этот колдун может призывать демонов, которые будут сражаться на его стороне.;;;;;;;;;;;;;
class_warlock_7;Превосходный чернокнижник;;;;;;;;;;;;;
class_warlock_7_desc;Чернокнижник - адепт темного искусства, использующий демоническую магию (скверну) для достижения своих темных целей. Этот колдун может призывать демонов, которые будут сражаться на его стороне.;;;;;;;;;;;;;
class_warlock_8;Выдающийся чернокнижник;;;;;;;;;;;;;
class_warlock_8_desc;Чернокнижник - адепт темного искусства, использующий демоническую магию (скверну) для достижения своих темных целей. Этот колдун может призывать демонов, которые будут сражаться на его стороне.;;;;;;;;;;;;;
class_warlock_9;Великий чернокнижник;;;;;;;;;;;;;
class_warlock_9_desc;Чернокнижник - адепт темного искусства, использующий демоническую магию (скверну) для достижения своих темных целей. Этот колдун может призывать демонов, которые будут сражаться на его стороне.;;;;;;;;;;;;;
class_warlock_10;Легендарный чернокнижник;;;;;;;;;;;;;
class_warlock_10_desc;Чернокнижник - адепт темного искусства, использующий демоническую магию (скверну) для достижения своих темных целей. Этот колдун может призывать демонов, которые будут сражаться на его стороне.;;;;;;;;;;;;;
class_shaman_1;Неумелый шаман;;;;;;;;;;;;;
class_shaman_1_desc;Шаман - наставник в духовных практиках, идущих не от богов, а от самих природных стихий. Опытный повелитель стихий управляет целым спектром первобытных сил, получая от них самые разнообразные способности.;;;;;;;;;;;;;
class_shaman_2;Начинающий шаман;;;;;;;;;;;;;
class_shaman_2_desc;Шаман - наставник в духовных практиках, идущих не от богов, а от самих природных стихий. Опытный повелитель стихий управляет целым спектром первобытных сил, получая от них самые разнообразные способности.;;;;;;;;;;;;;
class_shaman_3;Шаман-ученик;;;;;;;;;;;;;
class_shaman_3_desc;Шаман - наставник в духовных практиках, идущих не от богов, а от самих природных стихий. Опытный повелитель стихий управляет целым спектром первобытных сил, получая от них самые разнообразные способности.;;;;;;;;;;;;;
class_shaman_4;Умелый шаман;;;;;;;;;;;;;
class_shaman_4_desc;Шаман - наставник в духовных практиках, идущих не от богов, а от самих природных стихий. Опытный повелитель стихий управляет целым спектром первобытных сил, получая от них самые разнообразные способности.;;;;;;;;;;;;;
class_shaman_5;Опытный шаман;;;;;;;;;;;;;
class_shaman_5_desc;Шаман - наставник в духовных практиках, идущих не от богов, а от самих природных стихий. Опытный повелитель стихий управляет целым спектром первобытных сил, получая от них самые разнообразные способности.;;;;;;;;;;;;;
class_shaman_6;Искусный шаман;;;;;;;;;;;;;
class_shaman_6_desc;Шаман - наставник в духовных практиках, идущих не от богов, а от самих природных стихий. Опытный повелитель стихий управляет целым спектром первобытных сил, получая от них самые разнообразные способности.;;;;;;;;;;;;;
class_shaman_7;Превосходный шаман;;;;;;;;;;;;;
class_shaman_7_desc;Шаман - наставник в духовных практиках, идущих не от богов, а от самих природных стихий. Опытный повелитель стихий управляет целым спектром первобытных сил, получая от них самые разнообразные способности.;;;;;;;;;;;;;
class_shaman_8;Выдающийся шаман;;;;;;;;;;;;;
class_shaman_8_desc;Шаман - наставник в духовных практиках, идущих не от богов, а от самих природных стихий. Опытный повелитель стихий управляет целым спектром первобытных сил, получая от них самые разнообразные способности.;;;;;;;;;;;;;
class_shaman_9;Великий шаман;;;;;;;;;;;;;
class_shaman_9_desc;Шаман - наставник в духовных практиках, идущих не от богов, а от самих природных стихий. Опытный повелитель стихий управляет целым спектром первобытных сил, получая от них самые разнообразные способности.;;;;;;;;;;;;;
class_shaman_10;Легендарный шаман;;;;;;;;;;;;;
class_shaman_10_desc;Шаман - наставник в духовных практиках, идущих не от богов, а от самих природных стихий. Опытный повелитель стихий управляет целым спектром первобытных сил, получая от них самые разнообразные способности.;;;;;;;;;;;;;
class_druid_1;Неумелый друид;;;;;;;;;;;;;
class_druid_1_desc;Друид подчиняет себе силы природы, чтобы сберечь естественное равновесие и защитить окружающий мир. Опытный друид способен обрушить на врага чистую энергию природы.;;;;;;;;;;;;;
class_druid_2;Начинающий друид;;;;;;;;;;;;;
class_druid_2_desc;Друид подчиняет себе силы природы, чтобы сберечь естественное равновесие и защитить окружающий мир. Опытный друид способен обрушить на врага чистую энергию природы.;;;;;;;;;;;;;
class_druid_3;Друид-ученик;;;;;;;;;;;;;
class_druid_3_desc;Друид подчиняет себе силы природы, чтобы сберечь естественное равновесие и защитить окружающий мир. Опытный друид способен обрушить на врага чистую энергию природы.;;;;;;;;;;;;;
class_druid_4;Умелый друид;;;;;;;;;;;;;
class_druid_4_desc;Друид подчиняет себе силы природы, чтобы сберечь естественное равновесие и защитить окружающий мир. Опытный друид способен обрушить на врага чистую энергию природы.;;;;;;;;;;;;;
class_druid_5;Опытный друид;;;;;;;;;;;;;
class_druid_5_desc;Друид подчиняет себе силы природы, чтобы сберечь естественное равновесие и защитить окружающий мир. Опытный друид способен обрушить на врага чистую энергию природы.;;;;;;;;;;;;;
class_druid_6;Искусный друид;;;;;;;;;;;;;
class_druid_6_desc;Друид подчиняет себе силы природы, чтобы сберечь естественное равновесие и защитить окружающий мир. Опытный друид способен обрушить на врага чистую энергию природы.;;;;;;;;;;;;;
class_druid_7;Превосходный друид;;;;;;;;;;;;;
class_druid_7_desc;Друид подчиняет себе силы природы, чтобы сберечь естественное равновесие и защитить окружающий мир. Опытный друид способен обрушить на врага чистую энергию природы.;;;;;;;;;;;;;
class_druid_8;Выдающийся друид;;;;;;;;;;;;;
class_druid_8_desc;Друид подчиняет себе силы природы, чтобы сберечь естественное равновесие и защитить окружающий мир. Опытный друид способен обрушить на врага чистую энергию природы.;;;;;;;;;;;;;
class_druid_9;Великий друид;;;;;;;;;;;;;
class_druid_9_desc;Друид подчиняет себе силы природы, чтобы сберечь естественное равновесие и защитить окружающий мир. Опытный друид способен обрушить на врага чистую энергию природы.;;;;;;;;;;;;;
class_druid_10;Легендарный друид;;;;;;;;;;;;;
class_druid_10_desc;Друид подчиняет себе силы природы, чтобы сберечь естественное равновесие и защитить окружающий мир. Опытный друид способен обрушить на врага чистую энергию природы.;;;;;;;;;;;;;
class_loa_priest_1;Неумелый жрец Лоа;;;;;;;;;;;;;
class_loa_priest_1_desc;Этот персонаж — жрец Лоа. Жрец Лоа — верный поклонник Лоа, который получает от Лоа различные благословения и способности, такие как быстрая регенерация, невероятная сила и ловкость и умение принимать формы других животных.;;;;;;;;;;;;;
class_loa_priest_2;Начинающий жрец Лоа;;;;;;;;;;;;;
class_loa_priest_2_desc;Этот персонаж — жрец Лоа. Жрец Лоа — верный поклонник Лоа, который получает от Лоа различные благословения и способности, такие как быстрая регенерация, невероятная сила и ловкость и умение принимать формы других животных.;;;;;;;;;;;;;
class_loa_priest_3;Жрец Лоа-ученик;;;;;;;;;;;;;
class_loa_priest_3_desc;Этот персонаж — жрец Лоа. Жрец Лоа — верный поклонник Лоа, который получает от Лоа различные благословения и способности, такие как быстрая регенерация, невероятная сила и ловкость и умение принимать формы других животных.;;;;;;;;;;;;;
class_loa_priest_4;Умелый жрец Лоа;;;;;;;;;;;;;
class_loa_priest_4_desc;Этот персонаж — жрец Лоа. Жрец Лоа — верный поклонник Лоа, который получает от Лоа различные благословения и способности, такие как быстрая регенерация, невероятная сила и ловкость и умение принимать формы других животных.;;;;;;;;;;;;;
class_loa_priest_5;Опытный жрец Лоа;;;;;;;;;;;;;
class_loa_priest_5_desc;Этот персонаж — жрец Лоа. Жрец Лоа — верный поклонник Лоа, который получает от Лоа различные благословения и способности, такие как быстрая регенерация, невероятная сила и ловкость и умение принимать формы других животных.;;;;;;;;;;;;;
class_loa_priest_6;Искусный жрец Лоа;;;;;;;;;;;;;
class_loa_priest_6_desc;Этот персонаж — жрец Лоа. Жрец Лоа — верный поклонник Лоа, который получает от Лоа различные благословения и способности, такие как быстрая регенерация, невероятная сила и ловкость и умение принимать формы других животных.;;;;;;;;;;;;;
class_loa_priest_7;Превосходный жрец Лоа;;;;;;;;;;;;;
class_loa_priest_7_desc;Этот персонаж — жрец Лоа. Жрец Лоа — верный поклонник Лоа, который получает от Лоа различные благословения и способности, такие как быстрая регенерация, невероятная сила и ловкость и умение принимать формы других животных.;;;;;;;;;;;;;
class_loa_priest_8;Выдающийся жрец Лоа;;;;;;;;;;;;;
class_loa_priest_8_desc;Этот персонаж — жрец Лоа. Жрец Лоа — верный поклонник Лоа, который получает от Лоа различные благословения и способности, такие как быстрая регенерация, невероятная сила и ловкость и умение принимать формы других животных.;;;;;;;;;;;;;
class_loa_priest_9;Великий жрец Лоа;;;;;;;;;;;;;
class_loa_priest_9_desc;Этот персонаж — жрец Лоа. Жрец Лоа — верный поклонник Лоа, который получает от Лоа различные благословения и способности, такие как быстрая регенерация, невероятная сила и ловкость и умение принимать формы других животных.;;;;;;;;;;;;;
class_loa_priest_10;Легендарный жрец Лоа;;;;;;;;;;;;;
class_loa_priest_10_desc;Этот персонаж — жрец Лоа. Жрец Лоа — верный поклонник Лоа, который получает от Лоа различные благословения и способности, такие как быстрая регенерация, невероятная сила и ловкость и умение принимать формы других животных.;;;;;;;;;;;;;
class_death_knight_1;Неумелый Рыцарь смерти;;;;;;;;;;;;;
class_death_knight_1_desc;Этот персонаж — рыцарь смерти. Рыцарь смерти комбинирует в бою свое противоестественное мастерство оружия ближнего и темную магию. Способности некромантии позволяют рыцарю смерти поднимать и управлять нежитью, что делают его очень опасным противником.;;;;;;;;;;;;;
class_death_knight_2;Начинающий Рыцарь смерти;;;;;;;;;;;;;
class_death_knight_2_desc;Этот персонаж — рыцарь смерти. Рыцарь смерти комбинирует в бою свое противоестественное мастерство оружия ближнего и темную магию. Способности некромантии позволяют рыцарю смерти поднимать и управлять нежитью, что делают его очень опасным противником.;;;;;;;;;;;;;
class_death_knight_3;Рыцарь смерти-ученик;;;;;;;;;;;;;
class_death_knight_3_desc;Этот персонаж — рыцарь смерти. Рыцарь смерти комбинирует в бою свое противоестественное мастерство оружия ближнего и темную магию. Способности некромантии позволяют рыцарю смерти поднимать и управлять нежитью, что делают его очень опасным противником.;;;;;;;;;;;;;
class_death_knight_4;Умелый Рыцарь смерти;;;;;;;;;;;;;
class_death_knight_4_desc;Этот персонаж — рыцарь смерти. Рыцарь смерти комбинирует в бою свое противоестественное мастерство оружия ближнего и темную магию. Способности некромантии позволяют рыцарю смерти поднимать и управлять нежитью, что делают его очень опасным противником.;;;;;;;;;;;;;
class_death_knight_5;Опытный Рыцарь смерти;;;;;;;;;;;;;
class_death_knight_5_desc;Этот персонаж — рыцарь смерти. Рыцарь смерти комбинирует в бою свое противоестественное мастерство оружия ближнего и темную магию. Способности некромантии позволяют рыцарю смерти поднимать и управлять нежитью, что делают его очень опасным противником.;;;;;;;;;;;;;
class_death_knight_6;Искусный Рыцарь смерти;;;;;;;;;;;;;
class_death_knight_6_desc;Этот персонаж — рыцарь смерти. Рыцарь смерти комбинирует в бою свое противоестественное мастерство оружия ближнего и темную магию. Способности некромантии позволяют рыцарю смерти поднимать и управлять нежитью, что делают его очень опасным противником.;;;;;;;;;;;;;
class_death_knight_7;Превосходный Рыцарь смерти;;;;;;;;;;;;;
class_death_knight_7_desc;Этот персонаж — рыцарь смерти. Рыцарь смерти комбинирует в бою свое противоестественное мастерство оружия ближнего и темную магию. Способности некромантии позволяют рыцарю смерти поднимать и управлять нежитью, что делают его очень опасным противником.;;;;;;;;;;;;;
class_death_knight_8;Выдающийся Рыцарь смерти;;;;;;;;;;;;;
class_death_knight_8_desc;Этот персонаж — рыцарь смерти. Рыцарь смерти комбинирует в бою свое противоестественное мастерство оружия ближнего и темную магию. Способности некромантии позволяют рыцарю смерти поднимать и управлять нежитью, что делают его очень опасным противником.;;;;;;;;;;;;;
class_death_knight_9;Великий Рыцарь смерти;;;;;;;;;;;;;
class_death_knight_9_desc;Этот персонаж — рыцарь смерти. Рыцарь смерти комбинирует в бою свое противоестественное мастерство оружия ближнего и темную магию. Способности некромантии позволяют рыцарю смерти поднимать и управлять нежитью, что делают его очень опасным противником.;;;;;;;;;;;;;
class_death_knight_10;Легендарный Рыцарь смерти;;;;;;;;;;;;;
class_death_knight_10_desc;Этот персонаж — рыцарь смерти. Рыцарь смерти комбинирует в бою свое противоестественное мастерство оружия ближнего и темную магию. Способности некромантии позволяют рыцарю смерти поднимать и управлять нежитью, что делают его очень опасным противником.;;;;;;;;;;;;;
class_necromancer_1;Неумелый некромант;;;;;;;;;;;;;
class_necromancer_1_desc;Этот персонаж — некромант. Некромант использует свое темное искусство, чтобы создавать существ, находящихся между жизнью и смертью. Эта (чаще безмозглая, чем нет) нежить позволяет некроманту добиваться любых поставленных целей.;;;;;;;;;;;;;
class_necromancer_2;Начинающий некромант;;;;;;;;;;;;;
class_necromancer_2_desc;Этот персонаж — некромант. Некромант использует свое темное искусство, чтобы создавать существ, находящихся между жизнью и смертью. Эта (чаще безмозглая, чем нет) нежить позволяет некроманту добиваться любых поставленных целей.;;;;;;;;;;;;;
class_necromancer_3;Некромант-ученик;;;;;;;;;;;;;
class_necromancer_3_desc;Этот персонаж — некромант. Некромант использует свое темное искусство, чтобы создавать существ, находящихся между жизнью и смертью. Эта (чаще безмозглая, чем нет) нежить позволяет некроманту добиваться любых поставленных целей.;;;;;;;;;;;;;
class_necromancer_4;Умелый некромант;;;;;;;;;;;;;
class_necromancer_4_desc;Этот персонаж — некромант. Некромант использует свое темное искусство, чтобы создавать существ, находящихся между жизнью и смертью. Эта (чаще безмозглая, чем нет) нежить позволяет некроманту добиваться любых поставленных целей.;;;;;;;;;;;;;
class_necromancer_5;Опытный некромант;;;;;;;;;;;;;
class_necromancer_5_desc;Этот персонаж — некромант. Некромант использует свое темное искусство, чтобы создавать существ, находящихся между жизнью и смертью. Эта (чаще безмозглая, чем нет) нежить позволяет некроманту добиваться любых поставленных целей.;;;;;;;;;;;;;
class_necromancer_6;Искусный некромант;;;;;;;;;;;;;
class_necromancer_6_desc;Этот персонаж — некромант. Некромант использует свое темное искусство, чтобы создавать существ, находящихся между жизнью и смертью. Эта (чаще безмозглая, чем нет) нежить позволяет некроманту добиваться любых поставленных целей.;;;;;;;;;;;;;
class_necromancer_7;Превосходный некромант;;;;;;;;;;;;;
class_necromancer_7_desc;Этот персонаж — некромант. Некромант использует свое темное искусство, чтобы создавать существ, находящихся между жизнью и смертью. Эта (чаще безмозглая, чем нет) нежить позволяет некроманту добиваться любых поставленных целей.;;;;;;;;;;;;;
class_necromancer_8;Выдающийся некромант;;;;;;;;;;;;;
class_necromancer_8_desc;Этот персонаж — некромант. Некромант использует свое темное искусство, чтобы создавать существ, находящихся между жизнью и смертью. Эта (чаще безмозглая, чем нет) нежить позволяет некроманту добиваться любых поставленных целей.;;;;;;;;;;;;;
class_necromancer_9;Великий некромант;;;;;;;;;;;;;
class_necromancer_9_desc;Этот персонаж — некромант. Некромант использует свое темное искусство, чтобы создавать существ, находящихся между жизнью и смертью. Эта (чаще безмозглая, чем нет) нежить позволяет некроманту добиваться любых поставленных целей.;;;;;;;;;;;;;
class_necromancer_10;Легендарный некромант;;;;;;;;;;;;;
class_necromancer_10_desc;Этот персонаж — некромант. Некромант использует свое темное искусство, чтобы создавать существ, находящихся между жизнью и смертью. Эта (чаще безмозглая, чем нет) нежить позволяет некроманту добиваться любых поставленных целей.;;;;;;;;;;;;;
bunny;Зайка;;;;;;;;;;;;;
bunny_desc;Ооо, просто зайка;;;;;;;;;;;;;
creature_hozen;Хозен;;;;;;;;;;;;;
creature_hozen_desc;Этот персонаж — хозен.;;;;;;;;;;;;;
creature_pygmy;Пигмей;;;;;;;;;;;;;
creature_pygmy_desc;Этот персонаж — пигмей.;;;;;;;;;;;;;
creature_goblin;Гоблин;;;;;;;;;;;;;
creature_goblin_desc;Этот персонаж — гоблин.;;;;;;;;;;;;;
aspect_of_death;Аспект Смерти;;;;;;;;;;;;;
aspect_of_death_desc;Аспект Смерти раньше был известен как Аспект Земли, который был выбран Каз'горотом и наделен силой властовать над землей и глубинами мира, но тьма поглотила душу аспекта.;;;;;;;;;;;;;
aspect_of_life;Аспект Жизни;;;;;;;;;;;;;
aspect_of_life_desc;Аспект Жизни выбран Эонарой для защиты всех живых существ в мире.;;;;;;;;;;;;;
undead;Нежить;;;;;;;;;;;;;
undead_desc;Нежить в буквальном смысле - это существо, восставшее после смерти. Тот, кто не прекращает существовать даже после гибели. Понятие нежити включает в себя большое количество различных видов существ, однако большей их частью являются те, кто восстал из мертвых по своей (или чужой) воле. Такие немертвые обладают радумом и всеми прижизненными воспоминаниями. Такие персонажи могут действовать независимо от другой нежити.;;;;;;;;;;;;;
creature_ghoul;Вурдалак;;;;;;;;;;;;;
creature_ghoul_desc;Те, кому было даровано благословение нежизни, известны как упыри. Различающиеся по размерам и внешнему виду, эти существа выступают в качестве ударной силы любого войска нежити. Полагаясь на свою скорость, в бою они - настоящий кошмар любого щитоносца.;;;;;;;;;;;;;
creature_wraith;Дух;;;;;;;;;;;;;
creature_wraith_desc;Этот персонаж — бестелесный дух.;;;;;;;;;;;;;
brilliant_ruler;Выдающийся лидер;;;;;;;;;;;;;
brilliant_ruler_desc;С рождения этому персонажу было суждено править. Его выдающиеся таланты помогут ему стать отличным правителем.;;;;;;;;;;;;;
distinguished_aristocrat;Уважаемый аристократ;;;;;;;;;;;;;
distinguished_aristocrat_desc;Этот богатый землевладелец отличился при многих дворах, заработав тем самым себе имя крайне остроумной и эрудированной персоны.;;;;;;;;;;;;;
capable_nobleman;Способный дворянин;;;;;;;;;;;;;
capable_nobleman_desc;Вне зависимости от полученного образования, этот персонаж обладает посредственными навыками и умениями, когда дело касается исполнения обязанностей при дворе.;;;;;;;;;;;;;
petty_despot;Мелкий тиран;;;;;;;;;;;;;
petty_despot_desc;О неумении разбираться в управленческих делах, присущем этому персонажу, наслышаны многие. И не важно, виновато ли в этом плохое образование.;;;;;;;;;;;;;
mastermind_mechanic;Великолепный механик;;;;;;;;;;;;;
mastermind_mechanic_desc;;;;;;;;;;;;;;
skilled_mechanic;Умелый механик;;;;;;;;;;;;;
skilled_mechanic_desc;Этот персонаж отточил практически все навыки, необходимые для работы с механизмами.;;;;;;;;;;;;;
flamboyant_engineer;Выдающийся инженер;;;;;;;;;;;;;
flamboyant_engineer_desc;Потратив немного больше времени на создание новых изобретений и, этот персонаж смог отточить свой инженерный гений.;;;;;;;;;;;;;
amateurish_technician;Механик-любитель;;;;;;;;;;;;;
amateurish_technician_desc;Этот персонаж сравнительно недавно познакомился с инженерией. Изобретая или работая над уже существующими механизмами, такие, как он, обычно стараются полагаться на себя.;;;;;;;;;;;;;
lich_king;Король-лич;;;;;;;;;;;;;
lich_king_desc;Душа некроманта, пленённая в могущественных доспехах и известная ныне как Король-лич, намеревается захватить весь мир. Когда-то этого колдуна, верного слугу Пылающего Легиона и лично Кил'джедена, называли Нер'зулом. Искуситель отправил его душу в Азерот, в холодные земли Ледяной Короны. Он наградил его миссией по созданию огромной армии нежити, целью которой стало бы ослабление Азерота перед грядущим вторжением Легиона. Однако план Кил'джедена провалился: самовольный Нер'зул сформировал Плеть - огромное войско нежити, не подконтрольное демонам.;;;;;;;;;;;;;
sorcerer;Чародей;;;;;;;;;;;;;
sorcerer_desc;Этот персонаж — чародей. У него есть врожденный талант к магии.;;;;;;;;;;;;;
creature_fel_orc;Орк Скверны;;;;;;;;;;;;;
creature_fel_orc_desc;Этот персонаж — орк Скверны.;;;;;;;;;;;;;
demon;Демон;;;;;;;;;;;;;
demon_desc;Этот персонаж - демон. Демоны - это бессмертные существа, связанные с Круговертью Пустоты. Большинство из них питаются магией и жизнью, наслаждаются страданиями, распространяют скверну и уничтожают все на своем пути.;;;;;;;;;;;;;
creature_arakkoa;Араккоа;;;;;;;;;;;;;
creature_arakkoa_desc;Араккоа - разумная раса двуногих изящных существ, похожих на птиц. Эти гордые и умные существа - потомки некогда великой цивилизации Апекситов, чья империя находилась на территории, ныне известной как Скеттис. После падения Апекситов и возвышения Орды, араккоа оказались на грани вымирания. В наши дни многие из них превратились в сгорбленных и сломленных существ, которых часто можно встретить в землях Запределья.;;;;;;;;;;;;;
creature_arakkoa_corrupted;Проклятый араккоа;;;;;;;;;;;;;
creature_arakkoa_corrupted_desc;Проклятые араккоа известны как изгои. В сравнении с их величественными собратьями, эти араккоа - горбатые и отвратительные существа. Причиной их проклятия стали эксперименты (и неумение управляться) с темной магией, которую эти араккоа по-прежнему используют, несмотря на прошлые неудачи. Активное использование темной магии отразилось на культуре этого народа - тень стала неотъемлемой ее частью, прививая изгоям более скрытный образ жизни. Эти араккоа зачастую прибегают к использованию иллюзий и заклинаний сокрытия.;;;;;;;;;;;;;
creature_nathrezim;Натрезим;;;;;;;;;;;;;
creature_nathrezim_desc;Раса натрезимов более известна как Повелители Ужаса. Эти умные и хитрые дети Круговерти Пустоты выступают в качестве шпионов и агентов Пылающего Легиона. Внешний вид натрезима перекликается с названием их расы - это страшные существа, похожие на вампиров пожиратели жизни. Они используют хитрость и обман практически в каждом политическом конфликте смертных рас, в котором им доводится принимать участие. Для достижения своих целей они активно прибегают к использованию иллюзий и порабощению разума смертных.;;;;;;;;;;;;;
creature_eredruin;Эред'руин;;;;;;;;;;;;;
creature_eredruin_desc;Эред'руины - массивные существа, являются одними из сильнейший боевых едениц Легиона. Мощь этих демонов, более известных как Стражей Ужаса, была настолько впечатляющей, что Архимонд, один из эредарских лидеров, сделал эту расу своей личной гвардией. ;;;;;;;;;;;;;
in_twisting_nether;В Круговерти Пустоты;;;;;;;;;;;;;
in_twisting_nether_desc;Демоны, убитые в мирах смертных рас, отправляются в Круговерть Пустоты - измерение бессмертных существ. Там они пребывают в заточении до тех пор, пока вновь не будут призваны в миры смертных. В Круговерти не существует никакой иерархии среди демонов. Только от умений, заслуг и могущества каждого из демонов зависит, как скоро он вновь ступит на землю смертных.;;;;;;;;;;;;;
champion_of_the_lich_king;Чемпион Короля-лича;;;;;;;;;;;;;
champion_of_the_lich_king_desc;Избранный и нареченный многими именами. Властелин Ледяной Короны, Страж Проклятых, Принц Тьмы. Он сделал этого персонажа своим избранным, чтобы нести свою волю по всему Азероту. Многие падут, лишь услышав его имя, склонятся перед ним, чтобы служить ему в смерти.;;;;;;;;;;;;;
creature_lich;Лич;;;;;;;;;;;;;
creature_lich_desc;Те, кто достигают высот в некромантии, приносят себя в жертву ради огромной силы. Они известны как личи - магические существа, выглядящие как парящие в воздухе скелеты. Они повелевают низшей нежитью и командуют целыми армиями. Личи могут как служить Королю-личу, так и действовать независимо.;;;;;;;;;;;;;
creature_abomination;Поганище;;;;;;;;;;;;;
creature_abomination_desc;Сделанное из плоти, костей и органов поверженных нежитью врагов, поганище представляет собой неуклюжее и массивное существо, которое не остановится ни перед чем, желая убивать и калечить своих жертв. Если повезет, поверженные востанут в виде вурдалаков. А кому-то придется стать очередной закуской для поганища. Несмотря на то, что эти существа обделены интеллектом, а выглядят и воняют они так, будто перед вами стоит ожившая куча гниющих, отвратительных трупов, их мощь нельзя недооценивать.;;;;;;;;;;;;;
creature_plague_eruptor;Извергатель чумы;;;;;;;;;;;;;
creature_plague_eruptor_desc;Извергатель чумы - это уродливая груда разбухшей плоти, усеянной десятками гнойников. Эти жестокие и быстрые воины, переполненные чумой - последний и самый опасный из экспериментов Короля-лича.;;;;;;;;;;;;;
creature_wight;Тварь;;;;;;;;;;;;;
creature_wight;Похожие на зомби по своей природе, твари - невероятно странные создания. Похоже, что эти существа обладают впечатляющим интеллектом, несмотря на их приплюснутые головы с огромными болтами, вкрученными прямо в виски. Некоторые твари даже способны сохранить рассудок после становления нежитью.;;;;;;;;;;;;;
creature_banshee;Банши;;;;;;;;;;;;;
creature_banshee_desc;Банши - могущественные духи падших в бою высших эльфиек. Их пробирающие до костей крики и умение вселяться в тела их врагов делает банши крайне опасными противниками, даже несмотря на то, что в своей бесплотной форме их возможность контактировать с материальным миром крайне ограничена.;;;;;;;;;;;;;
creature_bone_golem;Костяной голем;;;;;;;;;;;;;
creature_bone_golem_desc;Костяные големы — модифицированная версия скелетов и вурдалаков: руки их заменены смертоносными косами, поднятые твари наполнены гноем Нежити. Эти големы - творение Плети, что неудивительно, глядя на их ужасающий дизайн.;;;;;;;;;;;;;
creature_skeleton;Скелет;;;;;;;;;;;;;
creature_skeleton_desc;Скелета можно оживить при помощи магии. В то же время, как ни странно, эти рядовые и хрупкие на вид представители нежити могут обладать сверхчеловеческой силой и огромной устойчивостью к большинству физических атак. Более того, некоторые из них даже могут сохранить интеллект и способность использовать магию;;;;;;;;;;;;;
twoheaded;Двухголовый;;;;;;;;;;;;;
twoheaded_desc;У этого персонажа две головы.;;;;;;;;;;;;;
harvest_warlock;;;;;;;;;;;;;;
harvest_warlock_desc;;;;;;;;;;;;;;
harvest_witch;;;;;;;;;;;;;;
harvest_witch_desc;;;;;;;;;;;;;;
creature_ice_giant;Ледяной гигант;;;;;;;;;;;;;
creature_ice_giant_desc;Этот персонаж — ледяной гигант.;;;;;;;;;;;;;
creature_sayaadi;Сайаад;;;;;;;;;;;;;
creature_sayaadi_desc;Этот персонаж сайаад. Сайаады упиваются мучениями и служат Пылающему Легиону, проводя кошмарные допросы над смертными. Будучи созданиями c невероятными ментальными способностями, они манят слабых разумом к себе на службу. Сайаады много знают о любви, похоти и чувственных совокуплениях.;;;;;;;;;;;;;
crypt_lord;Повелитель могил;;;;;;;;;;;;;
crypt_lord_desc;;;;;;;;;;;;;;
spider_queen;Королева пауков;;;;;;;;;;;;;
spider_queen_desc;;;;;;;;;;;;;;
class_shadow_priest_1;Неумелый жрец Тьмы;;;;;;;;;;;;;
class_shadow_priest_1_desc;Этот персонаж — жрец Тьмы. Жрец Тьмы — адепт магии Тьмы, использующий силы Бездны, чтобы нести боль и безумие. Жрецы Тьмы способны искажать разум и тело и приносить агонию свои врагам.;;;;;;;;;;;;;
class_shadow_priest_2;Начинающий жрец Тьмы;;;;;;;;;;;;;
class_shadow_priest_2_desc;Этот персонаж — жрец Тьмы. Жрец Тьмы — адепт магии Тьмы, использующий силы Бездны, чтобы нести боль и безумие. Жрецы Тьмы способны искажать разум и тело и приносить агонию свои врагам.;;;;;;;;;;;;;
class_shadow_priest_3;Жрец Тьмы-ученик;;;;;;;;;;;;;
class_shadow_priest_3_desc;Этот персонаж — жрец Тьмы. Жрец Тьмы — адепт магии Тьмы, использующий силы Бездны, чтобы нести боль и безумие. Жрецы Тьмы способны искажать разум и тело и приносить агонию свои врагам.;;;;;;;;;;;;;
class_shadow_priest_4;Умелый жрец Тьмы;;;;;;;;;;;;;
class_shadow_priest_4_desc;Этот персонаж — жрец Тьмы. Жрец Тьмы — адепт магии Тьмы, использующий силы Бездны, чтобы нести боль и безумие. Жрецы Тьмы способны искажать разум и тело и приносить агонию свои врагам.;;;;;;;;;;;;;
class_shadow_priest_5;Опытный жрец Тьмы;;;;;;;;;;;;;
class_shadow_priest_5_desc;Этот персонаж — жрец Тьмы. Жрец Тьмы — адепт магии Тьмы, использующий силы Бездны, чтобы нести боль и безумие. Жрецы Тьмы способны искажать разум и тело и приносить агонию свои врагам.;;;;;;;;;;;;;
class_shadow_priest_6;Искусный жрец Тьмы;;;;;;;;;;;;;
class_shadow_priest_6_desc;Этот персонаж — жрец Тьмы. Жрец Тьмы — адепт магии Тьмы, использующий силы Бездны, чтобы нести боль и безумие. Жрецы Тьмы способны искажать разум и тело и приносить агонию свои врагам.;;;;;;;;;;;;;
class_shadow_priest_7;Превосходный жрец Тьмы;;;;;;;;;;;;;
class_shadow_priest_7_desc;Этот персонаж — жрец Тьмы. Жрец Тьмы — адепт магии Тьмы, использующий силы Бездны, чтобы нести боль и безумие. Жрецы Тьмы способны искажать разум и тело и приносить агонию свои врагам.;;;;;;;;;;;;;
class_shadow_priest_8;Выдающийся жрец Тьмы;;;;;;;;;;;;;
class_shadow_priest_8_desc;Этот персонаж — жрец Тьмы. Жрец Тьмы — адепт магии Тьмы, использующий силы Бездны, чтобы нести боль и безумие. Жрецы Тьмы способны искажать разум и тело и приносить агонию свои врагам.;;;;;;;;;;;;;
class_shadow_priest_9;Великий жрец Тьмы;;;;;;;;;;;;;
class_shadow_priest_9_desc;Этот персонаж — жрец Тьмы. Жрец Тьмы — адепт магии Тьмы, использующий силы Бездны, чтобы нести боль и безумие. Жрецы Тьмы способны искажать разум и тело и приносить агонию свои врагам.;;;;;;;;;;;;;
class_shadow_priest_10;Легендарный жрец Тьмы;;;;;;;;;;;;;
class_shadow_priest_10_desc;Этот персонаж — жрец Тьмы. Жрец Тьмы — адепт магии Тьмы, использующий силы Бездны, чтобы нести боль и безумие. Жрецы Тьмы способны искажать разум и тело и приносить агонию свои врагам.;;;;;;;;;;;;;
tentacle_arm_mutation;Рука-щупальце;;;;;;;;;;;;;
tentacle_arm_mutation_desc;Одна из рук этого персонажа превратилась в длинное склизкое щупальце под влиянием магии Древних Богов.;;;;;;;;;;;;;
chela_hand_mutation;Рука-клешня;;;;;;;;;;;;;
chela_hand_mutation_desc;Одна из рук этого персонажа превратилась в крупную клешню под влиянием магии Древних Богов.;;;;;;;;;;;;;
chitinous_growths_mutation;Хитиновые наросты;;;;;;;;;;;;;
chitinous_growths_mutation_desc;Тело этого персонажа покрылось хитиновыми наростами под влиянием магии Древних Богов.;;;;;;;;;;;;;
spikes_mutation;Шипы;;;;;;;;;;;;;
spikes_mutation_desc;Из тела этого персонажа проросли острые кератиновые шипы под влиянием магии Древних Богов.;;;;;;;;;;;;;
scales_mutation;Чешуя;;;;;;;;;;;;;
scales_mutation_desc;Тело этого персонажа покрылось в некоторых местах склизкой чешуей под влиянием магии Древних Богов.;;;;;;;;;;;;;
eyes_mutation;Множественные глаза;;;;;;;;;;;;;
eyes_mutation_desc;Тело этого персонажа покрылось пугающими глазами под влиянием магии Древних Богов.;;;;;;;;;;;;;
creature_nraqi;Н’раки;;;;;;;;;;;;;
creature_nraqi_desc;Этот персонаж — н’раки. Н’раки — это монстроподобная раса, которая образовалась из плоти Древних Богов. Н’раки очень коварны и жестоки в служении своим Владыкам, а их жуткие очертания, напоминающие нечто среднее между моллюском и насекомым, способны ввергнуть в страх любого жителя Азерота.;;;;;;;;;;;;;
creature_cthraxxi;К’тракси;;;;;;;;;;;;;
creature_cthraxxi_desc;Этот персонаж — к'тракси. К’тракси более крупнее своих сородичей, н’раков, и в несколько раз превосходят их в физической и ментальной силе. Эти громадные ужасающие создания Древних Богов способны даже перехватить контроль над миньонами своих Владык, если того требует их воля.;;;;;;;;;;;;;
subclass_dark_shaman;Темный Шаман;;;;;;;;;;;;;
subclass_dark_shaman_desc;Этот персонаж — темный шаман, один из тех, кто поработил и осквернил элементы, используя темную магию Бездны или Скверны.;;;;;;;;;;;;;
vampire;Вампир;;;;;;;;;;;;;
vampire_desc;Этот персонаж — вампиры. Вампиры, в отличие от остальной нежити, не подвержены гниению, но зависимы от жажды крови, которая время от времени одолевает их.;;;;;;;;;;;;;
uncolonized_trait;Uncolonized;;;;;;;;;;;;;
sleeping_trait;Спящий;;;;;;;;;;;;;
sleeping_trait_desc;Этот персонаж находиться в глубоком сне.;;;;;;;;;;;;;
worgen;Ворген;;;;;;;;;;;;;
worgen_desc;Этот персонажа коснулось проклятье воргенов.;;;;;;;;;;;;;
mindless_worgen;Лишенный Рассудка;;;;;;;;;;;;;
mindless_worgen_desc;Этот персонаж потерял рассудок в пучине животной ярости и вины.;;;;;;;;;;;;;
creature_night_elf;Ночной Эльф;;;;;;;;;;;;;
creature_night_elf_desc;Этот персонаж — ночной эльф.;;;;;;;;;;;;;
lost_corporeal_body;Потерял Материальное Тело;;;;;;;;;;;;;
lost_corporeal_body_desc;Этот лич потерял свое материальное тело и теперь ждет его регенерации.;;;;;;;;;;;;;
creature_red_whelp;Красный дракончик;;;;;;;;;;;;;
creature_red_whelp_desc;Дракончики - самый маленький подвид семейства драконов, представляющий собой потомство более взрослых особей. Они - слабейший вид драконов. Зачастую неподалеку от дракончиков можно повстречать и их старших сородичей.\n\nКогда-то красные драконы правили всеми драконьими родами. Это отразилось в каждой черте красных драконов: от их гордого поведения до ауры внушающей трепет ауры. Она столь же сильна, как и эффект от присутствия других драконов, за исключением того, что она внушает, в том числе, умиротворение. Красные драконы олицетворяют спокойствие жизни и природы. Легенды утверждают, что, пройдя по земле или выдохнув на нее свое пламя, красный дракон может заставить ее цвести. Пусть они и используют огонь для защиты и наказания, пламя всегда уступает место новой жизни.;;;;;;;;;;;;;
creature_red_drake;Красный дрейк;;;;;;;;;;;;;
creature_red_drake_desc;Дрейки - это драконы, которые по-прежнему относительно молоды по сравнению с их старшими сородичами.\n\nКрасные драконы когда-то правили лордами над всем драконьким. Это благородство отражается во всех аспектах красного дракона, от его гордого поведения до его ауры, которое внушает страх. Это так же изнурительно, как и страшное присутствие, которое обладают другие драконы, за исключением того, что оно переполняется блаженной аурой. Красные драконы олицетворяют спокойствие жизни и природы. Легенды утверждают, что земля обновляется везде, где красный дракон ходит по земле или сжигает почву пылающим дыханием. Хотя они используют огонь для защиты и наказания, пламя всегда уступает место новой жизни.;;;;;;;;;;;;;
creature_red_dragon;Красный дракон;;;;;;;;;;;;;
creature_red_dragon_desc;Драконами называют как и целую расу существ, так и отдельный подвид взрослых драконов.\n\nКрасные драконы когда-то правили лордами над всем драконьким. Это благородство отражается во всех аспектах красного дракона, от его гордого поведения до его ауры, которое внушает страх. Это так же изнурительно, как и страшное присутствие, которое обладают другие драконы, за исключением того, что оно переполняется блаженной аурой. Красные драконы олицетворяют спокойствие жизни и природы. Легенды утверждают, что земля обновляется везде, где красный дракон ходит по земле или сжигает почву пылающим дыханием. Хотя они используют огонь для защиты и наказания, пламя всегда уступает место новой жизни.;;;;;;;;;;;;;
creature_red_wyrm;Красный змей;;;;;;;;;;;;;
creature_red_wyrm_desc;Змеи - это самые старые представители расы драконов.\n\nRed dragons once ruled as lords over all dragonkind. This nobility is reflected in every aspect of a red dragon, from its proud demeanor to its aura - one that inspires awe. It is as debilitating as the terrifying presence that other dragons possess, except that it overwhelms with a beatific aura. Red dragons exemplify the serenity of life and nature. Legends hold that the earth is renewed wherever a red dragon walks upon the earth or burns the soil with its flaming breath. Although they use fire to protect and punish, the flames always give way to new life.;;;;;;;;;;;;;
;;;;;;;;;;;;;;
creature_blue_whelp;Синий дракончик;;;;;;;;;;;;;
creature_blue_whelp_desc;Дракончики - самый маленький подвид семейства драконов, представляющий собой потомство более взрослых особей. Они - слабейший вид драконов. Зачастую неподалеку от дракончиков можно повстречать и их старших сородичей.\n\nСиние драконы - величественные существа, их осанка и выражение лица выражают мудрость и интеллект. Это существа льда и воды, часто встречающиеся в холодных регионах и предпочитающие себе подобных. Они умны, наслаждаются как литературой, так и научными текстами, и изучают любые знания или мелочи, с которыми они сталкиваются. Эти драконы наиболее известны тем, что, изменяют свой облик, чтобы как можно ближе познакомиться с технологиями и знаниями других рас. Синие драконы - мирные существа, но очень территориальные. Как только синий дракон занимает определенную территорию, горе любому, даже дракону из его собственной стаи, кто без разрешения проникнет на эти земли. Блестящие чешуйки, покрывающие тело дракона, имеет узорную кобальтовую раскраску на шее и верхней части туловища, на фоне изящных форм которого крылья становятся практически незаметными.;;;;;;;;;;;;;
creature_blue_drake;Синий дрейк;;;;;;;;;;;;;
creature_blue_drake_desc;Дрейки - это драконы, которые по-прежнему относительно молоды по сравнению с их старшими сородичами.\n\nСиние драконы - величественные существа, их осанка и выражение лица выражают мудрость и интеллект. Это существа льда и воды, часто встречающиеся в холодных регионах и предпочитающие себе подобных. Они умны, наслаждаются как литературой, так и научными текстами, и изучают любые знания или мелочи, с которыми они сталкиваются. Эти драконы наиболее известны тем, что, изменяют свой облик, чтобы как можно ближе познакомиться с технологиями и знаниями других рас. Синие драконы - мирные существа, но очень территориальные. Как только синий дракон занимает определенную территорию, горе любому, даже дракону из его собственной стаи, кто без разрешения проникнет на эти земли. Блестящие чешуйки, покрывающие тело дракона, имеет узорную кобальтовую раскраску на шее и верхней части туловища, на фоне изящных форм которого крылья становятся практически незаметными.;;;;;;;;;;;;;
creature_blue_dragon;Синий дракон;;;;;;;;;;;;;
creature_blue_dragon_desc;Драконами называют как и целую расу существ, так и отдельный подвид взрослых драконов.\n\nСиние драконы - величественные существа, их осанка и выражение лица выражают мудрость и интеллект. Это существа льда и воды, часто встречающиеся в холодных регионах и предпочитающие себе подобных. Они умны, наслаждаются как литературой, так и научными текстами, и изучают любые знания или мелочи, с которыми они сталкиваются. Эти драконы наиболее известны тем, что, изменяют свой облик, чтобы как можно ближе познакомиться с технологиями и знаниями других рас. Синие драконы - мирные существа, но очень территориальные. Как только синий дракон занимает определенную территорию, горе любому, даже дракону из его собственной стаи, кто без разрешения проникнет на эти земли. Блестящие чешуйки, покрывающие тело дракона, имеет узорную кобальтовую раскраску на шее и верхней части туловища, на фоне изящных форм которого крылья становятся практически незаметными.;;;;;;;;;;;;;
creature_blue_wyrm;Синий змей;;;;;;;;;;;;;
creature_blue_wyrm_desc;Змеи - это самые старые представители расы драконов.\n\nСиние драконы - величественные существа, их осанка и выражение лица выражают мудрость и интеллект. Это существа льда и воды, часто встречающиеся в холодных регионах и предпочитающие себе подобных. Они умны, наслаждаются как литературой, так и научными текстами, и изучают любые знания или мелочи, с которыми они сталкиваются. Эти драконы наиболее известны тем, что, изменяют свой облик, чтобы как можно ближе познакомиться с технологиями и знаниями других рас. Синие драконы - мирные существа, но очень территориальные. Как только синий дракон занимает определенную территорию, горе любому, даже дракону из его собственной стаи, кто без разрешения проникнет на эти земли. Блестящие чешуйки, покрывающие тело дракона, имеет узорную кобальтовую раскраску на шее и верхней части туловища, на фоне изящных форм которого крылья становятся практически незаметными.;;;;;;;;;;;;;
;;;;;;;;;;;;;;
creature_green_whelp;Зеленый дракончик;;;;;;;;;;;;;
creature_green_whelp_desc;Дракончики - самый маленький подвид семейства драконов, представляющий собой потомство более взрослых особей. Они - слабейший вид драконов. Зачастую неподалеку от дракончиков можно повстречать и их старших сородичей.;;;;;;;;;;;;;
creature_green_drake;Зеленый дрейк;;;;;;;;;;;;;
creature_green_drake_desc;Дрейки - это драконы, которые по-прежнему относительно молоды по сравнению с их старшими сородичами.\n\nЗеленые драконы редко встречаются в материальном мире. Они - эфимерные, а их дом находится в мире Изумрудного Сна. Этот план - не просто место, где рождаются сновидения. Это - бескрайний зеленый мир грёз, нетронутый рай. Другие стаи часто называют зеленых драконов «братьями и сестрами мечты» - в честь мира, который они оберегают. Полупрозрачные чешуйки дракона слабо сияют призрачным зеленым светом, его глаза испускают золото-зеленое свечение. Ни зрачков, ни белка увидеть невозможно. Изящная и утонченная форма зеленого дракона позволяет ему буквально скользить по воздуху. У зеленых драконов нет врагов в Изумрудном Сне, но им известно, что Азерот не настолько спокоен и безопасен. Они способны сражаться, но предпочитают этого не делать, если у них есть способ избежать битвы. Если же конфликт неизбежен, они пытаются нейтрализовать врагов своим дыханием и покинуть территорию. Некоторые считают, что зеленые драконы - пацифисты или слабаки. Однако те, кому "посчасливится" встретиться с ними в бою, быстро узнали ошибочность своих суждений. В конце концов, грёзы и кошмары не так уж и отличаются.;;;;;;;;;;;;;
creature_green_dragon;Зеленый дракон;;;;;;;;;;;;;
creature_green_dragon_desc;Драконами называют как и целую расу существ, так и отдельный подвид взрослых драконов.\n\nЗеленые драконы редко встречаются в материальном мире. Они - эфимерные, а их дом находится в мире Изумрудного Сна. Этот план - не просто место, где рождаются сновидения. Это - бескрайний зеленый мир грёз, нетронутый рай. Другие стаи часто называют зеленых драконов «братьями и сестрами мечты» - в честь мира, который они оберегают. Полупрозрачные чешуйки дракона слабо сияют призрачным зеленым светом, его глаза испускают золото-зеленое свечение. Ни зрачков, ни белка увидеть невозможно. Изящная и утонченная форма зеленого дракона позволяет ему буквально скользить по воздуху. У зеленых драконов нет врагов в Изумрудном Сне, но им известно, что Азерот не настолько спокоен и безопасен. Они способны сражаться, но предпочитают этого не делать, если у них есть способ избежать битвы. Если же конфликт неизбежен, они пытаются нейтрализовать врагов своим дыханием и покинуть территорию. Некоторые считают, что зеленые драконы - пацифисты или слабаки. Однако те, кому "посчасливится" встретиться с ними в бою, быстро узнали ошибочность своих суждений. В конце концов, грёзы и кошмары не так уж и отличаются.;;;;;;;;;;;;;
creature_green_wyrm;Зеленый змей;;;;;;;;;;;;;
creature_green_wyrm_desc;Змеи - это самые старые представители расы драконов.\n\nЗеленые драконы редко встречаются в материальном мире. Они - эфимерные, а их дом находится в мире Изумрудного Сна. Этот план - не просто место, где рождаются сновидения. Это - бескрайний зеленый мир грёз, нетронутый рай. Другие стаи часто называют зеленых драконов «братьями и сестрами мечты» - в честь мира, который они оберегают. Полупрозрачные чешуйки дракона слабо сияют призрачным зеленым светом, его глаза испускают золото-зеленое свечение. Ни зрачков, ни белка увидеть невозможно. Изящная и утонченная форма зеленого дракона позволяет ему буквально скользить по воздуху. У зеленых драконов нет врагов в Изумрудном Сне, но им известно, что Азерот не настолько спокоен и безопасен. Они способны сражаться, но предпочитают этого не делать, если у них есть способ избежать битвы. Если же конфликт неизбежен, они пытаются нейтрализовать врагов своим дыханием и покинуть территорию. Некоторые считают, что зеленые драконы - пацифисты или слабаки. Однако те, кому "посчасливится" встретиться с ними в бою, быстро узнали ошибочность своих суждений. В конце концов, грёзы и кошмары не так уж и отличаются.;;;;;;;;;;;;;
;;;;;;;;;;;;;;
creature_black_whelp;Черный дракончик;;;;;;;;;;;;;
creature_black_whelp_desc;Дракончики - самый маленький подвид семейства драконов, представляющий собой потомство более взрослых особей. Они - слабейший вид драконов. Зачастую неподалеку от дракончиков можно повстречать и их старших сородичей.\n\nЧерные драконы - большие плотоядные существа. Они проводят много времи на охоте, а также наблюдают за различными войнами по всему миру. Их часто можно найти пытающими пленных, животных или кого-нибудь, кому не посчастливилось встретиться с ними. Черный дракон - крупное, массивное существо с широкой грудью и длинной, извилистой шеей. Его черная чешуя по крепости не уступает камню. Гребень, из острых костяных шипов, тянется из его головы вниз по спине. Его клыки блестят медно-красным, а глубоко внутри его пасти постоянно сияет огненно-яркий свет. Большинство цивилизованных рас говорят, что у черных драконов жестокий, черствый взгляд на вещи. Черные драконы не отбрасывают отдельные чешуйки, а полностью линяют один раз в год, обычно проводя неделю, отдыхая в озерах лавы у действующего вулкана. Под действием высоких температур чешуя отслаивается, оголяя кожу. Чешуя черного дракона, готовящегося к ее линьке, становится тусклой и серой. Большинство черных драконов рождаются с рогами и крыльями, оттенок которых варьируется от оранжевого до коричневого, но некоторые самки рождаются с пурпурными крыльями и рогами.;;;;;;;;;;;;;
creature_black_drake;Черный дрейк;;;;;;;;;;;;;
creature_black_drake_desc;Дрейки - это драконы, которые по-прежнему относительно молоды по сравнению с их старшими сородичами.\n\nЧерные драконы - большие плотоядные существа. Они проводят много времи на охоте, а также наблюдают за различными войнами по всему миру. Их часто можно найти пытающими пленных, животных или кого-нибудь, кому не посчастливилось встретиться с ними. Черный дракон - крупное, массивное существо с широкой грудью и длинной, извилистой шеей. Его черная чешуя по крепости не уступает камню. Гребень, из острых костяных шипов, тянется из его головы вниз по спине. Его клыки блестят медно-красным, а глубоко внутри его пасти постоянно сияет огненно-яркий свет. Большинство цивилизованных рас говорят, что у черных драконов жестокий, черствый взгляд на вещи. Черные драконы не отбрасывают отдельные чешуйки, а полностью линяют один раз в год, обычно проводя неделю, отдыхая в озерах лавы у действующего вулкана. Под действием высоких температур чешуя отслаивается, оголяя кожу. Чешуя черного дракона, готовящегося к ее линьке, становится тусклой и серой. Большинство черных драконов рождаются с рогами и крыльями, оттенок которых варьируется от оранжевого до коричневого, но некоторые самки рождаются с пурпурными крыльями и рогами.;;;;;;;;;;;;;
creature_black_dragon;Черный дракон;;;;;;;;;;;;;
creature_black_dragon_desc;Драконами называют как и целую расу существ, так и отдельный подвид взрослых драконов.\n\nЧерные драконы - большие плотоядные существа. Они проводят много времи на охоте, а также наблюдают за различными войнами по всему миру. Их часто можно найти пытающими пленных, животных или кого-нибудь, кому не посчастливилось встретиться с ними. Черный дракон - крупное, массивное существо с широкой грудью и длинной, извилистой шеей. Его черная чешуя по крепости не уступает камню. Гребень, из острых костяных шипов, тянется из его головы вниз по спине. Его клыки блестят медно-красным, а глубоко внутри его пасти постоянно сияет огненно-яркий свет. Большинство цивилизованных рас говорят, что у черных драконов жестокий, черствый взгляд на вещи. Черные драконы не отбрасывают отдельные чешуйки, а полностью линяют один раз в год, обычно проводя неделю, отдыхая в озерах лавы у действующего вулкана. Под действием высоких температур чешуя отслаивается, оголяя кожу. Чешуя черного дракона, готовящегося к ее линьке, становится тусклой и серой. Большинство черных драконов рождаются с рогами и крыльями, оттенок которых варьируется от оранжевого до коричневого, но некоторые самки рождаются с пурпурными крыльями и рогами.;;;;;;;;;;;;;
creature_black_wyrm;Черный змей;;;;;;;;;;;;;
creature_black_wyrm_desc;Вирмы - это самые старые представители расы драконов.\n\nЧерные драконы - большие плотоядные существа. Они проводят много времи на охоте, а также наблюдают за различными войнами по всему миру. Их часто можно найти пытающими пленных, животных или кого-нибудь, кому не посчастливилось встретиться с ними. Черный дракон - крупное, массивное существо с широкой грудью и длинной, извилистой шеей. Его черная чешуя по крепости не уступает камню. Гребень, из острых костяных шипов, тянется из его головы вниз по спине. Его клыки блестят медно-красным, а глубоко внутри его пасти постоянно сияет огненно-яркий свет. Большинство цивилизованных рас говорят, что у черных драконов жестокий, черствый взгляд на вещи. Черные драконы не отбрасывают отдельные чешуйки, а полностью линяют один раз в год, обычно проводя неделю, отдыхая в озерах лавы у действующего вулкана. Под действием высоких температур чешуя отслаивается, оголяя кожу. Чешуя черного дракона, готовящегося к ее линьке, становится тусклой и серой. Большинство черных драконов рождаются с рогами и крыльями, оттенок которых варьируется от оранжевого до коричневого, но некоторые самки рождаются с пурпурными крыльями и рогами.;;;;;;;;;;;;;
;;;;;;;;;;;;;;
creature_bronze_whelp;Бронзовый дракончик;;;;;;;;;;;;;
creature_bronze_whelp_desc;Дракончики - самый маленький подвид семейства драконов, представляющий собой потомство более взрослых особей. Они - слабейший вид драконов. Зачастую неподалеку от дракончиков можно повстречать и их старших сородичей.\n\nБронзовые драконы меньше других, однако более подвижны. Они менее выносливы. но быстрее манёвреннее, чем представители других стай. Их тела тонкие и изящные, с чешуей почти металлического оттенка. Из-за их размеров, многие принимают их за статуи, нежели чем признают в них живых существ. Бронзовые драконы опрятны, они поддерживают свои чешуйки чистыми и блестящими всё время. Чешуйки этих длинных и стройных драконов сверкают металлическим блеском. Колючий костяной хребет выступает по всей и образует на конце хвоста тяжелый и смертоносный нарост. Цвет его чешуи переливается от золотисто-желтого до насыщенно-бронзовго в свете солнце. Бронзовые драконы предпочитают использовать свои магические способности и дыхание, для того, чтобы смутить и рассредоточить врагов. Затем они приближаются к одиноким противникам, нападая с воздуха или сражаясь на земле, в зависимости от того, какой подход предполагает получение тактического преимущества. Бронзыовые драконы довольно терпеливы, предпочитая наблюдать за целью издалека, пока та не окажется беззащитной.;;;;;;;;;;;;;
creature_bronze_drake;Бронзовый дрейк;;;;;;;;;;;;;
creature_bronze_drake_desc;Дрейки - это драконы, которые по-прежнему относительно молоды по сравнению с их старшими сородичами.\n\nБронзовые драконы меньше других, однако более подвижны. Они менее выносливы. но быстрее манёвреннее, чем представители других стай. Их тела тонкие и изящные, с чешуей почти металлического оттенка. Из-за их размеров, многие принимают их за статуи, нежели чем признают в них живых существ. Бронзовые драконы опрятны, они поддерживают свои чешуйки чистыми и блестящими всё время. Чешуйки этих длинных и стройных драконов сверкают металлическим блеском. Колючий костяной хребет выступает по всей и образует на конце хвоста тяжелый и смертоносный нарост. Цвет его чешуи переливается от золотисто-желтого до насыщенно-бронзовго в свете солнце. Бронзовые драконы предпочитают использовать свои магические способности и дыхание, для того, чтобы смутить и рассредоточить врагов. Затем они приближаются к одиноким противникам, нападая с воздуха или сражаясь на земле, в зависимости от того, какой подход предполагает получение тактического преимущества. Бронзыовые драконы довольно терпеливы, предпочитая наблюдать за целью издалека, пока та не окажется беззащитной.;;;;;;;;;;;;;
creature_bronze_dragon;Бронзовый дракон;;;;;;;;;;;;;
creature_bronze_dragon_desc;Драконами называют как и целую расу существ, так и отдельный подвид взрослых драконов.\n\nБронзовые драконы меньше других, однако более подвижны. Они менее выносливы. но быстрее манёвреннее, чем представители других стай. Их тела тонкие и изящные, с чешуей почти металлического оттенка. Из-за их размеров, многие принимают их за статуи, нежели чем признают в них живых существ. Бронзовые драконы опрятны, они поддерживают свои чешуйки чистыми и блестящими всё время. Чешуйки этих длинных и стройных драконов сверкают металлическим блеском. Колючий костяной хребет выступает по всей и образует на конце хвоста тяжелый и смертоносный нарост. Цвет его чешуи переливается от золотисто-желтого до насыщенно-бронзовго в свете солнце. Бронзовые драконы предпочитают использовать свои магические способности и дыхание, для того, чтобы смутить и рассредоточить врагов. Затем они приближаются к одиноким противникам, нападая с воздуха или сражаясь на земле, в зависимости от того, какой подход предполагает получение тактического преимущества. Бронзыовые драконы довольно терпеливы, предпочитая наблюдать за целью издалека, пока та не окажется беззащитной.;;;;;;;;;;;;;
creature_bronze_wyrm;Бронзовый змей;;;;;;;;;;;;;
creature_bronze_wyrm_desc;Вирмы - это самые старые представители расы драконов.\n\nБронзовые драконы меньше других, однако более подвижны. Они менее выносливы. но быстрее манёвреннее, чем представители других стай. Их тела тонкие и изящные, с чешуей почти металлического оттенка. Из-за их размеров, многие принимают их за статуи, нежели чем признают в них живых существ. Бронзовые драконы опрятны, они поддерживают свои чешуйки чистыми и блестящими всё время. Чешуйки этих длинных и стройных драконов сверкают металлическим блеском. Колючий костяной хребет выступает по всей и образует на конце хвоста тяжелый и смертоносный нарост. Цвет его чешуи переливается от золотисто-желтого до насыщенно-бронзовго в свете солнце. Бронзовые драконы предпочитают использовать свои магические способности и дыхание, для того, чтобы смутить и рассредоточить врагов. Затем они приближаются к одиноким противникам, нападая с воздуха или сражаясь на земле, в зависимости от того, какой подход предполагает получение тактического преимущества. Бронзыовые драконы довольно терпеливы, предпочитая наблюдать за целью издалека, пока та не окажется беззащитной.;;;;;;;;;;;;;
leader_of_horde_trait;Лидер Орды;;;;;;;;;;;;;
leader_of_horde_trait_desc;Это персонаж — лидер Орды. За Орду!;;;;;;;;;;;;;
leader_of_alliance_trait;Лидер Альянса;;;;;;;;;;;;;
leader_of_alliance_trait_desc;Это персонаж — лидер Альянса. За Альянс!;;;;;;;;;;;;;
creature_flamewaker;Поджигатель;;;;;;;;;;;;;
creature_flamewaker_desc;Это персонаж — поджигатель. Поджигатели — это раса безжалостных змеевидных существ, которые служат Повелителю Огня.;;;;;;;;;;;;;
creature_tauren;Таурен;;;;;;;;;;;;;
creature_tauren_desc;Этот персонаж — таурен. Таурены — раса больших, быкоподобных гуманоидов, обитающих на великих равнинах Центрального Калимдора. Поколениями их постоянно преследовали жестокие кентавры, который заставили тауренов вести кочевой образ жизни в суровых Степях.;;;;;;;;;;;;;
creature_centaur;Кентавр;;;;;;;;;;;;;
creature_centaur_desc;Этот персонаж — кентавр. Кентавры — раса воинственных полу-гуманоидов, полу-лошадей. Они проживают в центральном и южном Калимдоре, прежде всего в Пустоши и Степях, где они ведут постоянную войну против других кентавров и племен тауренов.;;;;;;;;;;;;;
creature_quilboar;Свинобраз;;;;;;;;;;;;;
creature_quilboar_desc;Это персонаж — свинобраз. Свинобразы — это раса агрессивных, примитивных свиноподобных гуманоидов, родом из Калимдора и Кул-Тираса. Они имеют острые шипы, выступающие из их мускулистых, сгорбленных спин. Эти выносливые, бесстрашные существа населяют центральные степи Калимдора.;;;;;;;;;;;;;
creature_tolvir;Тол'вир;;;;;;;;;;;;;
creature_tolvir_desc;Это персонаж — тол'вир. Тол'виры — раса кошкоподобных гуманоидов, найденных в Ульдуме. Они были изначально каменными стражами, созданными титанами, чтобы поддерживать хранилища и машинерии, расположенные в Ульдуме, а также город Ульдуар. Они обладают кошачьими нижними телами и головами, а также человеческими торсами. Как и многие другие титаниды, тол'виры стали жертвой Проклятья Плоти.;;;;;;;;;;;;;
creature_qiraji;Кираж;;;;;;;;;;;;;
creature_qiraji_desc;Этот персонаж — киражи. Киражи — раса насекомоподобных гуманоидов, населяющих южный Силитус.;;;;;;;;;;;;;
creature_satyr;Сатир;;;;;;;;;;;;;
creature_satyr_dsc;Этот персонаж — сатир. Сатиры — это раса звереподобных демонов. Они созданы путем распространения древнего проклятия сатиров, которое было изначально наслано на Ксавия, высокорожденного чародей, который был превращен в демоническую форму в качестве наказания за его неудачи во время Войны Древних. Ксавий вскоре начал распространять свою проклятье другим ночным эльфам и, в конечном итоге, другим расам.;;;;;;;;;;;;;
creature_wolvar;Волчер;;;;;;;;;;;;;
creature_wolvar_desc;Этот персонаж — волчер. Волчеры— раса примитивных низкорослых росомахоподобных гуманоидов, которые населяют ледяной Нордскол. Несмотря на свои неольшие размеры, Волчеры — одна из самых агрессивных рас Норскола. Это очень часто делает их любопытную натуру пугающей.;;;;;;;;;;;;;
creature_tuskarr;Клыкарр;;;;;;;;;;;;;
creature_tuskarr_desc;Этот персонаж — клыкарр. Клыкарры — раса мирный моржеподобных гуманоидов обитающих на холодных берегал Нордскола.;;;;;;;;;;;;;
creature_gorloc;Горлок;;;;;;;;;;;;;
creature_gorloc_desc;Этот персонаж — горлок. Горлоки — "арктическая раса мурлокоподобных сущест". Утверждаеться, что горлоки — следующуя ступень эволюции мурлоков, но мурлоки, по-видимому, эволюционировали от горлоков, а не наоборот. Предполагается, что прародителем горлоков был лягушкоподобный Древний.;;;;;;;;;;;;;
creature_furbolg;Фурболг;;;;;;;;;;;;;
creature_furbolg_desc;Этот персонаж — фурболг. Фурболги — неповоротливая, древняя раса медведоподобных гуманоидов, которая живет в северном Калимдоре и Нордсколе.;;;;;;;;;;;;;
creature_vrykul;Врайкул;;;;;;;;;;;;;
creature_vrykul_desc;Этот персонаж — врайкул. Врайкулы — раса бестрашных полу-гиганских воинов родом из Ревущего Фьорда, находящемся в юго-восточном Нордсколе. Они являются предками человеческой расы, которая изначально была врайкульскими отпрысками, которые родились слабыми и деформированными в результате Проклятья Плоти.;;;;;;;;;;;;;
creature_kvaldir;Квалдир;;;;;;;;;;;;;
creature_kvaldir_desc;Этот персонаж — квалдир. Квалдиры — духи бестрашных врайкульский войнов или морских рейдеров, которые скитаются по морям, грабя корабли и прибрежние поселения.;;;;;;;;;;;;;
creature_taunka;Таунка;;;;;;;;;;;;;
creature_taunka_desc;Этот персонаж — таунка. Таунка — древнее ответвление яунголов и дальние родственники тауренов, которые приспособились к суровым условия Нордскола.;;;;;;;;;;;;;
creature_harpy;Гарпия;;;;;;;;;;;;;
creature_harpy_desc;Этот персонаж — гарпия. Гарпии — злобные, летающие существа, которые напоминают гибрид ночного эльфа и птицы с гиганскими когтями и грациозными крыльями. Они уничтожают оружающую среду, в которой они поселились, убивая каждое существо и опустошая земли для строительства гнезд. Гарпии родом из Когтистых гор, но быстро распространились в Калимдор, Нордскол и Расколотые острова.;;;;;;;;;;;;;
creature_magnataur;Магнотавр;;;;;;;;;;;;;
creature_magnataur_desc;Этот персонаж — магнотавр.;;;;;;;;;;;;;
aspect_of_nature;Аспект Природы;;;;;;;;;;;;;
aspect_of_nature_desc;Аспект Природы был выбран Эонарой для слежения за бурно растущей жизнью из её неосязаемых владений, Изумродного Сна.;;;;;;;;;;;;;
aspect_of_magic;Аспект Магии;;;;;;;;;;;;;
aspect_of_magic_desc;Аспект Магии был выбран Норганноном, как страж магии и скрытых знаний.;;;;;;;;;;;;;
aspect_of_time;Аспект Времени;;;;;;;;;;;;;
aspect_of_time_desc;Аспект Времени был выбран Аман'тулом для защиты самого времени и надзором над путями судьбы.;;;;;;;;;;;;;
;;;;;;;;;;;;;;
cat_form;Форма кошки;;;;;;;;;;;;;
cat_form_desc;Большая кися. Мяу.;;;;;;;;;;;;;
bear_form;Форма медведя;;;;;;;;;;;;;
bear_form_desc;Любит мёд;;;;;;;;;;;;;
talon_form;Форма когтя;;;;;;;;;;;;;
talon_form_desc;Голубь-переросток;;;;;;;;;;;;;
stag_form;Форма оленя;;;;;;;;;;;;;
stag_form_desc;;;;;;;;;;;;;;
pack_form;;;;;;;;;;;;;;
pack_form_desc;Большой злой волк.;;;;;;;;;;;;;
master_cat_form;Форма кошки;;;;;;;;;;;;;
master_cat_form_desc;Большая кися. Мяу.;;;;;;;;;;;;;
master_bear_form;Форма медведя;;;;;;;;;;;;;
master_bear_form_desc;Любит мёд;;;;;;;;;;;;;
master_talon_form;Форма когтя;;;;;;;;;;;;;
master_talon_form_desc;Голубь-переросток;;;;;;;;;;;;;
cat_form_mastered;;;;;;;;;;;;;;
cat_form_mastered_desc;Большая кися. Мяу.;;;;;;;;;;;;;
bear_form_mastered;;;;;;;;;;;;;;
bear_form_mastered_desc;Любит мёд;;;;;;;;;;;;;
talon_form_mastered;;;;;;;;;;;;;;
talon_form_mastered_desc;Голубь-переросток;;;;;;;;;;;;;
stag_form_mastered;;;;;;;;;;;;;;
stag_form_mastered_desc;;;;;;;;;;;;;;
pack_form_mastered;;;;;;;;;;;;;;
pack_form_mastered_desc;Большой злой волк.;;;;;;;;;;;;;
in_emerald_dream;;;;;;;;;;;;;;
in_emerald_dream;;;;;;;;;;;;;;
;;;;;;;;;;;;;;
subclass_moon_priest;Жрица Луны;;;;;;;;;;;;;
subclass_moon_priest_desc;;;;;;;;;;;;;;
;;;;;;;;;;;;;;
patron;Покровитель;;;;;;;;;;;;;
patron_desc;Спасибо вам!;;;;;;;;;;;;;
cannot_marry_trait;Can not Marry;;;;;;;;;;;;;
cannot_marry_trait_desc;This character can not marry because of its race or because it couldn't find its soul mate.;;;;;;;;;;;;;
