province;red;green;blue;x;x
1;200;150;200;Stormwind;x
2;236;199;116;Seven Stars;x
3;236;212;96;Two Moons;x
4;236;189;96;Great Duker;x
5;236;152;75;Lulkail;x
6;34;208;152;Goldshire;x
7;139;208;111;Northshire;x
8;231;208;58;Northfield;x
9;180;208;58;Westbrook;x
10;238;208;165;Southmead;x
11;133;208;156;Stonefield;x
12;56;208;227;Sunnyglade;x
13;56;208;39;Tower of Azora;x
14;156;208;41;Eastvale;x
15;139;208;122;Lonely Tower;x
16;229;208;212;Stonecairn;x
17;56;214;71;Moonbrook;x
18;92;214;96;Sandfoot;x
19;201;214;92;Fulbrow;x
20;208;214;165;Molsen;x
21;66;124;152;Lakeshire;x
22;156;124;58;Three Corners;x
23;240;124;24;Lakeridge;x
24;107;124;84;Alther;x
25;92;124;96;Blackrock Pass;x
26;236;189;75;Thux Tsex;x
27;96;214;216;Gold Coast;x
28;244;214;43;Longshore;x
29;176;214;137;Sentinel Hill;x
30;171;214;148;Demont;x
31;171;214;216;Dust Plains;x
32;90;214;225;Mortwakes Tower;x
33;184;124;152;Redridge Canyons;x
34;238;124;161;Shalewind;x
35;238;124;73;Galardell;x
36;116;169;174;Highland Path;x
37;186;34;94;Grand Hamlet;x
38;114;34;94;Brightwood Grove;x
39;56;34;86;Tranquil Gardens;x
40;75;34;199;Richgarden;x
41;36;34;176;Yorgen;x
42;144;34;146;Great Mound;x
43;152;34;58;Addle;x
44;54;34;58;Raven Hill;x
45;214;34;223;Twilight Grove;x
46;69;11;75;Karazhan;x
47;92;11;182;Deadmans Pass;x
48;236;201;126;Golden Stair;x
49;152;11;39;Vice;x
50;129;234;96;Zulgurub;x
51;30;234;58;Renkunn;x
52;129;234;208;Gokuntea;x
53;30;234;159;Zulmarash;x
54;195;234;79;Bambala;x
55;191;234;189;Southreach;x
56;45;234;182;Olriar;x
57;96;234;133;Kuloke;x
58;227;234;54;Ziatajai;x
59;71;234;135;Baliamah;x
60;178;234;96;Zulmamwe;x
61;54;234;34;Zulkunda;x
62;43;234;174;Tkashi;x
63;86;234;199;Kalai;x
64;154;234;66;Ballal;x
65;54;234;131;Zuuldaia;x
66;231;234;92;Mizjah;x
67;180;88;99;Nether Hill;x
68;107;88;189;Rockard;x
69;99;88;62;Rosestone;x
70;129;88;135;Dreadmaul;x
71;43;88;144;Agneepath;x
72;180;88;152;Dulzin;x
73;86;88;84;Dark Portal;x
74;167;88;88;Xawie;x
75;167;88;171;Deihsei;x
76;111;88;135;Shindun;x
77;118;88;96;Xoojith;x
78;204;88;221;Binanu;x
79;56;88;90;Surwich;x
80;180;88;49;Dead Ravine;x
81;88;169;28;Atalhakkar;x
82;69;169;75;Splinter Junction;x
83;81;169;249;Misty Valley;x
84;146;169;47;Harborage;x
85;231;169;96;Stonard;x
86;49;169;2;South Slough;x
87;49;169;204;North Slough;x
88;221;169;249;Stagalbog;x
89;79;169;186;Rotten Beach;x
90;84;169;99;Marshtide;x
91;124;126;129;Wild Cape;x
92;231;169;99;Sorrowmurk;x
93;231;169;174;Bogpaddle;x
94;124;126;234;South Islands;x
95;139;126;159;Surohi;x
96;139;126;81;Ludei;x
97;236;126;39;Hardwrench;x
98;32;126;39;Nekmani;x
99;204;126;159;Kihmu;x
100;66;126;216;Vekrishe;x
101;122;126;39;Fikinnun;x
102;114;204;62;Ironforge;x
103;73;51;81;Blackrock Depths;x
104;103;51;124;Blackrock Spire;x
105;249;51;66;Redhelm;x
106;156;51;66;Redpath;x
107;156;51;131;Cavefall;x
108;41;51;66;Chiselgrip;x
109;107;51;62;Thaurissan;x
110;107;51;165;Hugdiuhr;x
111;81;51;66;Khalfok;x
112;249;51;133;Joumindan;x
113;58;51;79;Borual;x
114;208;51;45;Ogderm;x
115;96;159;69;Bhurdak;x
116;139;159;17;Blackchar;x
117;165;159;139;Rondagg;x
118;122;159;189;Darrarhor;x
119;204;159;144;Domdith;x
120;103;159;161;Brudarn;x
121;184;159;79;Drognur;x
122;156;159;86;Bhudann;x
123;107;159;131;Brugodun;x
124;90;60;75;Ohuldum;x
125;156;60;86;Tyhmoger;x
126;107;60;182;Egudarm;x
127;58;60;54;Red Desert;x
128;204;60;60;Dustwind;x
129;34;60;47;Lethlor;x
130;49;60;11;Gundorm;x
131;77;60;150;Ermurn;x
132;120;204;199;Helms Bed;x
133;148;204;133;Northgate;x
134;109;204;84;Golbolar;x
135;165;204;133;Amberroad;x
136;120;204;169;Tundrid Hills;x
137;212;204;180;Ice Pass;x
138;182;204;90;Kharanos;x
139;238;204;34;Irongate;x
140;94;204;180;Shimmer Ridge;x
141;58;204;144;Coldridge Pass;x
142;182;204;109;Anvilmar;x
143;34;204;219;Coldridge Valley;x
144;210;204;88;Hiding Valley;x
145;109;204;191;Storm Ravine;x
146;216;204;135;Gnomeregan;x
147;69;204;223;Icewind Pass;x
148;204;204;174;Icewind Valley;x
149;126;204;161;New Tinkertown;x
150;120;204;101;Frostmane;x
151;103;204;186;Frozen Pass;x
152;135;204;94;South Coldwater;x
153;221;204;141;North Coldwater;x
154;167;204;131;Thelsamar;x
155;197;204;88;Stonyglade;x
156;234;204;9;Narrowhill;x
157;139;204;118;Stonesplinter Valley;x
158;79;204;204;Hidden Ravine;x
159;186;204;214;Greenhills;x
160;223;204;32;Stonewrought Dam;x
161;148;204;47;Valley of Kings;x
162;94;204;131;Silverstream;x
163;90;204;171;North Crossroads;x
164;51;204;4;Loch Islands;x
165;210;204;199;Southgate;x
166;28;54;221;Grim Batol;x
167;71;54;86;Wyrms Bend;x
168;71;54;229;Wildpass;x
169;240;54;51;Vermillion;x
170;154;116;69;Tiverfil;x
171;240;116;186;Alberlin;x
172;60;54;176;Thundermar;x
173;141;54;94;Virid Forest;x
174;47;54;62;Rugged Slopes;x
175;99;54;178;Iron Ridge;x
176;114;54;56;Thorvald Ravine;x
177;223;54;84;Storm Cost;x
178;105;54;223;Thunder Grove;x
179;225;54;60;Windward Hills;x
180;58;54;88;Stormclaw;x
181;148;54;150;Quiet Highlands;x
182;204;54;195;Dunwald;x
183;71;54;182;Crucible of Tin;x
184;201;54;36;Verrall Delta;x
185;105;54;45;Severe Coast;x
186;201;54;118;Cape of Fist;x
187;71;54;64;Wildgulch;x
188;114;54;30;Windward Slopes;x
189;212;54;212;Flat Shore;x
190;199;54;62;Verdant Forest;x
191;111;54;161;Loose Cliffs;x
192;234;54;24;Victors Point;x
193;150;54;182;Obsidian Hills;x
194;90;54;122;Elementium Ravine;x
195;208;54;64;Dead Highlands;x
196;77;54;212;Low Islands;x
197;116;54;64;Silverslopes;x
198;176;135;41;Menethil Harbor;x
199;133;135;182;Dun Algaz;x
200;88;135;49;Mosshide Fen;x
201;79;135;191;Upland Forest;x
202;163;135;120;Slabchisels Survey;x
203;135;135;62;Dun Modr;x
204;116;135;86;Bogplain;x
205;159;135;191;Direforge;x
206;210;135;45;Climbhill;x
207;161;135;150;East Floodplain;x
208;41;135;216;West Floodplain;x
209;174;135;114;Saltspray Glen;x
210;77;135;133;North Delta;x
211;171;135;171;Central Delta;x
212;144;135;90;South Delta;x
213;62;135;148;Rocky Gorge;x
214;109;204;75;Highgarde;x
215;58;204;189;Highpoint;x
216;107;146;105;Stromgarde;x
217;189;146;141;South Highlands;x
218;90;146;227;Old Gully;x
219;66;146;56;Zolnanji;x
220;99;146;51;Goshek;x
221;105;75;163;Windy Glen;x
222;223;146;122;Dryhill;x
223;66;146;124;Dabyrie;x
224;178;146;178;Northighlands;x
225;120;146;195;Greenhill;x
226;54;146;139;Northreach;x
227;39;146;19;Northfold;x
228;171;146;182;Faldirs Cove;x
229;197;75;21;West Coast;x
230;129;204;171;Vankeiki;x
231;105;75;21;East Coast;x
232;165;75;122;Hillsbrad;x
233;120;75;34;Durnholde;x
234;51;75;214;Dun Garok;x
235;208;75;137;Nethander Stead;x
236;246;75;28;Eastpoint;x
237;120;75;148;Southshore;x
238;36;75;240;Darrow Hill;x
239;94;75;186;Western Strand;x
240;186;75;77;Southpoint;x
241;150;43;165;Purgation Isle;x
242;79;75;11;Tarren Mill;x
243;69;75;118;Alterac;x
244;111;75;227;Alterac Valley;x
245;163;75;176;Headland;x
246;216;75;36;Strahnbrad;x
247;120;75;96;Ravenholdt;x
248;133;75;92;Winfried;x
249;184;210;47;Chillwind Pass;x
250;191;75;214;Dalaran;x
251;92;75;86;Dalarans Hills;x
252;43;43;19;Gilneas;x
253;137;30;94;Ambermill;x
254;66;81;71;Peleahjin;x
255;69;111;199;Aerie Peak;x
256;77;111;103;Hiriwatha;x
257;62;111;193;Queldanil;x
258;189;111;41;Shadraalor;x
259;101;138;26;Sweet Ravine;x
260;96;111;201;Jinthaalor;x
261;96;111;216;Altar of Zul;x
262;118;111;77;Agolwatha;x
263;96;111;86;Skulk Rock;x
264;163;111;219;Shaolwatha;x
265;96;111;62;Lower Jinthaalor;x
266;184;111;103;Revantusk;x
267;54;111;201;Overlook Cliffs;x
268;163;111;69;Seradane;x
269;199;73;178;Lordaeron;x
270;240;30;62;Lordamere;x
271;103;30;163;Ferry;x
272;79;30;58;South Tract;x
273;49;30;54;Shadowfang;x
274;62;30;201;Pyrewood;x
275;41;43;56;Hothills;x
276;186;184;92;Whitepetal;x
277;141;30;51;Deep Elem;x
278;219;30;206;Olsenfield;x
279;64;30;122;Undernelly;x
280;103;30;34;Dawning Isles;x
281;139;30;86;Valganfield;x
282;45;30;99;North Tide;x
283;109;30;28;Skittering Dark;x
284;92;30;178;Shining Strand;x
285;26;43;214;Crowley;x
286;208;43;214;Northwood;x
287;21;43;195;Headlands;x
288;64;43;34;Greybridge;x
289;169;43;30;Emberstone;x
290;152;43;101;Horseland;x
291;156;43;148;Aderic;x
292;193;43;99;Galewatch;x
293;133;43;24;Ashbury;x
294;251;43;36;Blackwald;x
295;251;43;156;Stormglen;x
296;81;43;15;Tempreach;x
297;148;43;124;Koroth;x
298;66;43;124;Hailwood;x
299;197;30;86;Greymane;x
300;197;30;154;Duskhaven;x
301;182;30;120;Allenfield;x
302;96;30;154;Hammondfield;x
303;41;30;161;Hayward;x
304;171;71;26;Brill;x
305;99;73;178;Nightmare Vale;x
306;120;73;73;Solliden;x
307;77;73;90;Agamand;x
308;103;71;231;Deathknell;x
309;216;71;182;Whispering Gardens;x
310;139;71;182;Venomweb;x
311;15;71;242;Balnir;x
312;17;71;41;Bastion;x
313;69;71;26;North Coast;x
314;236;152;86;Mistfall;x
315;58;210;41;Andorhal;x
316;159;210;206;Windswept;x
317;159;210;41;Cabinwood;x
318;58;210;184;Gahrron;x
319;131;210;137;Sorrow Hill;x
320;244;138;26;Caer Darrow;x
321;99;210;86;Hearthglen;x
322;208;210;56;Hearthglen Way;x
323;58;210;56;Northridge;x
324;238;178;15;Stratholme;x
325;231;178;45;Darrowshire;x
326;180;178;47;High Thondroril;x
327;88;178;111;Lower Thondroril;x
328;64;178;221;Marris;x
329;71;178;99;Crownvale;x
330;180;178;214;Fir Valley;x
331;71;178;161;Blackwood;x
332;156;178;73;Corins Crossing;x
333;184;178;54;Northdale;x
334;58;178;43;Northpass;x
335;236;184;92;Jin Yang;x
336;4;178;240;Tyrs Hand;x
337;69;178;193;Lights Hope;x
338;231;178;34;Old Glade;x
339;32;178;101;New Avalon;x
340;28;178;212;Havenshire;x
341;88;178;17;Hasic;x
342;227;178;197;Northwood_2;x
343;169;178;66;Brightdale;x
344;246;174;17;Silvermoon;x
345;15;127;131;Tranquillien;x
346;234;111;34;Goldenmist;x
347;137;111;137;Andaroth;x
348;156;111;214;Elrendar Crossing;x
349;41;111;56;Windrunner;x
350;71;111;201;Silverfury;x
351;208;111;146;Underlight;x
352;169;111;79;Ghost Forest;x
353;225;111;51;Rest Hollow;x
354;58;178;240;Thalassian Pass;x
355;159;178;69;Quellithien;x
356;21;127;30;Andilien Estate;x
357;186;111;77;Sanctum of the Sun;x
358;45;111;60;Farstrider Enclave;x
359;92;127;39;Hatchet Hills;x
360;49;111;227;Amani Pass;x
361;49;81;64;Akilzon;x
362;49;81;114;Nalorakk;x
363;178;81;184;Janalai;x
364;178;81;64;Halazzi;x
365;169;174;150;Torwatha;x
366;58;127;206;Elrendar Coast;x
367;152;174;229;Zebwatha;x
368;114;174;161;East Sanctum;x
369;161;174;21;Runestones Valley;x
370;36;174;244;Fairbreeze;x
371;216;174;66;Sunsail Anchorage;x
372;15;174;131;Goldenbough Pass;x
373;167;174;227;Tranquil Shore;x
374;34;174;79;Golden Strand;x
375;105;174;180;Falconwing Square;x
376;182;174;32;North Sanctum;x
377;146;174;39;Stillwhisper Pond;x
378;163;174;184;Duskwither Ravine;x
379;231;174;208;Dawning Lane;x
380;152;174;66;Sunstrider Isle;x
381;231;174;69;Falthrien;x
382;236;184;144;Tu Shen;x
383;236;152;126;Guo-Lai;x
384;193;152;126;Shao-Tien;x
385;236;111;49;Winterbough;x
386;236;238;126;Setting Sun;x
387;236;152;49;Sunblossom;x
388;246;101;159;Endless Spring;x
389;246;170;159;Hundred Steps;x
390;246;139;159;Spring Road;x
391;246;99;159;Leg-Zaol;x
392;212;126;90;Xuen;x
393;212;75;90;Tiger Way;x
394;17;240;122;Sunwell Plateau;x
395;54;240;19;Suns Reach;x
396;176;240;135;Dawnstar;x
397;246;240;146;Magisters Terrace;x
398;161;240;19;Greengill;x
399;234;240;227;Sattheas;x
400;135;126;245;Loch Verrall;x
401;28;105;191;The Loch;x
402;180;231;129;Thondroril River;x
403;180;146;129;Thondroril River #2;x
404;152;195;214;Thondroril River #3;x
405;28;208;139;Thondroril River #4;x
406;152;195;174;Thondroril River #5;x
407;28;161;191;Thondroril River #6;x
408;28;208;191;Darrowmere Lake;x
409;28;156;178;Darrowmere Lake #2;x
410;92;156;197;Darrowmere Lake #3;x
411;105;156;152;Lordamere Lake;x
412;135;139;156;Lordamere Lake #2;x
413;135;195;135;Lordamere Lake #3;x
414;180;227;186;Northgate River;x
415;180;227;255;Northgate River #2;x
416;94;180;231;Northgate River #3;x
417;10;180;184;Lake Elrendar;x
418;10;250;184;Lake Elrendar #2;x
419;10;199;240;North Elrendar River;x
420;10;199;131;North Elrendar River #2;x
421;79;192;174;North Elrendar River #3;x
422;10;221;184;South Elrendar River;x
423;129;163;184;South Elrendar River #2;x
424;129;195;161;South Elrendar River #3;x
425;167;144;161;South Elrendar River #4;x
426;47;191;245;Stonecairn Lake;x
427;109;176;167;Pool of Tears;x
428;178;206;250;Lake;x
429;122;250;250;Longshore;x
430;122;131;250;Longshore #2;x
431;13;250;199;Longshore #3;x
432;47;88;133;Stormwinds Shore;x
433;64;84;135;Savage Coast;x
434;64;120;135;Vile Reef;x
435;64;159;229;Nazferiti Mouth;x
436;152;84;225;South Savage Coast;x
437;39;84;225;South Savage Coast #2;x
438;212;126;122;Yinying;x
439;39;15;139;Wild Shore #2;x
440;41;49;171;Crystal Shore;x
441;41;126;171;Red Reaches;x
442;41;126;96;Red Reaches #2;x
443;13;118;212;Shattershore;x
444;47;161;141;Misty Reed Strand;x
445;47;84;141;Misty Reed Strand #2;x
446;47;84;191;Forbidding Sea;x
447;47;156;191;Forbidding Sea #2;x
448;47;156;107;Forbidding Sea #3;x
449;47;49;191;Highbank;x
450;146;182;192;Highbank #2;x
451;10;88;250;Highbank #3;x
452;10;154;250;Slithering Cove;x
453;120;186;250;Highbank #4;x
454;120;105;250;Highbank #5;x
455;178;170;250;Highbank #6;x
456;58;170;250;Highbank #7;x
457;10;201;250;Thandol Span;x
458;10;111;250;Overlook Cliffs;x
459;10;56;250;Overlook Cliffs #2;x
460;107;71;250;Overlook Cliffs #3;x
461;107;156;250;Avalons Coast;x
462;168;196;250;Avalons Coast #2;x
463;73;196;250;Avalons Coast #2;x
464;212;159;122;Yongqi;x
465;55;148;189;Amani Coast;x
466;17;88;167;Amani Coast #2;x
467;120;88;167;Amani Coast #3;x
468;43;88;167;Amani Coast #4;x
469;0;112;212;Azurebreeze Coast;x
470;110;135;156;Azurebreeze Coast #2;x
471;157;192;223;Tranquil Shore;x
472;79;192;223;Tranquil Shore #2;x
473;131;124;176;Shil-Qem;x
474;47;25;182;Tranquil Shore #4;x
475;21;199;176;Tranquil Shore #5;x
476;109;94;249;Greengill Coast;x
477;86;118;146;Greengill Coast #2;x
478;151;180;170;Binan;x
479;38;168;191;Greengill Coast #4;x
480;151;124;170;Jade Carp;x
481;62;144;167;Greengill Coast #6;x
482;75;199;133;Golden Strand;x
483;21;96;236;Shalandis Coast;x
484;21;28;236;Shalandis Coast #2;x
485;6;7;62;North Coast;x
486;103;106;182;North Coast #2;x
487;171;106;182;North Coast #3;x
488;90;106;182;North Coast #4;x
489;32;146;182;North Coast #5;x
490;41;40;167;North Tide;x
491;131;131;193;North Tide #2;x
492;180;131;193;North Tide #3;x
493;51;124;250;Galewatch Coast;x
494;10;171;250;Galewatch Coast #2;x
495;83;97;144;Galewatch Coast #3;x
496;32;97;144;Duskmist Shore;x
497;124;141;255;Duskmist Shore #2;x
498;30;24;118;Baradin Bay;x
499;151;212;170;Inkgill;x
500;10;178;250;Hillsbrad Strand;x
501;13;118;154;Hillsbrad Strand #2;x
502;90;212;170;Waterspeak;x
503;47;161;182;Drowned Reef;x
504;47;105;182;Lost Fleet;x
505;10;219;169;Menethil Bay;x
506;151;159;170;Muskpaw;x
507;212;159;170;Auburn Bluffs;x
508;182;159;122;Ruqin;x
509;182;159;170;Hakshix;x
510;81;141;236;Baradin Bay #8;x
511;105;142;201;Crestfalls Coast;x
512;182;137;170;Chow;x
513;124;141;159;Great Sea;x
514;32;141;159;Tirassian Coast;x
515;32;84;159;Tirassian Coast #2;x
516;71;51;114;Tirassian Coast #3;x
517;6;51;141;Tirassian Coast #4;x
518;6;111;178;Tirassian Coast #5;x
519;21;26;111;Tirassian Coast #6;x
520;6;36;178;Great Sea #2;x
521;47;88;178;Great Sea #3;x
522;47;88;255;Great Sea #4;x
523;21;75;111;Balors Coast;x
524;60;75;79;Balors Coast #2;x
525;9;163;255;Balors Coast #2;x
526;131;146;131;Firebough;x
527;182;94;170;Mogujia;x
528;141;186;245;Verrall River;x
529;214;118;245;Verrall River #2;x
530;135;156;245;Verrall River #3;x
531;28;208;245;Verrall River #4;x
532;28;126;245;Verrall River #5;x
533;75;199;176;Shalandis Coast #3;x
534;182;94;96;Ordo;x
535;182;94;131;August Gate;x
536;161;154;120;Kun;x
537;182;124;210;Bazaar;x
538;56;105;131;Burlap;x
539;105;109;210;One Keg;x
540;111;150;131;Rur Qug;x
541;56;150;131;East Broketooth;x
542;56;105;79;West Broketooth;x
543;56;150;92;Knucklethump;x
544;56;116;92;Dooker Dome;x
545;56;161;133;Kuker Hill;x
546;152;165;210;Howlingwind;x
547;161;75;120;Shado-Li;x
548;86;124;60;Kota Peak;x
549;161;131;120;Kota Hills;x
550;191;238;161;Winterblossom;x
551;191;238;225;Ox Gate;x
552;118;128;163;Lushat Lan;x
553;152;109;210;Ken-Thal;x
554;107;101;161;Seekers Point;x
555;191;156;161;Seekers Folly;x
556;191;112;124;Neverest;x
557;148;156;161;Cloudstrike;x
558;88;156;161;Snowdrift_2;x
559;111;54;54;Yojamba Isle;x
560;216;191;10;Mount Kajaro;x
561;180;159;153;Bilgewater;x
562;180;107;153;Gallywix;x
563;62;92;51;Kajamine;x
564;180;107;103;Loosefeet;x
565;180;92;184;Edj;x
566;180;92;116;Speedway;x
567;180;107;28;Voodress;x
568;180;51;111;Picktweak;x
569;16;75;139;Volcanoths Isle;x
570;116;75;139;Wild Isle;x
571;161;101;101;Fizzspark;x
572;161;73;137;Mudboot;x
573;174;174;174;Oomsk;x
574;174;139;174;Oorzz;x
575;67;101;101;Hozu-Mozu;x
576;116;174;174;Banana Forest;x
577;87;26;204;Vashjir;x
578;71;21;111;Vashjir #2;x
579;15;26;204;Vashjir #2;x
580;127;33;204;Vashjir #2;x
581;148;133;204;Vashjir #2;x
582;88;103;81;Zhaohtem;x
583;19;12;94;Vashjir #2;x
584;56;56;141;South Sea;x
585;1;1;1;PLACEHOLDER585;x
586;56;60;165;South Sea #3;x
587;56;118;141;South Sea #4;x
588;152;107;225;South Sea #5;x
589;30;107;96;South Sea #6;x
590;169;74;186;Cranewing;x
591;152;169;225;South Sea #7;x
592;103;107;225;South Sea #8;x
593;75;176;165;South Sea #9;x
594;30;107;225;South Sea #10;x
595;146;79;165;South Sea #11;x
596;81;79;165;South Sea #12;x
597;81;39;165;South Sea #13;x
598;146;39;165;South Sea #14;x
599;35;22;174;South Sea #15;x
600;99;99;133;South Sea #16;x
601;99;163;133;South Sea #17;x
602;25;163;133;South Sea #18;x
603;138;135;169;South Sea #19;x
604;88;103;167;Fallingblossom;x
605;116;22;88;South Sea #21;x
606;116;22;169;South Sea #22;x
607;34;22;169;South Sea #23;x
608;25;106;133;South Sea #24;x
609;1;1;2;PLACEHOLDER609;x
610;1;2;2;PLACEHOLDER610;x
611;2;2;2;PLACEHOLDER611;x
612;103;176;79;South Sea #28;x
613;103;176;165;South Sea #29;x
614;103;144;114;South Sea #30;x
615;107;167;84;Jehsed;x
616;2;2;3;PLACEHOLDER616;x
617;122;126;159;South Sea #33;x
618;171;163;133;South Sea #34;x
619;171;163;186;South Sea #35;x
620;2;3;3;PLACEHOLDER620;x
621;56;181;141;South Sea #37;x
622;156;181;141;South Sea #38;x
623;3;3;3;PLACEHOLDER623;x
624;156;103;141;South Sea #40;x
625;120;141;141;South Sea #41;x
626;3;3;4;PLACEHOLDER626;x
627;3;4;4;PLACEHOLDER627;x
628;120;90;141;South Sea #44;x
629;25;90;73;South Sea #45;x
630;25;43;133;South Sea #46;x
631;25;90;141;South Sea #47;x
632;56;103;150;South Sea #48;x
633;56;26;150;South Sea #49;x
634;114;103;88;South Sea #50;x
635;114;103;144;South Sea #51;x
636;56;103;88;South Sea #52;x
637;34;103;144;South Sea #53;x
638;105;129;144;South Sea #54;x
639;32;51;144;South Sea #55;x
640;19;30;84;South Sea #56;x
641;105;51;144;South Sea #57;x
642;109;60;165;South Sea #58;x
643;126;26;71;Vashjir #2;x
644;39;88;152;Crane Cave;x
645;56;75;96;Faerseton;x
646;99;75;169;Dandred;x
647;109;30;69;Whispering Forest;x
648;120;73;109;Glistening Shore;x
649;107;88;84;Oxtigar;x
650;107;214;148;Kun-Lai Coast;x
651;107;214;75;Dragon Nest;x
652;236;238;225;Snowblossom;x
653;199;197;191;Crystal Lake;x
654;163;184;216;Mirror Lake;x
655;189;195;191;Zulgurub Basin;x
656;199;204;206;Surwich Inlet;x
657;212;204;231;Lake Everstill;x
658;178;191;229;Lake #2;x
659;186;208;186;Lake #3;x
660;189;221;178;Mosshide Fen;x
661;184;178;236;Lake #4;x
662;107;163;219;Lake #5;x
663;103;159;180;Lake #6;x
664;111;135;186;Lake #7;x
665;122;227;201;Volorwind Lake;x
666;197;221;229;Lake #8;x
667;58;148;174;Lake #9;x
668;214;204;195;Lake #10;x
669;197;231;199;Lake #11;x
670;107;137;11;Zouchin;x
671;186;212;208;Lake #13;x
672;150;165;244;Stillwater Pond;x
673;92;107;216;Brightwater Lake;x
674;197;236;197;Lake #14;x
675;169;210;219;Blackwood Lake;x
676;214;227;234;Lake Mereldar;x
677;206;229;169;Healthy Lake;x
678;105;191;191;Lake #15;x
679;197;206;176;Lake #16;x
680;107;156;174;Lake #17;x
681;129;199;197;Lake #18;x
682;156;186;227;Lake #19;x
683;154;161;201;Lake #20;x
684;135;118;189;Lake #21;x
685;159;249;178;Lake #22;x
686;79;71;120;Redwing;x
687;114;71;120;Nayel;x
688;169;71;86;Kea Krak;x
689;95;129;32;Maisara Hills;x
690;49;47;92;Ula-Tek;x
691;49;123;92;Greenrush;x
692;199;178;186;Zulmashar;x
693;116;118;92;Abassi Coast;x
694;42;86;109;Abassi Lake;x
695;158;210;215;Icecrown;x
696;39;62;54;Utgarde;x
697;39;62;0;Halgrind;x
698;73;62;0;Ember Clutch;x
699;0;62;58;New Agamand;x
700;0;62;0;Shield Hill;x
701;94;62;54;Grarland;x
702;75;62;54;Wyrmskull Coast;x
703;69;99;54;Kamagua;x
704;69;56;54;Iskaal;x
705;88;56;54;Scalawag Point;x
706;0;62;43;Sorlofs Strand;x
707;129;62;114;Nifflevar;x
708;90;62;86;Bealgun;x
709;90;62;43;Eastern Cape;x
710;21;62;43;Ivald;x
711;118;62;43;Baleheim;x
712;81;62;114;Bleeding Vale;x
713;86;150;77;Giants Run;x
714;86;150;114;Cauldros Isle;x
715;41;150;77;Glade Forest;x
716;129;120;21;Winterhoof;x
717;62;126;107;Broken Bluffs;x
718;90;109;71;Gjalerbron;x
719;66;120;81;Rivenwood;x
720;126;109;71;Steelgate;x
721;66;120;21;Skorn;x
722;126;77;71;Chillmere;x
723;186;199;197;Cauldros Lake;x
724;101;199;197;Winters Breath Lake;x
725;101;156;197;Coldmere Lake;x
726;101;167;197;Creek River;x
727;141;156;197;Creek River #2;x
728;159;199;197;Lake #23;x
729;66;118;131;Venture Bay;x
730;66;73;131;Blackriver;x
731;150;145;52;Drakzin;x
732;113;111;39;Zebhalak;x
733;51;111;39;Silverbrook;x
734;120;111;39;Bluedome;x
735;66;161;105;Amberpine;x
736;66;161;71;Voldrune;x
737;131;122;161;Grizzlemaw;x
738;66;122;161;Rage Fang;x
739;73;120;101;Heartblood;x
740;169;122;161;Oneqwah;x
741;96;122;2;Solstice;x
742;34;64;92;Hollowstone;x
743;34;146;92;Drakatal;x
744;114;111;39;Ursden;x
745;84;174;2;Drakiljin;x
746;34;122;2;Tethys;x
747;34;122;47;Bloodmoon Isle;x
748;66;64;92;Thor Modan;x
749;114;64;92;Boulder Hills;x
750;73;62;101;Dun Argol;x
751;163;255;255;Lake #24;x
752;163;195;255;Lake #25;x
753;123;147;156;Lake #26;x
754;75;0;79;Gundrak;x
755;75;69;79;Zolheb;x
756;66;122;21;Dubrajin;x
757;75;129;79;Zolmaz;x
758;75;99;79;Mamtoth;x
759;122;84;21;Rhunok;x
760;161;122;21;Drakmabwa;x
761;122;122;21;Zimrhuk;x
762;216;69;79;Harkoa;x
763;17;101;79;Quetzlun;x
764;231;101;79;Zimtorga;x
765;191;99;79;Hebdrakkar;x
766;54;116;107;Draktharon;x
767;231;24;90;Drakuru;x
768;133;64;107;Rageclaw;x
769;167;179;111;Low Fields;x
770;231;179;111;Chagajin;x
771;133;92;43;Draksotra;x
772;133;64;43;Zimabwa;x
773;88;64;79;Drakkari Arena;x
774;133;64;146;Hebvalok;x
775;36;126;43;Sseratus;x
776;26;156;154;Rageclaw Lake;x
777;124;86;13;Wyrmrest;x
778;195;171;28;Magnadoth;x
779;69;34;99;Galakrond;x
780;124;34;13;Magnadon;x
781;47;34;126;Crystal Vice;x
782;96;131;126;Maguta;x
783;150;34;126;Dragons Fall;x
784;0;34;120;Coldwind;x
785;199;126;104;Icemist;x
786;62;71;73;Icejail;x
787;255;19;41;Tautau;x
788;199;176;169;Hamon;x
789;124;86;88;Moaki;x
790;199;86;88;Indule;x
791;62;86;88;Snowfall;x
792;133;114;75;Oghit;x
793;171;34;47;Ruby;x
794;124;92;201;Azure;x
795;11;92;0;Emerald;x
796;204;214;137;Bronze;x
797;64;15;6;Obsidian;x
798;195;122;126;Wintergarde;x
799;195;54;84;Carrion;x
800;195;126;13;Budur;x
801;195;126;103;Toncroa;x
802;195;86;13;Nokeroa;x
803;195;28;13;Eldritch;x
804;195;171;84;Jinthakalar;x
805;195;122;84;Cladurk;x
806;231;133;96;Frostfate;x
807;77;116;208;Lake Indule;x
808;30;116;208;Drakmar Lake;x
809;30;71;208;Dragonspine Tributary;x
810;30;135;180;Dragonspine Tributary #2;x
811;30;39;180;Dragonspine Tributary #3;x
812;17;39;180;Lumberjack River;x
813;86;111;180;Lumberjack River #2;x
814;106;137;223;Lumberjack Lake;x
815;141;191;238;Daggercap Bay;x
816;141;156;238;Daggercap Bay #2;x
817;146;71;120;Strand of Ancients;x
818;146;51;56;Mightstone;x
819;79;86;56;Bloodspore;x
820;79;133;56;Nasam;x
821;79;133;109;Beryl;x
822;135;133;56;Echnus;x
823;109;66;129;Farshire;x
824;62;66;129;Nasamsand;x
825;135;84;56;Randlish;x
826;135;84;135;Riplash;x
827;120;116;144;Amber Ledge;x
828;120;47;62;Kumuya;x
829;66;116;225;Lake Kumuya;x
830;64;116;144;Coldrock;x
831;17;71;225;Lake #27;x
832;111;84;21;Njord;x
833;133;126;99;Abanreach;x
834;111;47;21;Unupe;x
835;120;86;56;Lele;x
836;144;86;56;Barun;x
837;231;129;69;Hotfield;x
838;199;146;78;Scalpool;x
839;176;129;69;Springsteam;x
840;159;58;63;Magmoth;x
841;64;116;66;Steeljaw;x
842;116;84;92;Eldranath;x
843;116;84;36;Winret;x
844;116;51;36;Winterfin;x
845;131;131;30;Enkilah;x
846;184;97;63;Taunkale;x
847;219;131;30;Frozen Reach;x
848;219;88;63;Coldwall;x
849;116;51;81;Coldarra;x
850;17;208;225;Steam Springs;x
851;17;208;148;Steam Springs #2;x
852;17;99;148;Wintergrasp River;x
853;17;99;99;Frenzyheart River;x
854;17;60;99;Rainspeaker Rapids;x
855;17;60;167;Bittertide Lake;x
856;17;60;212;Seabreach Flow;x
857;17;150;212;Rivers Heart;x
858;135;131;90;Ulduar;x
859;169;129;86;Marista;x
860;114;71;86;Unga Ingoo;x
861;169;131;126;Dominance;x
862;169;99;126;Croaka;x
863;48;60;152;Dojan;x
864;133;66;92;Iahienal;x
865;30;101;54;Shen-zin;x
866;66;66;92;Zabana;x
867;66;182;92;Kwegsqoa;x
868;107;79;66;Tunkalo;x
869;111;34;90;Nidavelir;x
870;135;66;90;Snowdrift;x
871;99;66;90;Bouldercrag;x
872;54;81;90;Valkyrion;x
873;54;81;58;Rohemdal;x
874;92;45;58;Bors Breath;x
875;54;45;58;Frosthold;x
876;79;171;109;Foot Steppes;x
877;178;171;109;Arra;x
878;49;103;58;Snowblind;x
879;49;103;109;Ricket;x
880;49;47;109;Garm;x
881;214;101;51;Brunnhildar;x
882;107;47;109;Sifreldar;x
883;107;131;66;Winter Valley;x
884;107;79;150;Dun Niffelem;x
885;107;146;193;Frostfield;x
886;111;152;141;Thunderfall;x
887;107;101;116;Fjorn;x
888;137;161;51;Rainspeaker;x
889;137;116;51;Wildgrowth;x
890;28;159;107;Wintergrowth;x
891;28;116;49;Frenzyheart;x
892;75;116;49;Sapphire Hive;x
893;28;227;51;Nozronn;x
894;28;135;51;Kartak;x
895;28;227;107;Waygate;x
896;15;120;90;Krondol;x
897;120;90;24;Nesingwary;x
898;15;169;45;Gorlro;x
899;64;120;51;Splursh;x
900;64;120;90;Spearborn;x
901;137;161;99;Bonefields;x
902;137;227;51;Raincoast;x
903;28;176;81;Glumr;x
904;60;84;47;Stormwright;x
905;60;84;92;Splurmurslr;x
906;60;114;17;Gurgrl;x
907;39;131;126;Angrathar;x
908;113;146;94;Vilehold;x
909;83;129;150;Selfors;x
910;113;176;204;Berufell;x
911;113;146;204;Hoskuldsar;x
912;83;105;150;Husnar;x
913;47;97;176;Anmarkus;x
914;94;97;176;Guodalir;x
915;75;97;135;Skalmarnes;x
916;114;97;135;Silentreach;x
917;139;129;150;Aldurthar;x
918;84;92;204;Narfeyri;x
919;84;141;204;Kori;x
920;99;129;150;Ice Valley;x
921;161;94;120;Balargarde;x
922;161;94;204;Njorndar;x
923;161;141;204;Helgafjall;x
924;99;94;120;Ferstikla;x
925;113;146;137;Ymirheim;x
926;58;129;150;Holmslatr;x
927;188;188;17;Jahaqua;x
928;188;144;17;Myehona;x
929;188;122;17;Forlorn;x
930;188;88;17;Assmel;x
931;28;86;161;Decrepit Flow;x
932;83;121;161;Mirror of Twilight;x
933;30;62;54;Anglerwharf;x
934;30;62;94;Narsong;x
935;94;62;94;Sarjun;x
936;48;100;152;Thundercleft;x
937;107;101;54;Krasarang;x
938;107;131;116;Baymouth;x
939;74;90;80;Highcalere;x
940;39;131;116;Coblin;x
941;39;99;116;Garhill;x
942;39;69;116;Northcape;x
943;107;156;174;Oil Lakes;x
944;34;146;96;Jikalak;x
945;103;129;186;Hildor;x
946;103;66;94;Battokalor;x
947;103;129;94;Aiszuldo;x
948;163;165;231;Tinkerboom;x
949;119;36;121;Dragon Isles;x
950;229;165;231;Wrenchport;x
951;114;90;141;Khagrihm;x
952;114;154;141;Crowgate;x
953;182;111;107;Black Coast;x
954;135;39;51;Glaive Isle;x
955;184;39;51;Mouth of Dragon;x
956;171;141;141;Great Sea #5;x
957;152;141;141;Great Sea #6;x
958;73;141;141;Great Sea #7;x
959;242;141;141;Great Sea #8;x
960;165;141;141;Great Sea #9;x
961;84;141;141;Great Sea #10;x
962;141;141;141;Great Sea #11;x
963;141;90;141;Great Sea #12;x
964;141;39;141;Great Sea #13;x
965;141;182;141;Great Sea #14;x
966;141;212;141;Great Sea #15;x
967;141;242;141;Great Sea #16;x
968;141;114;141;Great Sea #17;x
969;141;2;141;Great Sea #18;x
970;141;30;141;Great Sea #19;x
971;99;30;141;Great Sea #20;x
972;36;30;141;Great Sea #21;x
973;6;30;141;Great Sea #22;x
974;244;30;141;Great Sea #23;x
975;189;30;141;Great Sea #24;x
976;141;141;212;Great Sea #25;x
977;141;141;236;Great Sea #26;x
978;141;141;176;Great Sea #27;x
979;141;141;88;Great Sea #28;x
980;141;141;146;Great Sea #29;x
981;141;141;94;Great Sea #30;x
982;141;141;39;Great Sea #31;x
983;141;141;0;Great Sea #32;x
984;141;141;195;Great Sea #33;x
985;36;47;212;Great Sea #34;x
986;36;139;212;Great Sea #35;x
987;36;208;212;Great Sea #36;x
988;36;208;124;Great Sea #37;x
989;36;114;212;Great Sea #38;x
990;36;114;101;Great Sea #39;x
991;36;45;101;Great Sea #40;x
992;118;45;101;Great Sea #41;x
993;116;22;17;Great Sea #42;x
994;116;163;169;Great Sea #43;x
995;116;163;216;Great Sea #44;x
996;201;163;216;Great Sea #45;x
997;34;41;144;South Sea #59;x
998;201;163;135;South Sea #60;x
999;169;94;144;South Sea #61;x
1000;118;163;135;South Sea #62;x
1001;118;216;191;South Sea #63;x
1002;90;163;133;South Sea #64;x
1003;90;111;133;South Sea #65;x
1004;69;109;174;Great Sea #46;x
1005;141;141;223;Great Sea #47;x
1006;73;30;141;Great Sea #48;x
1007;36;107;124;Great Sea #49;x
1008;150;126;156;Ahnkahet;x
1009;191;73;156;Cishazus;x
1010;141;73;156;Enrekan;x
1011;107;73;156;Cralmar;x
1012;107;111;156;Chadrakh;x
1013;191;163;156;Hadronoxzin;x
1014;191;126;156;Nurjak;x
1015;191;107;156;Brood Pit;x
1016;107;107;156;Kralrox;x
1017;47;107;156;Serjeshaik;x
1018;47;54;64;Sutrashin;x
1019;47;86;64;Ennerub;x
1020;47;45;64;Khuljil;x
1021;47;45;118;Gaerzos;x
1022;47;96;77;Kratren;x
1023;47;96;118;Mushvar;x
1024;214;62;223;Graistolis;x
1025;161;62;223;Haidrix;x
1026;114;62;223;Yimokair;x
1027;114;116;223;Enkerah;x
1028;150;156;150;Sizolrar;x
1029;150;105;150;Gakusil;x
1030;150;58;150;Anubdahak;x
1031;150;62;223;Stone Pit;x
1032;150;62;109;Hisezir;x
1033;105;62;109;Lost City;x
1034;193;62;58;Bloodground;x
1035;193;109;58;Krakthol;x
1036;193;109;92;Yulanul;x
1037;193;45;92;Nisnat;x
1038;193;116;62;Abysshard;x
1039;193;105;21;Kreshalan;x
1040;193;45;21;Kiltal;x
1041;193;13;21;Hotway;x
1042;193;13;62;Candle Pass;x
1043;193;66;92;Disease Coast;x
1044;249;66;92;Trogg Burrows;x
1045;193;21;92;Crying Shore;x
1046;118;21;92;Khainis;x
1047;118;21;36;Crimson City;x
1048;81;66;92;Baravar;x
1049;81;66;141;Dun Glade;x
1050;156;66;141;Giant Table;x
1051;201;21;36;Quiet Plateau;x
1052;201;111;36;Waxmine;x
1053;171;131;81;Doorward;x
1054;171;41;26;Amberstand;x
1055;171;96;26;Lowgarden;x
1056;244;96;26;Dun Baran;x
1057;244;137;92;Grivin;x
1058;244;124;56;Goldabar;x
1059;244;225;146;Aurum Halls;x
1060;244;225;56;Golgobar;x
1061;193;137;92;Dianas Tears;x
1062;135;165;47;Bokknock;x
1063;221;165;47;Krijen;x
1064;135;105;47;Dust Walley;x
1065;135;54;47;Gorlogor;x
1066;103;120;101;Asjavollr;x
1067;84;54;101;Earthquaker;x
1068;135;54;101;Grave River;x
1069;193;165;47;Dryearth;x
1070;135;135;47;Vordrassilarin;x
1071;135;107;47;Ursolak;x
1072;24;165;47;Diamond Coast;x
1073;24;116;47;Mossy Forest;x
1074;111;116;45;Emerald Grove;x
1075;77;165;47;Green Cape;x
1076;24;116;101;Bald Cape;x
1077;189;165;47;Sharp Ledges;x
1078;189;165;114;Dry Shore;x
1079;94;120;114;Strongkeep;x
1080;94;165;114;Stonefall;x
1081;139;120;114;Stonegate;x
1082;77;26;111;Yoggkhalia;x
1083;77;75;111;Ghurknock;x
1084;34;75;111;Farrum;x
1085;34;32;111;Sursnox;x
1086;150;62;120;Nazanak;x
1087;92;99;120;Ebon Depths;x
1088;92;43;120;Saronite Way;x
1089;101;184;163;Zebredar;x
1090;51;184;163;Webanar;x
1091;161;184;163;Grikilah;x
1092;107;214;163;Aikorrekan;x
1093;150;184;223;Dusty Island;x
1094;47;135;163;Numesnil;x
1095;21;66;223;Whisp Rift;x
1096;101;66;223;Yultomas;x
1097;101;131;223;Crystal Peaks;x
1098;101;184;223;Spider Way;x
1099;88;66;223;Havenveril;x
1100;116;66;103;Rocky Cape;x
1101;129;13;54;Hollow Earth;x
1102;92;43;54;Candle Plains;x
1103;92;30;54;Madness Pass;x
1104;92;13;54;Ratling Peninsula;x
1105;101;86;88;Khusrur;x
1106;92;86;54;Dun Ankor;x
1107;62;86;54;Spider Bridge;x
1108;150;126;223;Kazradrak;x
1109;99;126;223;Demoneye;x
1110;150;71;223;Anlakon;x
1111;35;66;182;Traritzix;x
1112;35;109;182;Angathar;x
1113;35;164;182;Maeldar;x
1114;35;66;103;Mushgurd;x
1115;24;111;124;Norkilogg;x
1116;24;148;124;Niarduk;x
1117;96;148;124;Zarjasux;x
1118;35;131;103;Umbabu;x
1119;107;111;141;Crimson Lake;x
1120;169;111;141;Bloodtears Lake;x
1121;154;111;141;Trogg Lake;x
1122;96;105;255;Swamp;x
1123;96;11;255;Swamp #2;x
1124;30;11;255;Swamp #3;x
1125;30;208;255;Swamp #4;x
1126;30;208;148;Diamond Lake;x
1127;30;208;116;Emerald Lake;x
1128;45;49;67;Boundless Reach;x
1129;18;35;57;Dark Abyss;x
1130;38;19;19;Thin Abyss;x
1131;22;16;37;Shadow Abyss;x
1132;40;38;27;Great Abyss;x
1133;29;16;57;Serpentine Abyss;x
1134;56;30;13;Shattered Abyss;x
1135;49;8;22;Forgotten Abyss;x
1136;40;16;35;Devouring Abyss;x
1137;30;24;56;Forbidden Abyss;x
1138;101;135;36;Zhu;x
1139;204;170;33;Ogudei;x
1140;30;135;36;Zhus Descent;x
1141;190;234;249;Ice Ridge;x
1142;30;178;36;Lion Cove;x
1143;234;201;108;Worlds Precipice;x
1144;237;143;151;Eanorah;x
1145;131;156;90;Korja;x
1146;169;156;126;Blacksand;x
1147;210;148;112;Fallsong;x
1148;169;94;126;Dawnchaser;x
1149;210;194;112;Horukut;x
1150;131;96;90;Gorai-Doan;x
1151;180;67;223;Absorbing Scar;x
1152;53;156;83;Distorting Scars;x
1153;233;156;151;Deep Scar;x
1154;92;111;107;Ulgrak;x
1155;225;141;58;Junkwatt;x
1156;236;212;126;Mogushan;x
1157;210;122;81;Rustbolt;x
1158;129;184;58;Scrapbone;x
1159;137;103;116;Grum;x
1160;76;156;116;Shipwreck;x
1161;150;161;161;Wintergrasp;x
1162;51;118;161;Sunken Ring;x
1163;24;96;161;Eastspark;x
1164;11;161;161;Broken Temple;x
1165;11;124;161;Chilled Quagmire;x
1166;107;137;135;Blackmane;x
1167;107;84;11;Chich-Raltan;x
1168;154;84;11;Brekshaim;x
1169;189;84;129;Shangoalor;x
1170;163;137;11;Whispercloud;x
1171;107;77;135;Makers Perch;x
1172;107;178;135;Nalaksha;x
1173;141;238;165;Korune;x
1174;236;238;165;Kardakahar;x
1175;141;208;39;Mogugar;x
1176;141;36;39;Thar-Dar;x
1177;141;124;39;Westernfog;x
1178;84;169;123;Mantivess;x
1179;84;103;66;Kadixxat;x
1180;132;141;176;Stinging Trail;x
1181;58;129;109;Song-Hun;x
1182;201;146;56;Shekzeer;x
1183;201;146;93;Karanosh;x
1184;201;109;56;Ilikkax;x
1185;35;146;84;Korvess;x
1186;35;71;84;Rikkilea;x
1187;35;114;122;Brewgarden;x
1188;193;88;56;Zanvess;x
1189;132;64;114;Hukkirlam;x
1190;132;88;56;Vekam;x
1191;201;184;93;Kypari Zar;x
1192;201;111;93;Kypari Ik;x
1193;122;184;93;Mazu;x
1194;103;77;33;Soggy;x
1195;62;77;33;Kzavexxi;x
1196;156;77;33;Star Plains;x
1197;84;73;99;Klaxxivess;x
1198;201;109;133;Writhingwood;x
1199;147;128;174;Kain-Qud;x
1200;101;152;139;Gurthan;x
1201;176;84;56;Kypari Vor;x
1202;107;36;124;Niuzao;x
1203;66;36;124;Srathik;x
1204;124;26;41;Zhalmar;x
1205;118;86;124;Vithurak;x
1206;159;86;124;Juman;x
1207;216;26;176;Sravess;x
1208;124;26;176;Kzzok;x
1209;124;26;105;Ikzka;x
1210;216;26;90;Shanze Dao;x
1211;135;26;90;Daoshan;x
1212;176;26;90;Golao;x
1213;148;36;124;Sikvess;x
1214;208;36;124;Rensai;x
1215;208;36;79;Underbough;x
1216;169;73;39;Palewind;x
1217;114;43;39;Gao-Ran;x
1218;178;43;39;Dampsoil;x
1219;178;66;39;Dusklight;x
1220;84;36;39;Bataar;x
1221;178;118;39;Burilgi;x
1222;131;73;39;Longying;x
1223;96;36;39;Osul;x
1224;163;36;39;Gai-Cho;x
1225;238;36;39;Krivess;x
1226;208;36;39;Deadtalker;x
1227;35;49;122;Ambermarsh;x
1228;35;90;122;Xom Juch;x
1229;180;71;77;Lei Shen;x
1230;180;135;77;Van Zhunod;x
1231;180;81;77;Draom Taesh;x
1232;180;81;109;Soslig Ren;x
1233;86;141;139;Diremoor;x
1234;86;101;103;Bleak Hollow;x
1235;111;81;180;Faukshed Bod;x
1236;86;63;139;Wildvine;x
1237;141;101;103;Shadewood;x
1238;41;81;180;ZaTual;x
1239;81;81;180;Ihgaluk;x
1240;34;124;39;Yulon;x
1241;184;73;109;Jadeheart;x
1242;180;73;43;Shadybranch;x
1243;180;36;43;Foxgrove;x
1244;180;90;109;Orchid;x
1245;208;73;90;Shangvale;x
1246;231;152;54;Dawnblossom;x
1247;152;122;56;Silkwood;x
1248;152;122;99;Serpenthill;x
1249;34;88;99;Arboretum;x
1250;96;62;54;Greenstone;x
1251;163;178;92;Jadeshape;x
1252;231;81;54;Young-Soo;x
1253;163;105;92;Yuzhao;x
1254;86;178;92;Sri-La;x
1255;56;152;109;Pearlfin;x
1256;56;152;54;Amberfly;x
1257;56;120;54;Moonwater;x
1258;165;152;109;Slingtail;x
1259;43;99;109;Bamboowild;x
1260;56;86;109;Sakurai;x
1261;56;114;109;Pawdon;x
1262;197;204;58;Veridian;x
1263;56;204;58;Wayward;x
1264;118;99;58;Twinspire;x
1265;56;64;109;Gormal;x
1266;96;105;54;Nectarbreeze;x
1267;107;240;109;Cho;x
1268;141;64;109;Thunderwood;x
1269;156;58;20;Chun Tian;x
1270;156;58;163;Thunderpaw;x
1271;23;146;77;Mei Li-Sa;x
1272;23;58;20;Waxwood;x
1273;231;118;171;Honeydew;x
1274;86;201;73;Spiritsong;x
1275;69;171;58;Thunderhold;x
1276;231;118;62;Fertile Copse;x
1277;231;77;103;Swirlwind;x
1278;231;54;62;Enlightenment;x
1279;150;47;96;Tigerswood;x
1280;231;54;154;Exclamation;x
1281;56;84;161;Grookin;x
1282;31;46;88;Dookin;x
1283;219;46;88;Jade Jungle;x
1284;129;46;88;Jade Overlook;x
1285;56;152;161;Jade Aerie;x
1286;81;122;99;Forest Heart;x
1287;110;165;134;Gong of Hope;x
1288;49;165;134;Chi Huandi;x
1289;231;103;54;Windward;x
1290;231;141;54;Slitherscale;x
1291;176;108;41;Sunglide;x
1292;34;109;39;Windspire;x
1293;29;114;55;Ten Thunders;x
1294;49;189;92;Tideview;x
1295;49;114;92;Gan Shi;x
1296;49;66;92;Lostwoods;x
1297;204;199;33;Halfhill;x
1298;204;225;33;Verdant Belt;x
1299;234;242;33;Heartland;x
1300;204;242;33;Gai Lan;x
1301;165;201;33;Thiefplain;x
1302;124;201;33;Stormstout;x
1303;62;146;33;Stoneplow;x
1304;90;146;33;Torjari;x
1305;62;114;33;Dustback;x
1306;98;176;52;Paoquan;x
1307;62;111;33;Singmarshes;x
1308;159;111;33;Skyrange;x
1309;159;64;33;Kunzen;x
1310;204;39;64;New Cifera;x
1311;135;39;64;Krosh;x
1312;169;39;64;Springtail;x
1313;234;201;33;Cattail;x
1314;204;118;33;Thunderfoot;x
1315;204;101;33;Sheepfield;x
1316;204;186;33;Shang;x
1317;204;88;33;Grassycline;x
1318;204;54;33;Sunsoak;x
1319;204;21;90;Silkenfield;x
1320;204;114;33;Salyin;x
1321;204;146;33;Verming;x
1322;90;90;81;Windedge;x
1323;90;114;81;Saurhollow;x
1324;169;156;186;Chi-Ji;x
1325;116;60;152;Deepwild;x
1326;47;154;245;Nazferiti River;x
1327;92;114;245;Nazferiti River #2;x
1328;114;165;245;Nazferiti River #3;x
1329;129;174;245;Nazferiti River #4;x
1330;156;210;245;Nazferiti River #5;x
1331;176;227;245;Nazferiti River #6;x
1332;156;103;245;Nazferiti River #7;x
1333;133;150;245;Nazferiti River #8;x
1334;167;171;245;Nazferiti River #9;x
1335;206;206;245;Nazferiti River #10;x
1336;118;206;245;Lake Nazferiti;x
1337;176;146;245;Nazferiti River #11;x
1338;77;114;178;North Sea;x
1339;77;62;178;North Sea #2;x
1340;189;33;96;Zin-Azshari;x
1341;21;62;178;North Sea #4;x
1342;21;144;141;North Sea #5;x
1343;21;118;227;North Sea #6;x
1344;219;49;96;Coral Forest;x
1345;21;101;141;North Sea #8;x
1346;21;176;141;North Sea #9;x
1347;21;118;92;North Sea #10;x
1348;94;118;92;North Sea #11;x
1349;49;90;165;North Sea #12;x
1350;49;118;165;North Sea #13;x
1351;114;99;178;South Seas;x
1352;180;99;178;South Seas #2;x
1353;4;4;4;PLACEHOLDER1353;x
1354;60;124;182;South Seas #4;x
1355;223;21;81;South Seas #5;x
1356;81;81;223;South Seas #6;x
1357;36;201;107;South Seas #7;x
1358;36;148;107;South Seas #8;x
1359;4;4;5;PLACEHOLDER1359;x
1360;4;5;5;PLACEHOLDER1360;x
1361;5;5;5;PLACEHOLDER1361;x
1362;36;88;182;South Seas #12;x
1363;5;5;6;PLACEHOLDER1363;x
1364;36;148;178;South Seas #14;x
1365;5;6;6;PLACEHOLDER1365;x
1366;6;6;6;PLACEHOLDER1366;x
1367;86;66;141;South Seas #17;x
1368;81;165;141;South Seas #18;x
1369;81;66;77;South Seas #19;x
1370;81;114;141;South Seas #20;x
1371;6;6;7;PLACEHOLDER1371;x
1372;90;169;184;South Seas #22;x
1373;90;94;184;South Seas #23;x
1374;90;156;184;South Seas #24;x
1375;180;99;92;South Seas #25;x
1376;180;58;92;South Seas #26;x
1377;6;7;7;PLACEHOLDER1377;x
1378;148;156;184;South Seas #28;x
1379;81;216;229;South Seas #29;x
1380;7;7;7;PLACEHOLDER1380;x
1381;7;7;8;PLACEHOLDER1381;x
1382;7;8;8;PLACEHOLDER1382;x
1383;148;81;99;South Seas #33;x
1384;8;8;8;PLACEHOLDER1384;x
1385;154;141;216;Mistveil Sea;x
1386;81;139;229;Mistveil Sea #2;x
1387;81;193;229;Mistveil Sea #3;x
1388;81;193;184;Mistveil Sea #4;x
1389;81;124;184;Mistveil Sea #5;x
1390;81;51;216;Mistveil Sea #6;x
1391;8;8;9;PLACEHOLDER1391;x
1392;8;9;9;PLACEHOLDER1392;x
1393;9;9;9;PLACEHOLDER1393;x
1394;189;208;189;Slicky Stream;x
1395;120;208;189;Slicky Stream #2;x
1396;120;141;189;Slicky Stream #3;x
1397;189;116;133;Slicky Stream #4;x
1398;189;208;133;Slicky Stream #5;x
1399;120;39;99;Slicky Stream #6;x
1400;120;39;189;Pearl Lake;x
1401;146;148;208;Spiritsong Lake;x
1402;197;141;182;Lake Kittitata;x
1403;92;73;109;Lake #60;x
1404;81;191;180;Lake #61;x
1405;81;43;180;Lake #62;x
1406;81;139;180;Lake #63;x
1407;81;43;109;Lake #64;x
1408;86;114;231;Uncharted Sea;x
1409;81;182;195;Uncharted Sea #2;x
1410;197;94;182;Uncharted Sea #3;x
1411;34;114;231;Uncharted Sea #4;x
1412;81;182;141;Uncharted Sea #5;x
1413;81;182;223;Uncharted Sea #6;x
1414;81;126;161;Narsong Trench;x
1415;9;9;10;PLACEHOLDER1415;x
1416;96;133;219;Sarjun Depths;x
1417;90;168;206;Nayeli Lagoon;x
1418;71;133;163;Nayeli Lagoon #2;x
1419;54;101;124;Nayeli Lagoon #3;x
1420;32;133;219;Nayeli Lagoon #4;x
1421;144;149;204;Nayeli Lagoon #5;x
1422;79;149;114;Nayeli Lagoon #6;x
1423;182;133;219;Nayeli Lagoon #7;x
1424;150;182;182;Dojani River;x
1425;150;122;182;Krasarang River;x
1426;150;122;107;Krasarang River #2;x
1427;88;118;182;Krasarang River #3;x
1428;90;126;152;Yan-Zhe River;x
1429;90;94;152;Yan-Zhe River #2;x
1430;43;118;182;Yan-Zhe River #3;x
1431;43;159;182;Yan-Zhe River #4;x
1432;43;90;182;Yan-Zhe River #5;x
1433;169;184;182;Yan-Zhe River #6;x
1434;169;184;225;Gilding Stream;x
1435;169;79;152;Gilded Fan;x
1436;169;126;152;Cattail Lake;x
1437;169;79;225;Pools;x
1438;146;148;109;Inkgill Mere;x
1439;187;168;154;Lake #65;x
1440;146;114;244;Lake #66;x
1441;146;212;244;Lake #67;x
1442;146;148;244;Lake #68;x
1443;79;124;124;Whitepetal Lake;x
1444;116;182;182;Pools of Power;x
1445;43;182;182;Lei Shi;x
1446;79;101;156;Lake #69;x
1447;79;51;156;Lake #70;x
1448;79;51;124;Lake #71;x
1449;79;51;227;Lake #72;x
1450;79;101;208;Lake #73;x
1451;187;101;154;Lake #74;x
1452;79;51;206;Lake of Stars;x
1453;187;168;244;Marsh #8;x
1454;189;182;201;Gokklok Shallows;x
1455;189;116;201;Gokklok Shallows #2;x
1456;60;149;204;Shelf of Mazu;x
1457;189;105;204;Shelf of Mazu #2;x
1458;116;105;204;Shelf of Mazu #3;x
1459;54;105;90;Shelf of Mazu #4;x
1460;54;54;176;Muckscale Shallows;x
1461;54;105;204;Muckscale Shallows #2;x
1462;9;10;10;PLACEHOLDER1462;x
1463;54;146;176;Gokklok Shallows #2;x
1464;165;146;99;Westersea;x
1465;69;146;99;Westersea #2;x
1466;152;69;49;Westersea #3;x
1467;148;186;189;Westersea #4;x
1468;10;10;10;PLACEHOLDER1468;x
1469;66;69;111;Westersea #6;x
1470;66;135;111;Westersea #7;x
1471;62;69;49;Westersea #8;x
1472;156;135;111;Westersea #9;x
1473;165;146;176;Westersea #10;x
1474;10;10;11;PLACEHOLDER1474;x
1475;199;146;176;Westersea #12;x
1476;79;156;184;Westersea #13;x
1477;137;79;176;Westersea #14;x
1478;73;146;176;Westersea #15;x
1479;73;79;176;Westersea #16;x
1480;69;146;191;Westersea #17;x
1481;10;11;11;PLACEHOLDER1481;x
1482;89;99;71;Westersea #19;x
1483;21;176;201;North Sea #14;x
1484;21;176;227;North Sea #15;x
1485;49;45;165;North Sea #16;x
1486;146;116;255;North Sea #17;x
1487;146;116;148;North Sea #18;x
1488;21;120;227;Frozen Sea;x
1489;88;120;227;Frozen Sea #2;x
1490;114;152;227;Frozen Sea #3;x
1491;56;152;227;Frozen Sea #4;x
1492;130;176;176;Frozen Sea #5;x
1493;146;79;148;Frozen Sea #6;x
1494;96;116;148;Frozen Sea #7;x
1495;96;79;148;Frozen Sea #8;x
1496;60;99;156;Frozen Sea #9;x
1497;60;147;156;Frozen Sea #10;x
1498;114;152;156;Frozen Sea #11;x
1499;57;91;227;Frozen Sea #12;x
1500;28;116;169;Frozen Sea #13;x
1501;28;116;101;Frozen Sea #14;x
1502;146;171;252;Frozen Sea #15;x
1503;60;116;126;Frozen Sea #16;x
1504;96;116;189;Frozen Sea #17;x
1505;130;176;227;Frozen Sea #18;x
1506;130;92;99;Frozen Sea #19;x
1507;130;92;180;Frozen Sea #20;x
1508;130;149;180;Frozen Sea #21;x
1509;85;111;180;Frozen Sea #22;x
1510;49;92;180;Frozen Sea #23;x
1511;49;92;107;Frozen Sea #24;x
1512;88;92;107;FrozenSea;x
1513;88;139;137;Moaki Harbor;x
1514;141;139;137;Kiliuas Atoll;x
1515;141;156;214;Coldwind Bay;x
1516;141;94;214;Frozen Sea #25;x
1517;141;126;214;Frozen Sea #26;x
1518;81;126;214;Frozen Sea #27;x
1519;118;126;214;Frozen Sea #28;x
1520;96;126;214;Strait of Coldarra;x
1521;52;126;214;Glimmer Bay;x
1522;52;137;214;Frozen Sea #29;x
1523;52;178;214;Frozen Sea #30;x
1524;52;217;214;Seabreach Coast;x
1525;96;49;96;Eternal Palace;x
1526;122;236;215;Seabreach Coast #3;x
1527;122;247;215;Coast of Conquests;x
1528;96;161;167;Azsharas Spears;x
1529;191;247;192;Coast of Conquests #2;x
1530;221;247;192;Coast of Conquests #3;x
1531;154;247;192;Coast of Conquests #4;x
1532;96;141;167;Hanging Reef;x
1533;122;141;215;Onslaught Bay;x
1534;122;122;174;North Sea #19;x
1535;122;72;174;North Sea #20;x
1536;71;72;174;North Sea #21;x
1537;95;72;116;Hrothgar Pass;x
1538;96;49;167;Ashen Strand;x
1539;66;141;124;Heart;x
1540;95;128;83;Hrothgar Pass #4;x
1541;152;96;214;Zumbshari;x
1542;33;72;174;North Sea #22;x
1543;66;141;64;Tide Maw;x
1544;34;119;174;North Sea #24;x
1545;90;119;174;North Sea #25;x
1546;159;119;174;North Sea #26;x
1547;103;167;174;North Sea #27;x
1548;103;107;101;North Sea #28;x
1549;103;107;180;North Sea #29;x
1550;30;107;180;North Sea #30;x
1551;30;54;180;North Sea #31;x
1552;118;54;180;North Sea #32;x
1553;30;141;180;North Sea #33;x
1554;30;77;180;North Sea #34;x
1555;21;131;176;North Sea #35;x
1556;21;77;176;North Sea #36;x
1557;122;109;107;Boiling Terrace;x
1558;122;62;107;Drowned Reaches;x
1559;234;109;124;Ramkahen;x
1560;255;28;71;Neferset;x
1561;255;212;88;Tolnariv;x
1562;186;212;88;Dulized;x
1563;195;126;88;Sunstone;x
1564;138;96;89;Khartut;x
1565;138;146;89;Nahom;x
1566;90;96;89;Tammano;x
1567;141;184;131;Akhenet;x
1568;234;171;124;Marat;x
1569;122;21;107;Gishan Caverns;x
1570;234;109;73;Tahret;x
1571;234;184;131;Phedathi;x
1572;135;109;124;Sahket;x
1573;135;191;124;Helhuvip;x
1574;116;171;124;Orsis;x
1575;165;107;124;Ammon;x
1576;54;71;94;Ta-Kemet;x
1577;64;107;124;Anbarhan;x
1578;39;171;124;Khintaset;x
1579;64;60;124;Virsar;x
1580;99;109;73;Moonsuph;x
1581;103;60;124;Aamsk;x
1582;255;28;26;South Wind;x
1583;124;28;26;Kubitis;x
1584;154;0;71;Sunwatcher;x
1585;124;92;26;Sunsuph;x
1586;255;124;88;Asova;x
1587;255;58;71;Hamatep;x
1588;255;137;135;Oorf;x
1589;189;33;165;Barren Atoll;x
1590;152;96;152;Scintal Reef;x
1591;148;94;0;Zulfarrak;x
1592;236;229;0;Gadgetzan;x
1593;227;186;0;Waterspring;x
1594;208;152;118;Sandsnipe;x
1595;208;109;118;Wavestrider;x
1596;208;152;0;Noonshade;x
1597;195;189;0;Sandsorrow;x
1598;195;101;0;Wagtan;x
1599;236;229;148;Noxious;x
1600;255;163;81;Dunemaul;x
1601;255;163;195;Caverns of Time;x
1602;255;163;129;Volund;x
1603;214;79;0;Rniasass;x
1604;167;162;105;Jagtar;x
1605;182;163;79;Nviamas;x
1606;182;163;129;Southbreak;x
1607;114;79;0;Allaeis;x
1608;195;84;92;Thistleshrub;x
1609;201;219;193;Uldum;x
1610;141;135;0;Southmoon;x
1611;227;135;0;Eastmoon;x
1612;45;166;52;Southpoint_2;x
1613;90;38;216;Ahnqiraj;x
1614;129;66;197;Murcevin;x
1615;86;115;225;Staghelm;x
1616;208;60;197;Valor;x
1617;102;72;141;Hiveashi;x
1618;58;72;141;Crystalvale;x
1619;56;39;77;Ishrak;x
1620;109;21;69;Hivezora;x
1621;156;49;135;Waterscar;x
1622;96;66;152;Scarab Wall;x
1623;96;66;221;Haasra;x
1624;45;31;103;Ashakx;x
1625;111;31;103;Hiveregal;x
1626;208;101;197;Xernannoss;x
1627;129;101;197;Southwind;x
1628;41;38;216;Skerezziz;x
1629;56;127;216;Tugrann;x
1630;129;127;216;Kagram;x
1631;0;161;84;Eldrethalas;x
1632;0;193;154;Avalune;x
1633;0;105;84;Warpwood;x
1634;114;105;84;Dumont;x
1635;0;84;106;Estulan;x
1636;0;86;77;Ishelean;x
1637;81;81;51;Frayfeather;x
1638;0;129;51;Isildien;x
1639;86;84;106;Elunar;x
1640;114;184;80;Sardor;x
1641;43;184;129;Wyhelly;x
1642;34;167;41;Ravenwind;x
1643;34;69;80;Ataya;x
1644;49;120;80;Oneiros;x
1645;107;120;80;Fehis;x
1646;101;69;80;Esossa;x
1647;189;167;41;Eldratir;x
1648;76;138;75;Mojache;x
1649;39;138;37;Phellu;x
1650;79;144;9;Lariss;x
1651;87;184;9;Cifonill;x
1652;0;75;37;Woodpaw;x
1653;39;75;37;Shadebough;x
1654;0;41;37;Darkmist;x
1655;50;81;131;Emyilond;x
1656;124;81;131;Asannaes;x
1657;92;103;37;Arnluma;x
1658;167;186;67;Skypeak;x
1659;174;36;4;Ethok;x
1660;148;36;45;Whitereach;x
1661;131;0;30;Wahkan;x
1662;99;36;45;Highperch;x
1663;54;0;49;Darkcloud;x
1664;124;43;88;Segenam;x
1665;122;71;9;Splithoof;x
1666;163;30;9;Freewind;x
1667;103;30;9;Windbreak;x
1668;103;69;9;Ironstone;x
1669;197;0;30;Mirage;x
1670;120;88;30;Weazel;x
1671;120;43;30;Rustmaul;x
1672;197;109;58;Tahonda;x
1673;146;17;58;Saltysand;x
1674;118;66;84;Shobassa;x
1675;58;66;84;Kragrak;x
1676;236;101;84;Candlegor;x
1677;137;32;121;Sun Aerie;x
1678;137;95;121;Bulwark;x
1679;189;95;121;Jambarrak;x
1680;189;132;124;Maraudon;x
1681;189;154;149;Dhezgih;x
1682;189;183;149;Gelkis;x
1683;133;183;149;Sartheris;x
1684;98;183;126;Shadowprey;x
1685;214;183;116;Mannoroc;x
1686;246;183;86;Dhurrah;x
1687;246;206;192;Kormek;x
1688;193;206;192;Khelnin;x
1689;120;128;150;Magram;x
1690;229;184;182;Shadowbreak;x
1691;193;206;242;Shirres;x
1692;120;184;150;Kolkar;x
1693;92;152;110;Sargeron;x
1694;152;94;110;Nijel;x
1695;135;94;110;Tethris Aran;x
1696;96;94;110;Thunder Axe;x
1697;51;94;110;Rhuhnas;x
1698;152;159;135;Ethel Rethor;x
1699;62;159;135;Ranazjar;x
1700;214;99;58;Orgrimmar;x
1701;146;99;58;Spiritvale;x
1702;148;56;90;Rocktusk;x
1703;105;86;23;Bladefist;x
1704;229;26;0;Razor Hill;x
1705;133;24;17;Drygulch;x
1706;186;66;62;Thunderwish;x
1707;122;66;0;Blackblood;x
1708;193;66;0;Razormane;x
1709;182;54;0;Sarkoth;x
1710;182;106;0;Bladescar;x
1711;126;26;0;Senjin;x
1712;126;73;0;Southwatch;x
1713;126;174;0;Geruzh;x
1714;146;189;58;Echo Isle;x
1715;206;189;58;Spitescale;x
1716;206;114;58;Bloodtalon;x
1717;141;150;128;Crossroads;x
1718;141;101;128;Gold Road;x
1719;219;188;154;Ratchet;x
1720;92;150;128;Thorn Hill;x
1721;171;133;156;Shehras;x
1722;129;133;156;Lushwater;x
1723;88;133;156;Wailing;x
1724;146;90;62;Dreadmist;x
1725;34;56;62;Dry Hills;x
1726;118;90;62;Dazgok;x
1727;204;135;62;Deadlock;x
1728;146;56;62;Morshan;x
1729;146;36;62;Groldom;x
1730;131;141;62;Chanlelle;x
1731;79;103;62;Tulgam;x
1732;84;36;62;Southfury;x
1733;96;141;62;Stone Hill;x
1734;152;112;65;Taurajo;x
1735;73;68;39;Agamagor;x
1736;120;112;65;Bramblescar;x
1737;210;197;90;Wudotta;x
1738;210;154;90;Battlescar;x
1739;124;75;42;Downs;x
1740;184;111;42;Quildown;x
1741;184;75;42;Razorfen;x
1742;210;131;90;Blackthorn;x
1743;210;159;42;Baeldun;x
1744;184;148;42;Spearhead;x
1745;129;75;42;Agamagar;x
1746;174;41;42;Brambleblade;x
1747;81;112;65;Nittawosew;x
1748;141;79;65;Northwatch;x
1749;92;79;65;Hungozh;x
1750;169;116;65;Fray;x
1751;216;210;238;Thunder Bluff;x
1752;216;184;238;Sequoia;x
1753;216;184;163;Soyala;x
1754;159;184;163;Shuman;x
1755;159;124;150;Narache;x
1756;114;101;150;Fargaze;x
1757;120;124;150;Battleboar;x
1758;60;161;126;Palemane;x
1759;43;105;84;Thunderhorn;x
1760;201;105;84;Dalsh-Beran;x
1761;163;105;84;Bloodhoof;x
1762;163;62;114;Waterhoof;x
1763;114;161;126;Shaibi;x
1764;171;197;66;Cocheta;x
1765;156;45;60;Orenda;x
1766;73;45;60;Windfury;x
1767;126;45;60;Sungraze;x
1768;163;108;135;Grassmount;x
1769;162;109;174;Hot Springs;x
1770;163;108;84;Redrock;x
1771;111;51;21;Greatwood;x
1772;111;96;21;Malakajin;x
1773;191;131;21;Aparaje;x
1774;111;107;21;Ruggok;x
1775;60;96;21;Boulderslide;x
1776;69;51;114;Farview;x
1777;69;210;124;Webwinder;x
1778;69;141;66;Sishir;x
1779;69;73;94;Sun Rock;x
1780;133;0;212;Nokomis;x
1781;120;141;66;Eldrethar;x
1782;21;73;94;Fallowmere;x
1783;94;214;139;Windshear;x
1784;53;120;78;Talondeep;x
1785;94;214;21;Windshear_2;x
1786;216;234;21;Cragpool;x
1787;66;43;94;Stonetalon;x
1788;66;43;15;Talon Den;x
1789;139;131;94;Arculla;x
1790;69;131;94;Mirkfallon;x
1791;139;43;94;Cliffwalker;x
1792;124;0;15;Thaldarah;x
1793;227;0;212;Thal Grove;x
1794;227;0;156;Farwatch;x
1795;227;0;28;Ponisuk;x
1796;124;120;15;Lesturrom;x
1797;58;79;135;Theramore;x
1798;58;79;111;Alcaz;x
1799;58;79;201;Dreadmurk;x
1800;58;114;111;Sentry Point;x
1801;126;114;111;Swamplight;x
1802;71;150;111;Witch Hill;x
1803;115;111;180;Blackhoof;x
1804;163;111;180;Bluefen;x
1805;111;156;180;Darkmist_2;x
1806;161;156;180;Brackenwall;x
1807;71;69;111;Shadowhoof;x
1808;144;120;45;Quagmire;x
1809;77;120;45;Direhorn;x
1810;77;120;180;Shady Rest;x
1811;77;120;90;Lost Point;x
1812;77;69;45;Beezil;x
1813;152;148;152;Makaru;x
1814;131;69;45;Fersodra;x
1815;77;47;64;Wyrmbog;x
1816;77;86;86;Mudsprocket;x
1817;77;210;120;Zertixia;x
1818;77;122;45;Dragonmurk;x
1819;103;161;0;Astranaar;x
1820;64;32;88;Maestra;x
1821;255;194;0;Thistlefur;x
1822;212;161;0;Iris Valley;x
1823;84;116;199;Stardust;x
1824;139;116;199;Nighttalon;x
1825;122;32;0;Fire Scar;x
1826;122;194;0;Aessina;x
1827;139;174;199;Silverwind;x
1828;19;120;90;Greenpaw;x
1829;212;71;141;Ealnow;x
1830;86;45;90;Bloodtooth;x
1831;71;120;90;Raynewood;x
1832;139;174;90;Moonvalley;x
1833;11;120;53;Howling Vale;x
1834;11;120;120;Highroad;x
1835;40;109;62;Bloodfen;x
1836;154;43;86;Shady Nook;x
1837;133;120;90;Xavian;x
1838;133;45;90;Night Run;x
1839;133;178;90;Satyrnaar;x
1840;133;86;90;Silverwing;x
1841;167;74;90;Falfarren;x
1842;133;156;90;Dordanil;x
1843;62;86;90;Splintertree;x
1844;28;94;90;Green Hill;x
1845;28;178;90;Nightsong;x
1846;47;159;152;Night Canyon;x
1847;28;178;135;Ashengard;x
1848;133;120;169;Forest Song;x
1849;133;120;210;Bough Shadow;x
1850;64;167;139;Ordilaran;x
1851;64;114;88;Falathim;x
1852;64;103;139;Bathran;x
1853;159;103;139;Zoram;x
1854;159;186;139;Blackfathom;x
1855;216;178;99;Shadowsong;x
1856;227;105;69;Haldarr;x
1857;216;135;99;Forlorn_2;x
1858;216;92;66;Xonulzis;x
1859;227;105;126;Atelanor;x
1860;197;167;115;Woodscream;x
1861;167;30;21;Zin-Malor;x
1862;167;84;21;Eldarath;x
1863;167;160;135;Southridge;x
1864;219;209;177;Bjorrmr;x
1865;219;209;75;Storm Isles;x
1866;219;209;178;Hetaera;x
1867;167;56;122;Blackmaw;x
1868;167;56;26;Gorokie;x
1869;148;105;69;Valormok;x
1870;167;101;122;Ursolan;x
1871;167;101;58;Nendis;x
1872;167;77;47;Legash;x
1873;206;64;21;Nordressa;x
1874;167;15;58;Sable Ridge;x
1875;148;105;195;Arkkoran;x
1876;148;159;96;Eldara;x
1877;227;105;195;Jagged Reef;x
1878;167;77;34;Ravencrest;x
1879;167;77;66;Jozaes;x
1880;167;45;66;Xemrir;x
1881;167;96;66;Grim Ulang;x
1882;81;15;58;Bilgetrade;x
1883;135;60;105;Auberdine;x
1884;124;103;105;Long Wash;x
1885;71;103;105;Darkshore;x
1886;139;108;84;Bashalaran;x
1887;47;108;84;Lordanel;x
1888;139;108;189;Mists Edge;x
1889;47;225;146;Mathystra;x
1890;47;108;146;Cliffspring;x
1891;135;225;146;Fathom Bay;x
1892;47;137;146;Shatterspear;x
1893;31;90;96;Mugjamba;x
1894;62;62;105;Ametharan;x
1895;124;62;105;Phullila;x
1896;124;84;105;Thethiru;x
1897;0;118;105;Blackwood_2;x
1898;0;84;163;Nevedre;x
1899;0;84;105;Tassik;x
1900;94;58;66;Morlosaran;x
1901;94;116;66;Deadwood;x
1902;41;58;66;Enle;x
1903;116;94;0;Emeraran;x
1904;116;94;69;Constellas;x
1905;116;94;120;Jaedenar;x
1906;58;94;120;Bloodpost;x
1907;171;163;120;Kevaen;x
1908;146;201;178;Irontree;x
1909;199;82;138;Jadefire;x
1910;124;51;86;Whisperwind;x
1911;0;141;86;Green Vale;x
1912;150;114;77;Timbermaw;x
1913;100;137;121;Talonbranch;x
1914;150;191;77;Moonpaw;x
1915;84;107;178;Ursamaw;x
1916;75;191;176;Nighthaven;x
1917;150;191;176;Remulos;x
1918;105;101;142;Dulvarinn;x
1919;16;101;142;Stormrage;x
1920;150;191;116;Cenarius;x
1921;107;133;146;Nordrassil;x
1922;210;133;146;Janystaea;x
1923;210;197;146;Nordlazar;x
1924;111;197;77;Lardonir;x
1925;111;197;146;Sehyaeth;x
1926;111;137;146;Sithenn;x
1927;111;84;146;Sildinas;x
1928;66;124;146;Thendyvis;x
1929;66;84;146;Jillaei;x
1930;90;169;146;Aviana;x
1931;111;129;146;Aessina_2;x
1932;78;129;146;Wumaei;x
1933;111;129;81;Citil;x
1934;150;103;49;Malorne;x
1935;180;152;118;Regrowth;x
1936;137;152;118;Nordune;x
1937;99;163;49;Kaldoran;x
1938;186;163;49;Ketedin;x
1939;150;163;49;Ashenplain;x
1940;118;103;49;Jamba;x
1941;99;163;163;Thimil;x
1942;54;120;66;Elunar_2;x
1943;54;26;135;Stonevalley;x
1944;54;178;120;Ungava;x
1945;54;62;135;Halliim;x
1946;54;133;120;Sothann;x
1947;99;148;182;Timberpoof;x
1948;150;148;182;Hot Springs_2;x
1949;99;124;182;Timberlair;x
1950;96;148;182;Keltheril;x
1951;96;105;182;Snowdaril;x
1952;96;186;182;Starfall;x
1953;96;186;120;Naedanar;x
1954;171;156;156;Snowfang;x
1955;171;111;156;Huthenra;x
1956;21;86;94;Winterfall;x
1957;71;156;156;Cadrellaen;x
1958;96;186;223;Frostsaber;x
1959;96;156;223;Frosthold_2;x
1960;96;124;223;Dunbur;x
1961;96;146;206;Mazthoril;x
1962;96;238;163;Everlook;x
1963;96;79;206;Isitann;x
1964;171;229;199;Dun Mandarr;x
1965;171;126;135;Owlwing;x
1966;54;126;135;Frostwhisper;x
1967;200;227;111;Bwonalor;x
1968;200;227;163;Shadradar;x
1969;99;96;49;Uganga;x
1970;124;141;69;Shadow Rock;x
1971;124;141;101;Iknal;x
1972;34;141;60;Lenalli;x
1973;90;141;146;Darnassus;x
1974;90;90;116;Dolanaar;x
1975;90;141;116;Starbreeze;x
1976;90;141;60;Shadowglen;x
1977;148;99;94;Valaar;x
1978;148;58;139;Bristlelimb;x
1979;171;92;139;Moongraze;x
1980;148;45;94;Emberglade;x
1981;171;133;139;Ammen Vale;x
1982;148;58;94;Silvermyst;x
1983;148;45;41;Wrathscale;x
1984;107;133;169;Ragefeather;x
1985;167;19;64;Mystwood;x
1986;107;84;111;Axxarien;x
1987;107;62;169;Bladewood;x
1988;81;19;64;Amberweb;x
1989;107;191;64;Wyrmscar;x
1990;34;84;111;Bloodcurse;x
1991;96;165;96;Vashjir Atoll;x
1992;96;208;96;Vashjir Spit;x
1993;64;2;3;Sand Peak;x
1994;11;11;11;PLACEHOLDER1994;x
1995;11;11;12;PLACEHOLDER1995;x
1996;36;11;0;Maraudon Hills;x
1997;124;49;15;Stonetalon Mountains;x
1998;11;12;12;PLACEHOLDER1998;x
1999;12;12;12;PLACEHOLDER1999;x
2000;12;12;13;PLACEHOLDER2000;x
2001;88;63;77;Hyjal;x
2002;81;24;77;Hyjal #2;x
2003;81;81;77;Hyjal #3;x
2004;34;81;77;Hyjal #4;x
2005;36;63;137;Hyjal #5;x
2006;139;63;77;Hyjal #6;x
2007;54;38;36;Hyjal #7;x
2008;57;70;77;Hyjal #8;x
2009;36;63;77;Hyjal #9;x
2010;99;53;141;Virnaal River;x
2011;49;111;141;Virnaal Lake;x
2012;99;34;231;Virnaal Delta;x
2013;177;212;212;Virsar Lake;x
2014;69;111;141;Lake #28;x
2015;118;111;141;Lake #29;x
2016;64;61;77;Lake #30;x
2017;177;167;212;Lake #31;x
2018;128;122;154;Marsh;x
2019;53;51;64;Oil Lakes #2;x
2020;114;51;64;Lake #32;x
2021;83;152;135;Lake #33;x
2022;62;177;223;Lake Dumont;x
2023;43;122;154;Jademir Lake;x
2024;255;156;255;Stonebull Lake;x
2025;96;255;255;Lake #34;x
2026;163;255;255;Lake #35;x
2027;28;171;255;Lake #36;x
2028;73;114;156;Lake #37;x
2029;13;60;156;Lake #38;x
2030;43;73;154;Lake #39;x
2031;11;73;154;Lake #40;x
2032;144;73;154;Lake #41;x
2033;28;180;154;Lake #42;x
2034;253;248;241;Mirkfallon Lake;x
2035;216;234;199;Cragpool Lake;x
2036;52;153;163;Astranaar Lake;x
2037;146;144;238;Stardust Lake;x
2038;66;191;204;Mystral Lake;x
2039;66;32;204;Falfarren Lake;x
2040;66;103;204;Fallen Sky Lake;x
2041;66;204;204;Lake #43;x
2042;66;204;234;Lake #44;x
2043;146;144;165;Lake #45;x
2044;66;62;234;Lake Mennar;x
2045;178;144;238;Lake #46;x
2046;124;144;238;Wildbend Lake;x
2047;47;144;238;Wildbend Lake #2;x
2048;178;189;238;Lake #47;x
2049;60;181;208;Lake #48;x
2050;156;181;208;Lake #49;x
2051;234;181;208;Lake Eluneara;x
2052;236;109;163;Well of Eternity;x
2053;120;109;163;Lake Edunel;x
2054;79;109;163;Ashen Lake;x
2055;158;204;204;Lake #50;x
2056;79;227;163;Darksotra Lake;x
2057;70;47;163;Lake #51;x
2058;73;54;176;Lake #52;x
2059;73;86;176;Lake #53;x
2060;73;86;94;Lake #54;x
2061;73;86;141;Lake #55;x
2062;39;108;201;Marsh #2;x
2063;124;108;201;Lake #56;x
2064;130;177;201;Marsh #3;x
2065;130;177;126;Marsh #4;x
2066;130;93;126;Marsh #5;x
2067;62;93;126;Marsh #6;x
2068;62;61;126;Marsh #7;x
2069;39;108;125;Merchant Bay;x
2070;39;78;125;Southfury River;x
2071;40;120;125;Southfury River #2;x
2072;69;169;125;Southfury River #3;x
2073;40;116;125;Southfury River #4;x
2074;40;116;68;Southfury River #5;x
2075;40;116;195;Southfury River #6;x
2076;40;187;195;Southfury River #7;x
2077;111;167;21;Ungoro;x
2078;21;77;116;North Sea #39;x
2079;116;77;116;North Sea #40;x
2080;21;144;178;North Sea #41;x
2081;21;118;137;North Sea #42;x
2082;144;114;178;North Sea #43;x
2083;56;169;227;Ancients Bay;x
2084;56;169;169;Ancients Bay #2;x
2085;56;107;169;Ancients Bay #3;x
2086;81;223;197;Frozen Sea #31;x
2087;148;184;101;Frozen Sea #32;x
2088;255;122;120;Frozen Sea #33;x
2089;32;184;101;Frozen Sea #34;x
2090;206;223;197;Frozen Sea #35;x
2091;56;103;77;Frozen Sea #36;x
2092;92;137;148;Frozen Sea #37;x
2093;92;137;81;Frozen Sea #38;x
2094;92;137;214;Frozen Sea #39;x
2095;206;159;156;Frozen Sea #40;x
2096;91;111;118;Frozen Sea #41;x
2097;135;159;156;Frozen Sea #42;x
2098;135;101;156;North Sea #44;x
2099;58;84;118;North Sea #45;x
2100;58;180;156;North Sea #46;x
2101;58;84;206;North Sea #47;x
2102;58;120;156;North Sea #48;x
2103;58;120;101;North Sea #49;x
2104;214;133;103;Great Sea #50;x
2105;214;77;169;Great Sea #51;x
2106;214;154;81;Great Sea #52;x
2107;135;81;81;Great Sea #53;x
2108;92;81;81;Great Sea #54;x
2109;135;154;81;Great Sea #55;x
2110;214;77;81;Great Sea #56;x
2111;91;66;118;Great Sea #57;x
2112;68;104;186;Great Sea #58;x
2113;43;66;118;Great Sea #59;x
2114;41;132;236;Great Sea #60;x
2115;58;45;101;Great Sea #61;x
2116;75;96;133;Great Sea #62;x
2117;75;195;229;Great Sea #63;x
2118;75;234;229;Great Sea #64;x
2119;41;182;109;Great Sea #65;x
2120;58;161;206;Great Sea #66;x
2121;41;182;236;Great Sea #67;x
2122;96;81;120;Bay of Storms;x
2123;96;107;163;Coral Sea;x
2124;96;43;120;Coral Sea #2;x
2125;96;81;171;Coral Sea #3;x
2126;201;146;135;Great Sea #68;x
2127;62;107;189;Great Sea #69;x
2128;62;107;131;Great Sea #70;x
2129;118;146;189;Great Sea #71;x
2130;91;156;191;Great Sea #72;x
2131;91;111;191;Great Sea #73;x
2132;165;103;118;Deadeye Shore;x
2133;96;122;171;Bladefist;x
2134;91;195;141;Geruzh;x
2135;91;101;141;Merchant Sea;x
2136;91;101;69;Dreadmurk Sea;x
2137;91;195;221;Dreadmurk Sea #2;x
2138;91;101;156;Dreadmurk Sea #3;x
2139;12;13;13;PLACEHOLDER2139;x
2140;13;13;13;PLACEHOLDER2140;x
2141;165;191;118;South Sea #66;x
2142;41;130;171;South Sea #67;x
2143;41;130;105;South Sea #68;x
2144;116;130;105;South Sea #69;x
2145;36;135;152;South Sea #70;x
2146;116;130;191;South Sea #71;x
2147;115;80;190;South Sea #72;x
2148;115;80;118;South Sea #73;x
2149;115;135;152;South Sea #74;x
2150;13;13;14;PLACEHOLDER2150;x
2151;36;60;152;Veiled Sea #2;x
2152;36;133;152;Veiled Sea #3;x
2153;36;73;81;Veiled Sea #4;x
2154;111;73;81;Veiled Sea #5;x
2155;191;125;139;Veiled Sea #6;x
2156;231;151;169;Veiled Sea #7;x
2157;180;151;169;Veiled Sea #8;x
2158;180;184;169;Veiled Sea #9;x
2159;141;184;169;Veiled Sea #10;x
2160;141;129;169;Veiled Sea #11;x
2161;32;43;120;Veiled Sea #12;x
2162;150;43;120;Long Wash;x
2163;150;114;120;Long Wash #2;x
2164;150;169;178;Long Wash #3;x
2165;150;169;118;Long Wash #4;x
2166;150;120;118;Long Wash #5;x
2167;75;120;118;Long Wash #6;x
2168;75;195;118;North Sea #50;x
2169;75;195;167;North Sea #51;x
2170;64;47;118;Veiled Sea #13;x
2171;64;135;118;Veiled Sea #14;x
2172;75;141;229;Veiled Sea #15;x
2173;13;14;14;PLACEHOLDER2173;x
2174;141;135;182;Veiled Sea #17;x
2175;141;135;36;Veiled Sea #18;x
2176;141;135;118;Veiled Sea #19;x
2177;75;96;114;Veiled Sea #20;x
2178;75;96;182;Veiled Sea #21;x
2179;36;216;30;Boralus;x
2180;75;135;182;Veiled Sea #23;x
2181;178;135;182;Veiled Sea #24;x
2182;95;135;140;Veiled Sea #25;x
2183;184;114;58;Hatherford;x
2184;144;156;58;Norwington;x
2185;184;152;58;Anglepoint;x
2186;94;96;58;Bridgeport;x
2187;94;96;118;Kennings Hills;x
2188;114;116;118;Vigil Isle;x
2189;169;27;70;Freehold;x
2190;94;156;118;Fizzsprings;x
2191;184;103;126;Corlain;x
2192;86;141;126;Crimson Forest;x
2193;86;43;126;Arom;x
2194;86;103;126;Gol Osigr;x
2195;124;146;137;Gol Koval;x
2196;184;129;118;Fallhaven;x
2197;184;90;39;Barbthorn;x
2198;184;216;201;Fletcher;x
2199;31;169;129;Brennadam;x
2200;191;212;64;Mariner;x
2201;116;169;129;Sagehold;x
2202;116;101;129;Storm Isle;x
2203;31;216;129;Mildenhall;x
2204;178;135;64;Briaback;x
2205;54;212;64;Tidebreak;x
2206;116;169;64;Drowned Lands;x
2207;31;231;129;Seabreeze;x
2208;86;126;58;Zuldare;x
2209;184;51;58;Fates End;x
2210;120;111;208;Tol Barad;x
2211;206;60;107;Tol Barad Peninsula;x
2212;120;111;90;Crestfall;x
2213;120;54;90;Tol Ronal;x
2214;225;216;58;Tol Dagor;x
2215;176;71;81;Frostsabre;x
2216;176;216;195;Havenswood;x
2217;71;178;216;Balor;x
2218;176;116;81;Darkmoon Island;x
2219;86;139;66;Starfall_2;x
2220;86;58;66;Forlorn_3;x
2221;120;58;126;Jinkalak;x
2222;189;58;66;Northpoint;x
2223;120;58;66;Swale;x
2224;120;109;126;Roaring Wilds;x
2225;86;139;148;Polder Crag;x
2226;208;139;148;Basilisk Islands;x
2227;133;69;66;Lapidis Island;x
2228;197;212;199;Gillijim;x
2229;133;141;66;Ungol;x
2230;77;141;66;Kunza-Kunza;x
2231;77;84;66;Whispering Reef;x
2232;111;0;0;Dazaralor;x
2233;111;86;51;Zanchul;x
2234;146;165;71;Talgurub;x
2235;146;118;71;Rezan;x
2236;71;206;109;Kraal;x
2237;146;96;71;Pinukue;x
2238;96;96;71;Zebahari;x
2239;54;96;71;Atalgral;x
2240;199;90;118;Dreadpearl;x
2241;199;41;34;Tusk Isle;x
2242;165;79;34;Fang Isle;x
2243;75;126;51;Ataldazar;x
2244;101;49;51;Sisgone;x
2245;39;92;51;Rastari;x
2246;75;193;114;Xibala;x
2247;169;129;114;Bonanza;x
2248;75;86;51;Trahumut;x
2249;141;39;62;Mugamba;x
2250;90;94;92;Zulnazman;x
2251;79;88;86;Nazwatha;x
2252;67;118;115;Nathavor;x
2253;79;51;86;Frogmarsh;x
2254;137;118;115;Torga;x
2255;47;92;39;Necropolis;x
2256;111;92;39;Zuljan;x
2257;54;56;39;Kelvax;x
2258;111;56;39;Shoaljai;x
2259;111;146;39;Tojek;x
2260;109;69;92;Sethraliss;x
2261;199;172;161;Vuzale;x
2262;167;144;94;Bone Pit;x
2263;161;103;92;Darkwood;x
2264;129;86;60;Voldunai;x
2265;111;96;94;Shatterstone;x
2266;221;190;92;Atulaman;x
2267;135;190;92;Whistlebloom;x
2268;229;159;92;Zemlan;x
2269;208;99;92;Zulahjin;x
2270;208;156;43;Susgu;x
2271;208;86;43;Redrock_2;x
2272;167;126;94;Slisetriss;x
2273;221;190;124;Scalefang;x
2274;167;96;94;Bonetrail;x
2275;88;75;73;Thok;x
2276;154;75;0;Rorkaen;x
2277;154;75;73;Geltozan;x
2278;77;146;118;Turtle Rock;x
2279;81;46;8;Ominous Island;x
2280;133;114;124;Verdant Wilds;x
2281;79;32;19;Darkspear;x
2282;180;73;44;Shendo;x
2283;135;39;124;Paradise Islands;x
2284;111;122;111;Rotting Mire;x
2285;74;126;184;Bay of Kings;x
2286;14;14;14;PLACEHOLDER2286;x
2287;117;121;152;South Sea #76;x
2288;69;121;152;South Sea #77;x
2289;30;128;161;South Sea #78;x
2290;120;221;204;Blood Coast;x
2291;74;126;139;Kingsmouth River;x
2292;129;189;223;Shattered River;x
2293;74;126;223;Shattered River #2;x
2294;120;126;204;Shattered River #3;x
2295;41;126;139;Lake #57;x
2296;76;156;120;Lake #58;x
2297;69;126;159;Lake #59;x
2298;148;107;105;Molten Cay;x
